ISO-10303-21;
HEADER;
/* Generated by software containing ST-Developer
 * from STEP Tools, Inc. (www.steptools.com) 
 */
/* OPTION: using custom renumber hook */

FILE_DESCRIPTION(
/* description */ ('STEP AP242 Edition 2',
'CAx-IF Rec.Pracs.---Representation and Presentation of Product Manufa
cturing Information (PMI)---4.0---2014-10-13',
'CAx-IF Rec.Pracs.---3D Tessellated Geometry---0.4---2014-09-14','2;1',
'CAx-IF Rec.Pracs.---User Defined Attributes---1.5---2016-08-15'),
/* implementation_level */ '2;1');

FILE_NAME(
/* name */ 'VeryCool',
/* time_stamp */ '2026-07-22T04:46:51Z',
/* author */ (''),
/* organization */ (''),
/* preprocessor_version */ 'ST-DEVELOPER v20',
/* originating_system */ 'ONSHAPE BY PTC INC, 1.218',
/* authorisation */ '  ');

FILE_SCHEMA (('AP242_MANAGED_MODEL_BASED_3D_ENGINEERING_MIM_LF { 1 0 10303 442 3 1 4 }'));
ENDSEC;

DATA;
#10=DRAUGHTING_PRE_DEFINED_COLOUR('black');
#11=B_SPLINE_SURFACE_WITH_KNOTS('',3,1,((#9274,#9275),(#9276,#9277),(#9278,
#9279),(#9280,#9281)),.SURF_OF_LINEAR_EXTRUSION.,.F.,.F.,.F.,(4,4),(2,2),
(0.,1.),(0.,1.),.PIECEWISE_BEZIER_KNOTS.);
#12=B_SPLINE_SURFACE_WITH_KNOTS('',3,1,((#9300,#9301),(#9302,#9303),(#9304,
#9305),(#9306,#9307)),.SURF_OF_LINEAR_EXTRUSION.,.F.,.F.,.F.,(4,4),(2,2),
(0.,1.),(0.,1.),.PIECEWISE_BEZIER_KNOTS.);
#13=B_SPLINE_SURFACE_WITH_KNOTS('',3,1,((#9317,#9318),(#9319,#9320),(#9321,
#9322),(#9323,#9324)),.SURF_OF_LINEAR_EXTRUSION.,.F.,.F.,.F.,(4,4),(2,2),
(0.,1.),(0.,1.),.PIECEWISE_BEZIER_KNOTS.);
#14=B_SPLINE_SURFACE_WITH_KNOTS('',3,1,((#9346,#9347),(#9348,#9349),(#9350,
#9351),(#9352,#9353)),.SURF_OF_LINEAR_EXTRUSION.,.F.,.F.,.F.,(4,4),(2,2),
(0.,1.),(0.,1.),.PIECEWISE_BEZIER_KNOTS.);
#15=B_SPLINE_SURFACE_WITH_KNOTS('',3,1,((#9363,#9364),(#9365,#9366),(#9367,
#9368),(#9369,#9370)),.SURF_OF_LINEAR_EXTRUSION.,.F.,.F.,.F.,(4,4),(2,2),
(0.,1.),(0.,1.),.PIECEWISE_BEZIER_KNOTS.);
#16=B_SPLINE_SURFACE_WITH_KNOTS('',3,1,((#9386,#9387),(#9388,#9389),(#9390,
#9391),(#9392,#9393)),.SURF_OF_LINEAR_EXTRUSION.,.F.,.F.,.F.,(4,4),(2,2),
(0.,1.),(0.,1.),.PIECEWISE_BEZIER_KNOTS.);
#17=B_SPLINE_SURFACE_WITH_KNOTS('',3,1,((#9403,#9404),(#9405,#9406),(#9407,
#9408),(#9409,#9410)),.SURF_OF_LINEAR_EXTRUSION.,.F.,.F.,.F.,(4,4),(2,2),
(0.,1.),(0.,1.),.PIECEWISE_BEZIER_KNOTS.);
#18=B_SPLINE_SURFACE_WITH_KNOTS('',3,1,((#9432,#9433),(#9434,#9435),(#9436,
#9437),(#9438,#9439)),.SURF_OF_LINEAR_EXTRUSION.,.F.,.F.,.F.,(4,4),(2,2),
(0.,1.),(0.,1.),.PIECEWISE_BEZIER_KNOTS.);
#19=B_SPLINE_SURFACE_WITH_KNOTS('',3,1,((#9518,#9519),(#9520,#9521),(#9522,
#9523),(#9524,#9525)),.SURF_OF_LINEAR_EXTRUSION.,.F.,.F.,.F.,(4,4),(2,2),
(0.,1.),(0.,1.),.PIECEWISE_BEZIER_KNOTS.);
#20=B_SPLINE_SURFACE_WITH_KNOTS('',3,1,((#9535,#9536),(#9537,#9538),(#9539,
#9540),(#9541,#9542)),.SURF_OF_LINEAR_EXTRUSION.,.F.,.F.,.F.,(4,4),(2,2),
(0.,1.),(0.,1.),.PIECEWISE_BEZIER_KNOTS.);
#21=B_SPLINE_SURFACE_WITH_KNOTS('',3,1,((#9558,#9559),(#9560,#9561),(#9562,
#9563),(#9564,#9565)),.SURF_OF_LINEAR_EXTRUSION.,.F.,.F.,.F.,(4,4),(2,2),
(0.,1.),(0.,1.),.PIECEWISE_BEZIER_KNOTS.);
#22=B_SPLINE_SURFACE_WITH_KNOTS('',3,1,((#9575,#9576),(#9577,#9578),(#9579,
#9580),(#9581,#9582)),.SURF_OF_LINEAR_EXTRUSION.,.F.,.F.,.F.,(4,4),(2,2),
(0.,1.),(0.,1.),.PIECEWISE_BEZIER_KNOTS.);
#23=B_SPLINE_SURFACE_WITH_KNOTS('',3,1,((#9592,#9593),(#9594,#9595),(#9596,
#9597),(#9598,#9599)),.SURF_OF_LINEAR_EXTRUSION.,.F.,.F.,.F.,(4,4),(2,2),
(0.,1.),(0.,1.),.PIECEWISE_BEZIER_KNOTS.);
#24=B_SPLINE_SURFACE_WITH_KNOTS('',3,1,((#9654,#9655),(#9656,#9657),(#9658,
#9659),(#9660,#9661)),.SURF_OF_LINEAR_EXTRUSION.,.F.,.F.,.F.,(4,4),(2,2),
(0.,1.),(0.,1.),.PIECEWISE_BEZIER_KNOTS.);
#25=B_SPLINE_SURFACE_WITH_KNOTS('',3,1,((#9671,#9672),(#9673,#9674),(#9675,
#9676),(#9677,#9678)),.SURF_OF_LINEAR_EXTRUSION.,.F.,.F.,.F.,(4,4),(2,2),
(0.,1.),(0.,1.),.PIECEWISE_BEZIER_KNOTS.);
#26=B_SPLINE_SURFACE_WITH_KNOTS('',3,1,((#9694,#9695),(#9696,#9697),(#9698,
#9699),(#9700,#9701)),.SURF_OF_LINEAR_EXTRUSION.,.F.,.F.,.F.,(4,4),(2,2),
(0.,1.),(0.,1.),.PIECEWISE_BEZIER_KNOTS.);
#27=B_SPLINE_SURFACE_WITH_KNOTS('',3,1,((#9858,#9859),(#9860,#9861),(#9862,
#9863),(#9864,#9865)),.SURF_OF_LINEAR_EXTRUSION.,.F.,.F.,.F.,(4,4),(2,2),
(0.,1.),(0.,1.),.PIECEWISE_BEZIER_KNOTS.);
#28=B_SPLINE_SURFACE_WITH_KNOTS('',3,1,((#9875,#9876),(#9877,#9878),(#9879,
#9880),(#9881,#9882)),.SURF_OF_LINEAR_EXTRUSION.,.F.,.F.,.F.,(4,4),(2,2),
(0.,1.),(0.,1.),.PIECEWISE_BEZIER_KNOTS.);
#29=B_SPLINE_SURFACE_WITH_KNOTS('',3,1,((#9892,#9893),(#9894,#9895),(#9896,
#9897),(#9898,#9899)),.SURF_OF_LINEAR_EXTRUSION.,.F.,.F.,.F.,(4,4),(2,2),
(0.,1.),(0.,1.),.PIECEWISE_BEZIER_KNOTS.);
#30=B_SPLINE_SURFACE_WITH_KNOTS('',3,1,((#9909,#9910),(#9911,#9912),(#9913,
#9914),(#9915,#9916)),.SURF_OF_LINEAR_EXTRUSION.,.F.,.F.,.F.,(4,4),(2,2),
(0.,1.),(0.,1.),.PIECEWISE_BEZIER_KNOTS.);
#31=B_SPLINE_SURFACE_WITH_KNOTS('',3,1,((#9995,#9996),(#9997,#9998),(#9999,
#10000),(#10001,#10002)),.SURF_OF_LINEAR_EXTRUSION.,.F.,.F.,.F.,(4,4),(2,
2),(0.,1.),(0.,1.),.PIECEWISE_BEZIER_KNOTS.);
#32=B_SPLINE_SURFACE_WITH_KNOTS('',3,1,((#10012,#10013),(#10014,#10015),
(#10016,#10017),(#10018,#10019)),.SURF_OF_LINEAR_EXTRUSION.,.F.,.F.,.F.,
(4,4),(2,2),(0.,1.),(0.,1.),.PIECEWISE_BEZIER_KNOTS.);
#33=B_SPLINE_SURFACE_WITH_KNOTS('',3,1,((#10029,#10030),(#10031,#10032),
(#10033,#10034),(#10035,#10036)),.SURF_OF_LINEAR_EXTRUSION.,.F.,.F.,.F.,
(4,4),(2,2),(0.,1.),(0.,1.),.PIECEWISE_BEZIER_KNOTS.);
#34=B_SPLINE_SURFACE_WITH_KNOTS('',3,1,((#10043,#10044),(#10045,#10046),
(#10047,#10048),(#10049,#10050)),.SURF_OF_LINEAR_EXTRUSION.,.F.,.F.,.F.,
(4,4),(2,2),(0.,1.),(0.,1.),.PIECEWISE_BEZIER_KNOTS.);
#35=SHAPE_REPRESENTATION_RELATIONSHIP('','',#6658,#47);
#36=SHAPE_REPRESENTATION_RELATIONSHIP('','',#6659,#48);
#37=SHAPE_REPRESENTATION_RELATIONSHIP('','',#6660,#49);
#38=SHAPE_REPRESENTATION_RELATIONSHIP('','',#6661,#50);
#39=SHAPE_REPRESENTATION_RELATIONSHIP('','',#6662,#51);
#40=SHAPE_REPRESENTATION_RELATIONSHIP('','',#6663,#52);
#41=SHAPE_REPRESENTATION_RELATIONSHIP('','',#6664,#53);
#42=SHAPE_REPRESENTATION_RELATIONSHIP('','',#6665,#54);
#43=SHAPE_REPRESENTATION_RELATIONSHIP('','',#6666,#55);
#44=SHAPE_REPRESENTATION_RELATIONSHIP('','',#6667,#56);
#45=SHAPE_REPRESENTATION_RELATIONSHIP('','',#6668,#57);
#46=SHAPE_REPRESENTATION_RELATIONSHIP('','',#6669,#58);
#47=ADVANCED_BREP_SHAPE_REPRESENTATION('',(#6634),#11000);
#48=ADVANCED_BREP_SHAPE_REPRESENTATION('',(#6635),#11001);
#49=ADVANCED_BREP_SHAPE_REPRESENTATION('',(#6636),#11002);
#50=ADVANCED_BREP_SHAPE_REPRESENTATION('',(#6637),#11003);
#51=ADVANCED_BREP_SHAPE_REPRESENTATION('',(#6638),#11004);
#52=ADVANCED_BREP_SHAPE_REPRESENTATION('',(#6639),#11005);
#53=ADVANCED_BREP_SHAPE_REPRESENTATION('',(#6640),#11006);
#54=ADVANCED_BREP_SHAPE_REPRESENTATION('',(#6641),#11007);
#55=ADVANCED_BREP_SHAPE_REPRESENTATION('',(#6642),#11008);
#56=ADVANCED_BREP_SHAPE_REPRESENTATION('',(#6643),#11009);
#57=ADVANCED_BREP_SHAPE_REPRESENTATION('',(#6644),#11010);
#58=ADVANCED_BREP_SHAPE_REPRESENTATION('',(#6645),#11011);
#59=SPHERICAL_SURFACE('',#6756,5.);
#60=SPHERICAL_SURFACE('',#6757,5.);
#61=SPHERICAL_SURFACE('',#6758,5.);
#62=SPHERICAL_SURFACE('',#6759,5.);
#63=CIRCLE('',#6712,1.8);
#64=CIRCLE('',#6713,1.8);
#65=CIRCLE('',#6715,1.8);
#66=CIRCLE('',#6716,1.8);
#67=CIRCLE('',#6718,1.8);
#68=CIRCLE('',#6719,1.8);
#69=CIRCLE('',#6721,1.8);
#70=CIRCLE('',#6722,1.8);
#71=CIRCLE('',#6724,4.);
#72=CIRCLE('',#6725,4.);
#73=CIRCLE('',#6727,5.);
#74=CIRCLE('',#6728,5.);
#75=CIRCLE('',#6729,5.);
#76=CIRCLE('',#6730,5.);
#77=CIRCLE('',#6732,4.27083130081253);
#78=CIRCLE('',#6733,4.27083130081253);
#79=CIRCLE('',#6734,4.27083130081253);
#80=CIRCLE('',#6735,4.27083130081253);
#81=CIRCLE('',#6736,5.);
#82=CIRCLE('',#6737,5.);
#83=CIRCLE('',#6738,5.);
#84=CIRCLE('',#6739,5.);
#85=CIRCLE('',#6741,5.);
#86=CIRCLE('',#6742,5.);
#87=CIRCLE('',#6744,5.);
#88=CIRCLE('',#6745,5.);
#89=CIRCLE('',#6747,5.);
#90=CIRCLE('',#6748,5.);
#91=CIRCLE('',#6750,5.);
#92=CIRCLE('',#6751,5.);
#93=CIRCLE('',#6896,1.8);
#94=CIRCLE('',#6897,1.8);
#95=CIRCLE('',#6899,1.8);
#96=CIRCLE('',#6900,1.8);
#97=CIRCLE('',#6902,1.8);
#98=CIRCLE('',#6903,1.8);
#99=CIRCLE('',#6905,1.8);
#100=CIRCLE('',#6906,1.8);
#101=CIRCLE('',#6909,5.);
#102=CIRCLE('',#6910,5.);
#103=CIRCLE('',#6911,5.);
#104=CIRCLE('',#6912,5.);
#105=CIRCLE('',#6918,5.);
#106=CIRCLE('',#6919,5.);
#107=CIRCLE('',#6920,5.);
#108=CIRCLE('',#6921,5.);
#109=CIRCLE('',#6937,1.6);
#110=CIRCLE('',#6938,0.4);
#111=CIRCLE('',#6939,0.4);
#112=CIRCLE('',#6940,0.4);
#113=CIRCLE('',#6941,0.4);
#114=CIRCLE('',#6942,0.85);
#115=CIRCLE('',#6943,0.75);
#116=CIRCLE('',#6944,2.);
#117=CIRCLE('',#6945,0.4);
#118=CIRCLE('',#6946,0.85);
#119=CIRCLE('',#6947,0.75);
#120=CIRCLE('',#6948,0.85);
#121=CIRCLE('',#6949,0.75);
#122=CIRCLE('',#6950,0.4);
#123=CIRCLE('',#6951,0.4);
#124=CIRCLE('',#6952,0.5);
#125=CIRCLE('',#6953,0.5);
#126=CIRCLE('',#6954,0.5);
#127=CIRCLE('',#6955,0.5);
#128=CIRCLE('',#6956,0.5);
#129=CIRCLE('',#6957,0.5);
#130=CIRCLE('',#6958,0.5);
#131=CIRCLE('',#6959,0.5);
#132=CIRCLE('',#6960,0.5);
#133=CIRCLE('',#6961,0.5);
#134=CIRCLE('',#6962,0.5);
#135=CIRCLE('',#6963,0.5);
#136=CIRCLE('',#6964,0.5);
#137=CIRCLE('',#6965,0.5);
#138=CIRCLE('',#6966,1.6);
#139=CIRCLE('',#6967,0.4);
#140=CIRCLE('',#6968,0.4);
#141=CIRCLE('',#6969,2.);
#142=CIRCLE('',#6970,0.85);
#143=CIRCLE('',#6971,0.75);
#144=CIRCLE('',#6972,0.85);
#145=CIRCLE('',#6973,0.4);
#146=CIRCLE('',#6974,0.4);
#147=CIRCLE('',#6975,2.);
#148=CIRCLE('',#6976,0.75);
#149=CIRCLE('',#6977,0.75);
#150=CIRCLE('',#6978,0.85);
#151=CIRCLE('',#6979,0.4);
#152=CIRCLE('',#6980,0.85);
#153=CIRCLE('',#6981,0.75);
#154=CIRCLE('',#6982,2.);
#155=CIRCLE('',#6983,0.4);
#156=CIRCLE('',#6984,0.85);
#157=CIRCLE('',#6985,2.);
#158=CIRCLE('',#6986,0.85);
#159=CIRCLE('',#6987,0.75);
#160=CIRCLE('',#6988,0.85);
#161=CIRCLE('',#6989,0.75);
#162=CIRCLE('',#6990,0.4);
#163=CIRCLE('',#6991,0.85);
#164=CIRCLE('',#6992,0.4);
#165=CIRCLE('',#6993,0.85);
#166=CIRCLE('',#6994,0.75);
#167=CIRCLE('',#6995,1.6);
#168=CIRCLE('',#6996,0.75);
#169=CIRCLE('',#6997,0.75);
#170=CIRCLE('',#6998,2.);
#171=CIRCLE('',#6999,0.75);
#172=CIRCLE('',#7000,0.85);
#173=CIRCLE('',#7001,0.85);
#174=CIRCLE('',#7002,0.75);
#175=CIRCLE('',#7003,0.4);
#176=CIRCLE('',#7004,2.);
#177=CIRCLE('',#7005,0.85);
#178=CIRCLE('',#7006,0.4);
#179=CIRCLE('',#7007,0.85);
#180=CIRCLE('',#7008,2.);
#181=CIRCLE('',#7009,0.85);
#182=CIRCLE('',#7010,0.75);
#183=CIRCLE('',#7011,0.4);
#184=CIRCLE('',#7012,2.);
#185=CIRCLE('',#7013,0.85);
#186=CIRCLE('',#7014,0.75);
#187=CIRCLE('',#7015,0.75);
#188=CIRCLE('',#7016,0.5);
#189=CIRCLE('',#7017,0.5);
#190=CIRCLE('',#7018,0.5);
#191=CIRCLE('',#7019,0.5);
#192=CIRCLE('',#7020,0.5);
#193=CIRCLE('',#7021,0.5);
#194=CIRCLE('',#7022,0.5);
#195=CIRCLE('',#7023,0.75);
#196=CIRCLE('',#7024,0.75);
#197=CIRCLE('',#7025,0.75);
#198=CIRCLE('',#7026,0.75);
#199=CIRCLE('',#7027,0.75);
#200=CIRCLE('',#7028,0.5);
#201=CIRCLE('',#7029,0.5);
#202=CIRCLE('',#7030,1.6);
#203=CIRCLE('',#7032,1.6);
#204=CIRCLE('',#7033,0.4);
#205=CIRCLE('',#7034,0.4);
#206=CIRCLE('',#7035,0.4);
#207=CIRCLE('',#7036,0.4);
#208=CIRCLE('',#7037,0.85);
#209=CIRCLE('',#7038,0.75);
#210=CIRCLE('',#7039,2.);
#211=CIRCLE('',#7040,0.4);
#212=CIRCLE('',#7041,0.85);
#213=CIRCLE('',#7042,0.75);
#214=CIRCLE('',#7043,0.85);
#215=CIRCLE('',#7044,0.75);
#216=CIRCLE('',#7045,0.4);
#217=CIRCLE('',#7046,0.4);
#218=CIRCLE('',#7047,0.5);
#219=CIRCLE('',#7048,0.5);
#220=CIRCLE('',#7049,0.5);
#221=CIRCLE('',#7050,0.5);
#222=CIRCLE('',#7051,0.5);
#223=CIRCLE('',#7052,0.5);
#224=CIRCLE('',#7053,0.5);
#225=CIRCLE('',#7054,0.5);
#226=CIRCLE('',#7055,0.5);
#227=CIRCLE('',#7056,0.5);
#228=CIRCLE('',#7057,0.5);
#229=CIRCLE('',#7058,0.5);
#230=CIRCLE('',#7059,0.5);
#231=CIRCLE('',#7060,0.5);
#232=CIRCLE('',#7061,1.6);
#233=CIRCLE('',#7062,0.4);
#234=CIRCLE('',#7063,0.4);
#235=CIRCLE('',#7064,2.);
#236=CIRCLE('',#7065,0.85);
#237=CIRCLE('',#7066,0.75);
#238=CIRCLE('',#7067,0.85);
#239=CIRCLE('',#7068,0.4);
#240=CIRCLE('',#7069,0.4);
#241=CIRCLE('',#7070,2.);
#242=CIRCLE('',#7071,0.75);
#243=CIRCLE('',#7072,0.75);
#244=CIRCLE('',#7073,0.85);
#245=CIRCLE('',#7074,0.4);
#246=CIRCLE('',#7075,0.85);
#247=CIRCLE('',#7076,0.75);
#248=CIRCLE('',#7077,2.);
#249=CIRCLE('',#7078,0.4);
#250=CIRCLE('',#7079,0.85);
#251=CIRCLE('',#7080,2.);
#252=CIRCLE('',#7081,0.85);
#253=CIRCLE('',#7082,0.75);
#254=CIRCLE('',#7083,0.85);
#255=CIRCLE('',#7084,0.75);
#256=CIRCLE('',#7085,0.4);
#257=CIRCLE('',#7086,0.85);
#258=CIRCLE('',#7087,0.4);
#259=CIRCLE('',#7088,0.85);
#260=CIRCLE('',#7089,0.75);
#261=CIRCLE('',#7090,1.6);
#262=CIRCLE('',#7091,0.75);
#263=CIRCLE('',#7092,0.75);
#264=CIRCLE('',#7093,2.);
#265=CIRCLE('',#7094,0.75);
#266=CIRCLE('',#7095,0.85);
#267=CIRCLE('',#7096,0.85);
#268=CIRCLE('',#7097,0.75);
#269=CIRCLE('',#7098,0.4);
#270=CIRCLE('',#7099,2.);
#271=CIRCLE('',#7100,0.85);
#272=CIRCLE('',#7101,0.4);
#273=CIRCLE('',#7102,0.85);
#274=CIRCLE('',#7103,2.);
#275=CIRCLE('',#7104,0.85);
#276=CIRCLE('',#7105,0.75);
#277=CIRCLE('',#7106,0.4);
#278=CIRCLE('',#7107,2.);
#279=CIRCLE('',#7108,0.85);
#280=CIRCLE('',#7109,0.75);
#281=CIRCLE('',#7110,0.75);
#282=CIRCLE('',#7111,0.5);
#283=CIRCLE('',#7112,0.5);
#284=CIRCLE('',#7113,0.5);
#285=CIRCLE('',#7114,0.5);
#286=CIRCLE('',#7115,0.5);
#287=CIRCLE('',#7116,0.5);
#288=CIRCLE('',#7117,0.5);
#289=CIRCLE('',#7118,0.75);
#290=CIRCLE('',#7119,0.75);
#291=CIRCLE('',#7120,0.75);
#292=CIRCLE('',#7121,0.75);
#293=CIRCLE('',#7122,0.75);
#294=CIRCLE('',#7123,0.5);
#295=CIRCLE('',#7124,0.5);
#296=CIRCLE('',#7125,1.6);
#297=B_SPLINE_CURVE_WITH_KNOTS('',3,(#9131,#9132,#9133,#9134,#9135),
 .UNSPECIFIED.,.F.,.F.,(4,1,4),(0.,0.00140825419676598,0.00281650839353195),
 .UNSPECIFIED.);
#298=B_SPLINE_CURVE_WITH_KNOTS('',3,(#9138,#9139,#9140,#9141),
 .UNSPECIFIED.,.F.,.F.,(4,4),(0.,0.00070282317512025),.UNSPECIFIED.);
#299=B_SPLINE_CURVE_WITH_KNOTS('',3,(#9143,#9144,#9145,#9146,#9147),
 .UNSPECIFIED.,.F.,.F.,(4,1,4),(0.00035243943106517,0.00175979314053716,
0.00316714685000915),.UNSPECIFIED.);
#300=B_SPLINE_CURVE_WITH_KNOTS('',3,(#9153,#9154,#9155,#9156,#9157),
 .UNSPECIFIED.,.F.,.F.,(4,1,4),(0.,0.00140825419676594,0.00281650839353188),
 .UNSPECIFIED.);
#301=B_SPLINE_CURVE_WITH_KNOTS('',3,(#9160,#9161,#9162,#9163),
 .UNSPECIFIED.,.F.,.F.,(4,4),(0.,0.000702823175120182),.UNSPECIFIED.);
#302=B_SPLINE_CURVE_WITH_KNOTS('',3,(#9165,#9166,#9167,#9168,#9169),
 .UNSPECIFIED.,.F.,.F.,(4,1,4),(0.000352439431064973,0.00175979314053714,
0.00316714685000931),.UNSPECIFIED.);
#303=B_SPLINE_CURVE_WITH_KNOTS('',3,(#9175,#9176,#9177,#9178,#9179),
 .UNSPECIFIED.,.F.,.F.,(4,1,4),(0.,0.00140825419676611,0.00281650839353222),
 .UNSPECIFIED.);
#304=B_SPLINE_CURVE_WITH_KNOTS('',3,(#9182,#9183,#9184,#9185),
 .UNSPECIFIED.,.F.,.F.,(4,4),(0.,0.000702823175120159),.UNSPECIFIED.);
#305=B_SPLINE_CURVE_WITH_KNOTS('',3,(#9187,#9188,#9189,#9190,#9191),
 .UNSPECIFIED.,.F.,.F.,(4,1,4),(0.000352439431065327,0.00175979314053744,
0.00316714685000955),.UNSPECIFIED.);
#306=B_SPLINE_CURVE_WITH_KNOTS('',3,(#9197,#9198,#9199,#9200,#9201),
 .UNSPECIFIED.,.F.,.F.,(4,1,4),(0.,0.00140825419676595,0.00281650839353191),
 .UNSPECIFIED.);
#307=B_SPLINE_CURVE_WITH_KNOTS('',3,(#9204,#9205,#9206,#9207),
 .UNSPECIFIED.,.F.,.F.,(4,4),(0.,0.000702823175120089),.UNSPECIFIED.);
#308=B_SPLINE_CURVE_WITH_KNOTS('',3,(#9209,#9210,#9211,#9212,#9213),
 .UNSPECIFIED.,.F.,.F.,(4,1,4),(0.000352439431065166,0.00175979314053725,
0.00316714685000934),.UNSPECIFIED.);
#309=B_SPLINE_CURVE_WITH_KNOTS('',2,(#9282,#9283,#9284),.UNSPECIFIED.,.F.,
 .F.,(3,3),(0.,1.),.PIECEWISE_BEZIER_KNOTS.);
#310=B_SPLINE_CURVE_WITH_KNOTS('',2,(#9289,#9290,#9291),.UNSPECIFIED.,.F.,
 .F.,(3,3),(0.,1.),.PIECEWISE_BEZIER_KNOTS.);
#311=B_SPLINE_CURVE_WITH_KNOTS('',2,(#9308,#9309,#9310),.UNSPECIFIED.,.F.,
 .F.,(3,3),(0.,1.),.PIECEWISE_BEZIER_KNOTS.);
#312=B_SPLINE_CURVE_WITH_KNOTS('',2,(#9314,#9315,#9316),.UNSPECIFIED.,.F.,
 .F.,(3,3),(0.,1.),.PIECEWISE_BEZIER_KNOTS.);
#313=B_SPLINE_CURVE_WITH_KNOTS('',2,(#9325,#9326,#9327),.UNSPECIFIED.,.F.,
 .F.,(3,3),(0.,1.),.PIECEWISE_BEZIER_KNOTS.);
#314=B_SPLINE_CURVE_WITH_KNOTS('',2,(#9331,#9332,#9333),.UNSPECIFIED.,.F.,
 .F.,(3,3),(0.,1.),.PIECEWISE_BEZIER_KNOTS.);
#315=B_SPLINE_CURVE_WITH_KNOTS('',2,(#9354,#9355,#9356),.UNSPECIFIED.,.F.,
 .F.,(3,3),(0.,1.),.PIECEWISE_BEZIER_KNOTS.);
#316=B_SPLINE_CURVE_WITH_KNOTS('',2,(#9360,#9361,#9362),.UNSPECIFIED.,.F.,
 .F.,(3,3),(0.,1.),.PIECEWISE_BEZIER_KNOTS.);
#317=B_SPLINE_CURVE_WITH_KNOTS('',2,(#9371,#9372,#9373),.UNSPECIFIED.,.F.,
 .F.,(3,3),(0.,1.),.PIECEWISE_BEZIER_KNOTS.);
#318=B_SPLINE_CURVE_WITH_KNOTS('',2,(#9377,#9378,#9379),.UNSPECIFIED.,.F.,
 .F.,(3,3),(0.,1.),.PIECEWISE_BEZIER_KNOTS.);
#319=B_SPLINE_CURVE_WITH_KNOTS('',2,(#9394,#9395,#9396),.UNSPECIFIED.,.F.,
 .F.,(3,3),(0.,1.),.PIECEWISE_BEZIER_KNOTS.);
#320=B_SPLINE_CURVE_WITH_KNOTS('',2,(#9400,#9401,#9402),.UNSPECIFIED.,.F.,
 .F.,(3,3),(0.,1.),.PIECEWISE_BEZIER_KNOTS.);
#321=B_SPLINE_CURVE_WITH_KNOTS('',2,(#9411,#9412,#9413),.UNSPECIFIED.,.F.,
 .F.,(3,3),(0.,1.),.PIECEWISE_BEZIER_KNOTS.);
#322=B_SPLINE_CURVE_WITH_KNOTS('',2,(#9417,#9418,#9419),.UNSPECIFIED.,.F.,
 .F.,(3,3),(0.,1.),.PIECEWISE_BEZIER_KNOTS.);
#323=B_SPLINE_CURVE_WITH_KNOTS('',2,(#9440,#9441,#9442),.UNSPECIFIED.,.F.,
 .F.,(3,3),(0.,1.),.PIECEWISE_BEZIER_KNOTS.);
#324=B_SPLINE_CURVE_WITH_KNOTS('',2,(#9443,#9444,#9445),.UNSPECIFIED.,.F.,
 .F.,(3,3),(0.,1.),.PIECEWISE_BEZIER_KNOTS.);
#325=B_SPLINE_CURVE_WITH_KNOTS('',2,(#9526,#9527,#9528),.UNSPECIFIED.,.F.,
 .F.,(3,3),(0.,1.),.PIECEWISE_BEZIER_KNOTS.);
#326=B_SPLINE_CURVE_WITH_KNOTS('',2,(#9532,#9533,#9534),.UNSPECIFIED.,.F.,
 .F.,(3,3),(0.,1.),.PIECEWISE_BEZIER_KNOTS.);
#327=B_SPLINE_CURVE_WITH_KNOTS('',2,(#9543,#9544,#9545),.UNSPECIFIED.,.F.,
 .F.,(3,3),(0.,1.),.PIECEWISE_BEZIER_KNOTS.);
#328=B_SPLINE_CURVE_WITH_KNOTS('',2,(#9549,#9550,#9551),.UNSPECIFIED.,.F.,
 .F.,(3,3),(0.,1.),.PIECEWISE_BEZIER_KNOTS.);
#329=B_SPLINE_CURVE_WITH_KNOTS('',2,(#9566,#9567,#9568),.UNSPECIFIED.,.F.,
 .F.,(3,3),(0.,1.),.PIECEWISE_BEZIER_KNOTS.);
#330=B_SPLINE_CURVE_WITH_KNOTS('',2,(#9572,#9573,#9574),.UNSPECIFIED.,.F.,
 .F.,(3,3),(0.,1.),.PIECEWISE_BEZIER_KNOTS.);
#331=B_SPLINE_CURVE_WITH_KNOTS('',2,(#9583,#9584,#9585),.UNSPECIFIED.,.F.,
 .F.,(3,3),(0.,1.),.PIECEWISE_BEZIER_KNOTS.);
#332=B_SPLINE_CURVE_WITH_KNOTS('',2,(#9589,#9590,#9591),.UNSPECIFIED.,.F.,
 .F.,(3,3),(0.,1.),.PIECEWISE_BEZIER_KNOTS.);
#333=B_SPLINE_CURVE_WITH_KNOTS('',2,(#9600,#9601,#9602),.UNSPECIFIED.,.F.,
 .F.,(3,3),(0.,1.),.PIECEWISE_BEZIER_KNOTS.);
#334=B_SPLINE_CURVE_WITH_KNOTS('',2,(#9607,#9608,#9609),.UNSPECIFIED.,.F.,
 .F.,(3,3),(0.,1.),.PIECEWISE_BEZIER_KNOTS.);
#335=B_SPLINE_CURVE_WITH_KNOTS('',2,(#9662,#9663,#9664),.UNSPECIFIED.,.F.,
 .F.,(3,3),(0.,1.),.PIECEWISE_BEZIER_KNOTS.);
#336=B_SPLINE_CURVE_WITH_KNOTS('',2,(#9668,#9669,#9670),.UNSPECIFIED.,.F.,
 .F.,(3,3),(0.,1.),.PIECEWISE_BEZIER_KNOTS.);
#337=B_SPLINE_CURVE_WITH_KNOTS('',2,(#9679,#9680,#9681),.UNSPECIFIED.,.F.,
 .F.,(3,3),(0.,1.),.PIECEWISE_BEZIER_KNOTS.);
#338=B_SPLINE_CURVE_WITH_KNOTS('',2,(#9685,#9686,#9687),.UNSPECIFIED.,.F.,
 .F.,(3,3),(0.,1.),.PIECEWISE_BEZIER_KNOTS.);
#339=B_SPLINE_CURVE_WITH_KNOTS('',2,(#9702,#9703,#9704),.UNSPECIFIED.,.F.,
 .F.,(3,3),(0.,1.),.PIECEWISE_BEZIER_KNOTS.);
#340=B_SPLINE_CURVE_WITH_KNOTS('',2,(#9705,#9706,#9707),.UNSPECIFIED.,.F.,
 .F.,(3,3),(0.,1.),.PIECEWISE_BEZIER_KNOTS.);
#341=B_SPLINE_CURVE_WITH_KNOTS('',2,(#9866,#9867,#9868),.UNSPECIFIED.,.F.,
 .F.,(3,3),(0.,1.),.PIECEWISE_BEZIER_KNOTS.);
#342=B_SPLINE_CURVE_WITH_KNOTS('',2,(#9872,#9873,#9874),.UNSPECIFIED.,.F.,
 .F.,(3,3),(0.,1.),.PIECEWISE_BEZIER_KNOTS.);
#343=B_SPLINE_CURVE_WITH_KNOTS('',2,(#9883,#9884,#9885),.UNSPECIFIED.,.F.,
 .F.,(3,3),(0.,1.),.PIECEWISE_BEZIER_KNOTS.);
#344=B_SPLINE_CURVE_WITH_KNOTS('',2,(#9889,#9890,#9891),.UNSPECIFIED.,.F.,
 .F.,(3,3),(0.,1.),.PIECEWISE_BEZIER_KNOTS.);
#345=B_SPLINE_CURVE_WITH_KNOTS('',2,(#9900,#9901,#9902),.UNSPECIFIED.,.F.,
 .F.,(3,3),(0.,1.),.PIECEWISE_BEZIER_KNOTS.);
#346=B_SPLINE_CURVE_WITH_KNOTS('',2,(#9906,#9907,#9908),.UNSPECIFIED.,.F.,
 .F.,(3,3),(0.,1.),.PIECEWISE_BEZIER_KNOTS.);
#347=B_SPLINE_CURVE_WITH_KNOTS('',2,(#9917,#9918,#9919),.UNSPECIFIED.,.F.,
 .F.,(3,3),(0.,1.),.PIECEWISE_BEZIER_KNOTS.);
#348=B_SPLINE_CURVE_WITH_KNOTS('',2,(#9924,#9925,#9926),.UNSPECIFIED.,.F.,
 .F.,(3,3),(0.,1.),.PIECEWISE_BEZIER_KNOTS.);
#349=B_SPLINE_CURVE_WITH_KNOTS('',2,(#10003,#10004,#10005),
 .UNSPECIFIED.,.F.,.F.,(3,3),(0.,1.),.PIECEWISE_BEZIER_KNOTS.);
#350=B_SPLINE_CURVE_WITH_KNOTS('',2,(#10009,#10010,#10011),
 .UNSPECIFIED.,.F.,.F.,(3,3),(0.,1.),.PIECEWISE_BEZIER_KNOTS.);
#351=B_SPLINE_CURVE_WITH_KNOTS('',2,(#10020,#10021,#10022),
 .UNSPECIFIED.,.F.,.F.,(3,3),(0.,1.),.PIECEWISE_BEZIER_KNOTS.);
#352=B_SPLINE_CURVE_WITH_KNOTS('',2,(#10026,#10027,#10028),
 .UNSPECIFIED.,.F.,.F.,(3,3),(0.,1.),.PIECEWISE_BEZIER_KNOTS.);
#353=B_SPLINE_CURVE_WITH_KNOTS('',2,(#10037,#10038,#10039),
 .UNSPECIFIED.,.F.,.F.,(3,3),(0.,1.),.PIECEWISE_BEZIER_KNOTS.);
#354=B_SPLINE_CURVE_WITH_KNOTS('',2,(#10040,#10041,#10042),
 .UNSPECIFIED.,.F.,.F.,(3,3),(0.,1.),.PIECEWISE_BEZIER_KNOTS.);
#355=B_SPLINE_CURVE_WITH_KNOTS('',2,(#10051,#10052,#10053),
 .UNSPECIFIED.,.F.,.F.,(3,3),(0.,1.),.PIECEWISE_BEZIER_KNOTS.);
#356=B_SPLINE_CURVE_WITH_KNOTS('',2,(#10054,#10055,#10056),
 .UNSPECIFIED.,.F.,.F.,(3,3),(0.,1.),.PIECEWISE_BEZIER_KNOTS.);
#357=CYLINDRICAL_SURFACE('',#6711,1.8);
#358=CYLINDRICAL_SURFACE('',#6714,1.8);
#359=CYLINDRICAL_SURFACE('',#6717,1.8);
#360=CYLINDRICAL_SURFACE('',#6720,1.8);
#361=CYLINDRICAL_SURFACE('',#6723,4.);
#362=CYLINDRICAL_SURFACE('',#6740,5.);
#363=CYLINDRICAL_SURFACE('',#6743,5.);
#364=CYLINDRICAL_SURFACE('',#6746,5.);
#365=CYLINDRICAL_SURFACE('',#6749,5.);
#366=CYLINDRICAL_SURFACE('',#6752,5.);
#367=CYLINDRICAL_SURFACE('',#6753,5.);
#368=CYLINDRICAL_SURFACE('',#6754,5.);
#369=CYLINDRICAL_SURFACE('',#6755,5.);
#370=CYLINDRICAL_SURFACE('',#6895,1.8);
#371=CYLINDRICAL_SURFACE('',#6898,1.8);
#372=CYLINDRICAL_SURFACE('',#6901,1.8);
#373=CYLINDRICAL_SURFACE('',#6904,1.8);
#374=CYLINDRICAL_SURFACE('',#6923,5.);
#375=CYLINDRICAL_SURFACE('',#6924,5.);
#376=CYLINDRICAL_SURFACE('',#6925,5.);
#377=CYLINDRICAL_SURFACE('',#6926,5.);
#378=CYLINDRICAL_SURFACE('',#7127,1.6);
#379=CYLINDRICAL_SURFACE('',#7128,0.4);
#380=CYLINDRICAL_SURFACE('',#7129,0.4);
#381=CYLINDRICAL_SURFACE('',#7130,0.4);
#382=CYLINDRICAL_SURFACE('',#7131,0.4);
#383=CYLINDRICAL_SURFACE('',#7132,0.85);
#384=CYLINDRICAL_SURFACE('',#7133,0.75);
#385=CYLINDRICAL_SURFACE('',#7134,2.);
#386=CYLINDRICAL_SURFACE('',#7135,0.4);
#387=CYLINDRICAL_SURFACE('',#7136,0.85);
#388=CYLINDRICAL_SURFACE('',#7137,0.75);
#389=CYLINDRICAL_SURFACE('',#7138,0.85);
#390=CYLINDRICAL_SURFACE('',#7139,0.75);
#391=CYLINDRICAL_SURFACE('',#7140,0.4);
#392=CYLINDRICAL_SURFACE('',#7141,0.4);
#393=CYLINDRICAL_SURFACE('',#7142,0.5);
#394=CYLINDRICAL_SURFACE('',#7143,0.5);
#395=CYLINDRICAL_SURFACE('',#7144,0.5);
#396=CYLINDRICAL_SURFACE('',#7145,0.5);
#397=CYLINDRICAL_SURFACE('',#7146,0.5);
#398=CYLINDRICAL_SURFACE('',#7147,0.5);
#399=CYLINDRICAL_SURFACE('',#7148,0.5);
#400=CYLINDRICAL_SURFACE('',#7149,0.5);
#401=CYLINDRICAL_SURFACE('',#7150,0.5);
#402=CYLINDRICAL_SURFACE('',#7151,0.5);
#403=CYLINDRICAL_SURFACE('',#7152,0.5);
#404=CYLINDRICAL_SURFACE('',#7153,0.5);
#405=CYLINDRICAL_SURFACE('',#7154,0.5);
#406=CYLINDRICAL_SURFACE('',#7155,0.5);
#407=CYLINDRICAL_SURFACE('',#7156,1.6);
#408=CYLINDRICAL_SURFACE('',#7157,0.4);
#409=CYLINDRICAL_SURFACE('',#7158,0.4);
#410=CYLINDRICAL_SURFACE('',#7159,2.);
#411=CYLINDRICAL_SURFACE('',#7160,0.85);
#412=CYLINDRICAL_SURFACE('',#7161,0.75);
#413=CYLINDRICAL_SURFACE('',#7162,0.85);
#414=CYLINDRICAL_SURFACE('',#7163,0.4);
#415=CYLINDRICAL_SURFACE('',#7164,0.4);
#416=CYLINDRICAL_SURFACE('',#7165,2.);
#417=CYLINDRICAL_SURFACE('',#7166,0.75);
#418=CYLINDRICAL_SURFACE('',#7167,0.75);
#419=CYLINDRICAL_SURFACE('',#7168,0.85);
#420=CYLINDRICAL_SURFACE('',#7169,0.4);
#421=CYLINDRICAL_SURFACE('',#7170,0.85);
#422=CYLINDRICAL_SURFACE('',#7171,0.75);
#423=CYLINDRICAL_SURFACE('',#7172,2.);
#424=CYLINDRICAL_SURFACE('',#7173,0.4);
#425=CYLINDRICAL_SURFACE('',#7174,0.85);
#426=CYLINDRICAL_SURFACE('',#7175,2.);
#427=CYLINDRICAL_SURFACE('',#7176,0.85);
#428=CYLINDRICAL_SURFACE('',#7177,0.75);
#429=CYLINDRICAL_SURFACE('',#7178,0.85);
#430=CYLINDRICAL_SURFACE('',#7179,0.75);
#431=CYLINDRICAL_SURFACE('',#7180,0.4);
#432=CYLINDRICAL_SURFACE('',#7181,0.85);
#433=CYLINDRICAL_SURFACE('',#7182,0.4);
#434=CYLINDRICAL_SURFACE('',#7183,0.85);
#435=CYLINDRICAL_SURFACE('',#7184,0.75);
#436=CYLINDRICAL_SURFACE('',#7185,1.6);
#437=CYLINDRICAL_SURFACE('',#7186,0.75);
#438=CYLINDRICAL_SURFACE('',#7187,0.75);
#439=CYLINDRICAL_SURFACE('',#7188,2.);
#440=CYLINDRICAL_SURFACE('',#7189,0.75);
#441=CYLINDRICAL_SURFACE('',#7190,0.85);
#442=CYLINDRICAL_SURFACE('',#7191,0.85);
#443=CYLINDRICAL_SURFACE('',#7192,0.75);
#444=CYLINDRICAL_SURFACE('',#7193,0.4);
#445=CYLINDRICAL_SURFACE('',#7194,2.);
#446=CYLINDRICAL_SURFACE('',#7195,0.85);
#447=CYLINDRICAL_SURFACE('',#7196,0.4);
#448=CYLINDRICAL_SURFACE('',#7197,0.85);
#449=CYLINDRICAL_SURFACE('',#7198,2.);
#450=CYLINDRICAL_SURFACE('',#7199,0.85);
#451=CYLINDRICAL_SURFACE('',#7200,0.75);
#452=CYLINDRICAL_SURFACE('',#7201,0.4);
#453=CYLINDRICAL_SURFACE('',#7202,2.);
#454=CYLINDRICAL_SURFACE('',#7203,0.85);
#455=CYLINDRICAL_SURFACE('',#7204,0.75);
#456=CYLINDRICAL_SURFACE('',#7205,0.75);
#457=CYLINDRICAL_SURFACE('',#7206,0.5);
#458=CYLINDRICAL_SURFACE('',#7207,0.5);
#459=CYLINDRICAL_SURFACE('',#7208,0.5);
#460=CYLINDRICAL_SURFACE('',#7209,0.5);
#461=CYLINDRICAL_SURFACE('',#7210,0.5);
#462=CYLINDRICAL_SURFACE('',#7211,0.5);
#463=CYLINDRICAL_SURFACE('',#7212,0.5);
#464=CYLINDRICAL_SURFACE('',#7213,0.75);
#465=CYLINDRICAL_SURFACE('',#7214,0.75);
#466=CYLINDRICAL_SURFACE('',#7216,0.75);
#467=CYLINDRICAL_SURFACE('',#7218,0.75);
#468=CYLINDRICAL_SURFACE('',#7220,0.75);
#469=CYLINDRICAL_SURFACE('',#7222,0.5);
#470=CYLINDRICAL_SURFACE('',#7223,0.5);
#471=CYLINDRICAL_SURFACE('',#7224,1.6);
#472=ORIENTED_EDGE('',*,*,#2144,.T.);
#473=ORIENTED_EDGE('',*,*,#2145,.T.);
#474=ORIENTED_EDGE('',*,*,#2146,.F.);
#475=ORIENTED_EDGE('',*,*,#2147,.T.);
#476=ORIENTED_EDGE('',*,*,#2148,.T.);
#477=ORIENTED_EDGE('',*,*,#2149,.T.);
#478=ORIENTED_EDGE('',*,*,#2150,.F.);
#479=ORIENTED_EDGE('',*,*,#2151,.T.);
#480=ORIENTED_EDGE('',*,*,#2152,.F.);
#481=ORIENTED_EDGE('',*,*,#2153,.T.);
#482=ORIENTED_EDGE('',*,*,#2154,.T.);
#483=ORIENTED_EDGE('',*,*,#2155,.T.);
#484=ORIENTED_EDGE('',*,*,#2156,.F.);
#485=ORIENTED_EDGE('',*,*,#2157,.F.);
#486=ORIENTED_EDGE('',*,*,#2158,.T.);
#487=ORIENTED_EDGE('',*,*,#2159,.T.);
#488=ORIENTED_EDGE('',*,*,#2160,.T.);
#489=ORIENTED_EDGE('',*,*,#2161,.F.);
#490=ORIENTED_EDGE('',*,*,#2162,.F.);
#491=ORIENTED_EDGE('',*,*,#2157,.T.);
#492=ORIENTED_EDGE('',*,*,#2163,.T.);
#493=ORIENTED_EDGE('',*,*,#2164,.F.);
#494=ORIENTED_EDGE('',*,*,#2165,.F.);
#495=ORIENTED_EDGE('',*,*,#2161,.T.);
#496=ORIENTED_EDGE('',*,*,#2166,.F.);
#497=ORIENTED_EDGE('',*,*,#2167,.F.);
#498=ORIENTED_EDGE('',*,*,#2168,.T.);
#499=ORIENTED_EDGE('',*,*,#2169,.T.);
#500=ORIENTED_EDGE('',*,*,#2170,.T.);
#501=ORIENTED_EDGE('',*,*,#2171,.F.);
#502=ORIENTED_EDGE('',*,*,#2172,.F.);
#503=ORIENTED_EDGE('',*,*,#2167,.T.);
#504=ORIENTED_EDGE('',*,*,#2173,.T.);
#505=ORIENTED_EDGE('',*,*,#2174,.F.);
#506=ORIENTED_EDGE('',*,*,#2175,.F.);
#507=ORIENTED_EDGE('',*,*,#2171,.T.);
#508=ORIENTED_EDGE('',*,*,#2176,.F.);
#509=ORIENTED_EDGE('',*,*,#2177,.F.);
#510=ORIENTED_EDGE('',*,*,#2178,.T.);
#511=ORIENTED_EDGE('',*,*,#2179,.T.);
#512=ORIENTED_EDGE('',*,*,#2180,.T.);
#513=ORIENTED_EDGE('',*,*,#2181,.F.);
#514=ORIENTED_EDGE('',*,*,#2182,.F.);
#515=ORIENTED_EDGE('',*,*,#2177,.T.);
#516=ORIENTED_EDGE('',*,*,#2183,.T.);
#517=ORIENTED_EDGE('',*,*,#2184,.F.);
#518=ORIENTED_EDGE('',*,*,#2185,.F.);
#519=ORIENTED_EDGE('',*,*,#2181,.T.);
#520=ORIENTED_EDGE('',*,*,#2186,.F.);
#521=ORIENTED_EDGE('',*,*,#2187,.F.);
#522=ORIENTED_EDGE('',*,*,#2188,.T.);
#523=ORIENTED_EDGE('',*,*,#2189,.T.);
#524=ORIENTED_EDGE('',*,*,#2190,.T.);
#525=ORIENTED_EDGE('',*,*,#2191,.F.);
#526=ORIENTED_EDGE('',*,*,#2192,.F.);
#527=ORIENTED_EDGE('',*,*,#2187,.T.);
#528=ORIENTED_EDGE('',*,*,#2193,.T.);
#529=ORIENTED_EDGE('',*,*,#2194,.F.);
#530=ORIENTED_EDGE('',*,*,#2195,.F.);
#531=ORIENTED_EDGE('',*,*,#2191,.T.);
#532=ORIENTED_EDGE('',*,*,#2196,.F.);
#533=ORIENTED_EDGE('',*,*,#2197,.F.);
#534=ORIENTED_EDGE('',*,*,#2198,.T.);
#535=ORIENTED_EDGE('',*,*,#2199,.T.);
#536=ORIENTED_EDGE('',*,*,#2200,.T.);
#537=ORIENTED_EDGE('',*,*,#2201,.F.);
#538=ORIENTED_EDGE('',*,*,#2202,.F.);
#539=ORIENTED_EDGE('',*,*,#2197,.T.);
#540=ORIENTED_EDGE('',*,*,#2203,.T.);
#541=ORIENTED_EDGE('',*,*,#2204,.F.);
#542=ORIENTED_EDGE('',*,*,#2205,.F.);
#543=ORIENTED_EDGE('',*,*,#2201,.T.);
#544=ORIENTED_EDGE('',*,*,#2206,.F.);
#545=ORIENTED_EDGE('',*,*,#2207,.F.);
#546=ORIENTED_EDGE('',*,*,#2208,.T.);
#547=ORIENTED_EDGE('',*,*,#2209,.T.);
#548=ORIENTED_EDGE('',*,*,#2210,.T.);
#549=ORIENTED_EDGE('',*,*,#2211,.F.);
#550=ORIENTED_EDGE('',*,*,#2212,.F.);
#551=ORIENTED_EDGE('',*,*,#2207,.T.);
#552=ORIENTED_EDGE('',*,*,#2213,.T.);
#553=ORIENTED_EDGE('',*,*,#2214,.F.);
#554=ORIENTED_EDGE('',*,*,#2215,.F.);
#555=ORIENTED_EDGE('',*,*,#2211,.T.);
#556=ORIENTED_EDGE('',*,*,#2216,.F.);
#557=ORIENTED_EDGE('',*,*,#2217,.F.);
#558=ORIENTED_EDGE('',*,*,#2218,.T.);
#559=ORIENTED_EDGE('',*,*,#2219,.T.);
#560=ORIENTED_EDGE('',*,*,#2220,.T.);
#561=ORIENTED_EDGE('',*,*,#2221,.F.);
#562=ORIENTED_EDGE('',*,*,#2222,.F.);
#563=ORIENTED_EDGE('',*,*,#2217,.T.);
#564=ORIENTED_EDGE('',*,*,#2223,.T.);
#565=ORIENTED_EDGE('',*,*,#2224,.F.);
#566=ORIENTED_EDGE('',*,*,#2225,.F.);
#567=ORIENTED_EDGE('',*,*,#2221,.T.);
#568=ORIENTED_EDGE('',*,*,#2226,.F.);
#569=ORIENTED_EDGE('',*,*,#2227,.F.);
#570=ORIENTED_EDGE('',*,*,#2228,.T.);
#571=ORIENTED_EDGE('',*,*,#2229,.T.);
#572=ORIENTED_EDGE('',*,*,#2230,.T.);
#573=ORIENTED_EDGE('',*,*,#2231,.F.);
#574=ORIENTED_EDGE('',*,*,#2232,.F.);
#575=ORIENTED_EDGE('',*,*,#2227,.T.);
#576=ORIENTED_EDGE('',*,*,#2233,.T.);
#577=ORIENTED_EDGE('',*,*,#2234,.F.);
#578=ORIENTED_EDGE('',*,*,#2235,.F.);
#579=ORIENTED_EDGE('',*,*,#2231,.T.);
#580=ORIENTED_EDGE('',*,*,#2236,.F.);
#581=ORIENTED_EDGE('',*,*,#2237,.F.);
#582=ORIENTED_EDGE('',*,*,#2238,.T.);
#583=ORIENTED_EDGE('',*,*,#2239,.T.);
#584=ORIENTED_EDGE('',*,*,#2240,.T.);
#585=ORIENTED_EDGE('',*,*,#2241,.F.);
#586=ORIENTED_EDGE('',*,*,#2242,.F.);
#587=ORIENTED_EDGE('',*,*,#2237,.T.);
#588=ORIENTED_EDGE('',*,*,#2243,.T.);
#589=ORIENTED_EDGE('',*,*,#2244,.F.);
#590=ORIENTED_EDGE('',*,*,#2245,.F.);
#591=ORIENTED_EDGE('',*,*,#2241,.T.);
#592=ORIENTED_EDGE('',*,*,#2246,.T.);
#593=ORIENTED_EDGE('',*,*,#2247,.T.);
#594=ORIENTED_EDGE('',*,*,#2248,.F.);
#595=ORIENTED_EDGE('',*,*,#2249,.T.);
#596=ORIENTED_EDGE('',*,*,#2250,.F.);
#597=ORIENTED_EDGE('',*,*,#2159,.F.);
#598=ORIENTED_EDGE('',*,*,#2251,.T.);
#599=ORIENTED_EDGE('',*,*,#2164,.T.);
#600=ORIENTED_EDGE('',*,*,#2252,.F.);
#601=ORIENTED_EDGE('',*,*,#2169,.F.);
#602=ORIENTED_EDGE('',*,*,#2253,.T.);
#603=ORIENTED_EDGE('',*,*,#2174,.T.);
#604=ORIENTED_EDGE('',*,*,#2254,.F.);
#605=ORIENTED_EDGE('',*,*,#2179,.F.);
#606=ORIENTED_EDGE('',*,*,#2255,.T.);
#607=ORIENTED_EDGE('',*,*,#2184,.T.);
#608=ORIENTED_EDGE('',*,*,#2256,.F.);
#609=ORIENTED_EDGE('',*,*,#2189,.F.);
#610=ORIENTED_EDGE('',*,*,#2257,.T.);
#611=ORIENTED_EDGE('',*,*,#2194,.T.);
#612=ORIENTED_EDGE('',*,*,#2258,.F.);
#613=ORIENTED_EDGE('',*,*,#2199,.F.);
#614=ORIENTED_EDGE('',*,*,#2259,.T.);
#615=ORIENTED_EDGE('',*,*,#2204,.T.);
#616=ORIENTED_EDGE('',*,*,#2260,.F.);
#617=ORIENTED_EDGE('',*,*,#2209,.F.);
#618=ORIENTED_EDGE('',*,*,#2261,.T.);
#619=ORIENTED_EDGE('',*,*,#2214,.T.);
#620=ORIENTED_EDGE('',*,*,#2262,.F.);
#621=ORIENTED_EDGE('',*,*,#2219,.F.);
#622=ORIENTED_EDGE('',*,*,#2263,.T.);
#623=ORIENTED_EDGE('',*,*,#2224,.T.);
#624=ORIENTED_EDGE('',*,*,#2264,.F.);
#625=ORIENTED_EDGE('',*,*,#2229,.F.);
#626=ORIENTED_EDGE('',*,*,#2265,.T.);
#627=ORIENTED_EDGE('',*,*,#2234,.T.);
#628=ORIENTED_EDGE('',*,*,#2266,.F.);
#629=ORIENTED_EDGE('',*,*,#2239,.F.);
#630=ORIENTED_EDGE('',*,*,#2267,.T.);
#631=ORIENTED_EDGE('',*,*,#2244,.T.);
#632=ORIENTED_EDGE('',*,*,#2268,.T.);
#633=ORIENTED_EDGE('',*,*,#2269,.T.);
#634=ORIENTED_EDGE('',*,*,#2270,.T.);
#635=ORIENTED_EDGE('',*,*,#2271,.T.);
#636=ORIENTED_EDGE('',*,*,#2272,.F.);
#637=ORIENTED_EDGE('',*,*,#2273,.T.);
#638=ORIENTED_EDGE('',*,*,#2274,.T.);
#639=ORIENTED_EDGE('',*,*,#2275,.T.);
#640=ORIENTED_EDGE('',*,*,#2276,.T.);
#641=ORIENTED_EDGE('',*,*,#2277,.F.);
#642=ORIENTED_EDGE('',*,*,#2278,.T.);
#643=ORIENTED_EDGE('',*,*,#2279,.T.);
#644=ORIENTED_EDGE('',*,*,#2280,.T.);
#645=ORIENTED_EDGE('',*,*,#2281,.T.);
#646=ORIENTED_EDGE('',*,*,#2282,.F.);
#647=ORIENTED_EDGE('',*,*,#2283,.T.);
#648=ORIENTED_EDGE('',*,*,#2284,.T.);
#649=ORIENTED_EDGE('',*,*,#2285,.T.);
#650=ORIENTED_EDGE('',*,*,#2286,.T.);
#651=ORIENTED_EDGE('',*,*,#2287,.F.);
#652=ORIENTED_EDGE('',*,*,#2288,.T.);
#653=ORIENTED_EDGE('',*,*,#2289,.F.);
#654=ORIENTED_EDGE('',*,*,#2271,.F.);
#655=ORIENTED_EDGE('',*,*,#2290,.T.);
#656=ORIENTED_EDGE('',*,*,#2276,.F.);
#657=ORIENTED_EDGE('',*,*,#2291,.T.);
#658=ORIENTED_EDGE('',*,*,#2286,.F.);
#659=ORIENTED_EDGE('',*,*,#2292,.T.);
#660=ORIENTED_EDGE('',*,*,#2281,.F.);
#661=ORIENTED_EDGE('',*,*,#2293,.T.);
#662=ORIENTED_EDGE('',*,*,#2238,.F.);
#663=ORIENTED_EDGE('',*,*,#2242,.T.);
#664=ORIENTED_EDGE('',*,*,#2245,.T.);
#665=ORIENTED_EDGE('',*,*,#2267,.F.);
#666=ORIENTED_EDGE('',*,*,#2228,.F.);
#667=ORIENTED_EDGE('',*,*,#2232,.T.);
#668=ORIENTED_EDGE('',*,*,#2235,.T.);
#669=ORIENTED_EDGE('',*,*,#2265,.F.);
#670=ORIENTED_EDGE('',*,*,#2218,.F.);
#671=ORIENTED_EDGE('',*,*,#2222,.T.);
#672=ORIENTED_EDGE('',*,*,#2225,.T.);
#673=ORIENTED_EDGE('',*,*,#2263,.F.);
#674=ORIENTED_EDGE('',*,*,#2208,.F.);
#675=ORIENTED_EDGE('',*,*,#2212,.T.);
#676=ORIENTED_EDGE('',*,*,#2215,.T.);
#677=ORIENTED_EDGE('',*,*,#2261,.F.);
#678=ORIENTED_EDGE('',*,*,#2198,.F.);
#679=ORIENTED_EDGE('',*,*,#2202,.T.);
#680=ORIENTED_EDGE('',*,*,#2205,.T.);
#681=ORIENTED_EDGE('',*,*,#2259,.F.);
#682=ORIENTED_EDGE('',*,*,#2188,.F.);
#683=ORIENTED_EDGE('',*,*,#2192,.T.);
#684=ORIENTED_EDGE('',*,*,#2195,.T.);
#685=ORIENTED_EDGE('',*,*,#2257,.F.);
#686=ORIENTED_EDGE('',*,*,#2178,.F.);
#687=ORIENTED_EDGE('',*,*,#2182,.T.);
#688=ORIENTED_EDGE('',*,*,#2185,.T.);
#689=ORIENTED_EDGE('',*,*,#2255,.F.);
#690=ORIENTED_EDGE('',*,*,#2168,.F.);
#691=ORIENTED_EDGE('',*,*,#2172,.T.);
#692=ORIENTED_EDGE('',*,*,#2175,.T.);
#693=ORIENTED_EDGE('',*,*,#2253,.F.);
#694=ORIENTED_EDGE('',*,*,#2158,.F.);
#695=ORIENTED_EDGE('',*,*,#2162,.T.);
#696=ORIENTED_EDGE('',*,*,#2165,.T.);
#697=ORIENTED_EDGE('',*,*,#2251,.F.);
#698=ORIENTED_EDGE('',*,*,#2144,.F.);
#699=ORIENTED_EDGE('',*,*,#2294,.T.);
#700=ORIENTED_EDGE('',*,*,#2150,.T.);
#701=ORIENTED_EDGE('',*,*,#2295,.T.);
#702=ORIENTED_EDGE('',*,*,#2152,.T.);
#703=ORIENTED_EDGE('',*,*,#2296,.T.);
#704=ORIENTED_EDGE('',*,*,#2246,.F.);
#705=ORIENTED_EDGE('',*,*,#2297,.T.);
#706=ORIENTED_EDGE('',*,*,#2288,.F.);
#707=ORIENTED_EDGE('',*,*,#2298,.T.);
#708=ORIENTED_EDGE('',*,*,#2299,.T.);
#709=ORIENTED_EDGE('',*,*,#2300,.T.);
#710=ORIENTED_EDGE('',*,*,#2301,.T.);
#711=ORIENTED_EDGE('',*,*,#2302,.T.);
#712=ORIENTED_EDGE('',*,*,#2303,.T.);
#713=ORIENTED_EDGE('',*,*,#2304,.T.);
#714=ORIENTED_EDGE('',*,*,#2305,.T.);
#715=ORIENTED_EDGE('',*,*,#2287,.T.);
#716=ORIENTED_EDGE('',*,*,#2282,.T.);
#717=ORIENTED_EDGE('',*,*,#2277,.T.);
#718=ORIENTED_EDGE('',*,*,#2272,.T.);
#719=ORIENTED_EDGE('',*,*,#2236,.T.);
#720=ORIENTED_EDGE('',*,*,#2266,.T.);
#721=ORIENTED_EDGE('',*,*,#2243,.F.);
#722=ORIENTED_EDGE('',*,*,#2240,.F.);
#723=ORIENTED_EDGE('',*,*,#2226,.T.);
#724=ORIENTED_EDGE('',*,*,#2264,.T.);
#725=ORIENTED_EDGE('',*,*,#2233,.F.);
#726=ORIENTED_EDGE('',*,*,#2230,.F.);
#727=ORIENTED_EDGE('',*,*,#2216,.T.);
#728=ORIENTED_EDGE('',*,*,#2262,.T.);
#729=ORIENTED_EDGE('',*,*,#2223,.F.);
#730=ORIENTED_EDGE('',*,*,#2220,.F.);
#731=ORIENTED_EDGE('',*,*,#2206,.T.);
#732=ORIENTED_EDGE('',*,*,#2260,.T.);
#733=ORIENTED_EDGE('',*,*,#2213,.F.);
#734=ORIENTED_EDGE('',*,*,#2210,.F.);
#735=ORIENTED_EDGE('',*,*,#2196,.T.);
#736=ORIENTED_EDGE('',*,*,#2258,.T.);
#737=ORIENTED_EDGE('',*,*,#2203,.F.);
#738=ORIENTED_EDGE('',*,*,#2200,.F.);
#739=ORIENTED_EDGE('',*,*,#2186,.T.);
#740=ORIENTED_EDGE('',*,*,#2256,.T.);
#741=ORIENTED_EDGE('',*,*,#2193,.F.);
#742=ORIENTED_EDGE('',*,*,#2190,.F.);
#743=ORIENTED_EDGE('',*,*,#2176,.T.);
#744=ORIENTED_EDGE('',*,*,#2254,.T.);
#745=ORIENTED_EDGE('',*,*,#2183,.F.);
#746=ORIENTED_EDGE('',*,*,#2180,.F.);
#747=ORIENTED_EDGE('',*,*,#2166,.T.);
#748=ORIENTED_EDGE('',*,*,#2252,.T.);
#749=ORIENTED_EDGE('',*,*,#2173,.F.);
#750=ORIENTED_EDGE('',*,*,#2170,.F.);
#751=ORIENTED_EDGE('',*,*,#2156,.T.);
#752=ORIENTED_EDGE('',*,*,#2250,.T.);
#753=ORIENTED_EDGE('',*,*,#2163,.F.);
#754=ORIENTED_EDGE('',*,*,#2160,.F.);
#755=ORIENTED_EDGE('',*,*,#2148,.F.);
#756=ORIENTED_EDGE('',*,*,#2306,.T.);
#757=ORIENTED_EDGE('',*,*,#2146,.T.);
#758=ORIENTED_EDGE('',*,*,#2307,.T.);
#759=ORIENTED_EDGE('',*,*,#2248,.T.);
#760=ORIENTED_EDGE('',*,*,#2308,.T.);
#761=ORIENTED_EDGE('',*,*,#2154,.F.);
#762=ORIENTED_EDGE('',*,*,#2309,.T.);
#763=ORIENTED_EDGE('',*,*,#2289,.T.);
#764=ORIENTED_EDGE('',*,*,#2285,.F.);
#765=ORIENTED_EDGE('',*,*,#2310,.T.);
#766=ORIENTED_EDGE('',*,*,#2298,.F.);
#767=ORIENTED_EDGE('',*,*,#2311,.T.);
#768=ORIENTED_EDGE('',*,*,#2278,.F.);
#769=ORIENTED_EDGE('',*,*,#2292,.F.);
#770=ORIENTED_EDGE('',*,*,#2280,.F.);
#771=ORIENTED_EDGE('',*,*,#2312,.T.);
#772=ORIENTED_EDGE('',*,*,#2304,.F.);
#773=ORIENTED_EDGE('',*,*,#2313,.T.);
#774=ORIENTED_EDGE('',*,*,#2268,.F.);
#775=ORIENTED_EDGE('',*,*,#2293,.F.);
#776=ORIENTED_EDGE('',*,*,#2300,.F.);
#777=ORIENTED_EDGE('',*,*,#2314,.T.);
#778=ORIENTED_EDGE('',*,*,#2283,.F.);
#779=ORIENTED_EDGE('',*,*,#2291,.F.);
#780=ORIENTED_EDGE('',*,*,#2275,.F.);
#781=ORIENTED_EDGE('',*,*,#2315,.T.);
#782=ORIENTED_EDGE('',*,*,#2302,.F.);
#783=ORIENTED_EDGE('',*,*,#2316,.T.);
#784=ORIENTED_EDGE('',*,*,#2273,.F.);
#785=ORIENTED_EDGE('',*,*,#2290,.F.);
#786=ORIENTED_EDGE('',*,*,#2270,.F.);
#787=ORIENTED_EDGE('',*,*,#2317,.T.);
#788=ORIENTED_EDGE('',*,*,#2295,.F.);
#789=ORIENTED_EDGE('',*,*,#2149,.F.);
#790=ORIENTED_EDGE('',*,*,#2309,.F.);
#791=ORIENTED_EDGE('',*,*,#2153,.F.);
#792=ORIENTED_EDGE('',*,*,#2296,.F.);
#793=ORIENTED_EDGE('',*,*,#2155,.F.);
#794=ORIENTED_EDGE('',*,*,#2308,.F.);
#795=ORIENTED_EDGE('',*,*,#2247,.F.);
#796=ORIENTED_EDGE('',*,*,#2297,.F.);
#797=ORIENTED_EDGE('',*,*,#2249,.F.);
#798=ORIENTED_EDGE('',*,*,#2307,.F.);
#799=ORIENTED_EDGE('',*,*,#2145,.F.);
#800=ORIENTED_EDGE('',*,*,#2294,.F.);
#801=ORIENTED_EDGE('',*,*,#2147,.F.);
#802=ORIENTED_EDGE('',*,*,#2306,.F.);
#803=ORIENTED_EDGE('',*,*,#2151,.F.);
#804=ORIENTED_EDGE('',*,*,#2299,.F.);
#805=ORIENTED_EDGE('',*,*,#2310,.F.);
#806=ORIENTED_EDGE('',*,*,#2284,.F.);
#807=ORIENTED_EDGE('',*,*,#2314,.F.);
#808=ORIENTED_EDGE('',*,*,#2301,.F.);
#809=ORIENTED_EDGE('',*,*,#2315,.F.);
#810=ORIENTED_EDGE('',*,*,#2274,.F.);
#811=ORIENTED_EDGE('',*,*,#2316,.F.);
#812=ORIENTED_EDGE('',*,*,#2279,.F.);
#813=ORIENTED_EDGE('',*,*,#2311,.F.);
#814=ORIENTED_EDGE('',*,*,#2305,.F.);
#815=ORIENTED_EDGE('',*,*,#2312,.F.);
#816=ORIENTED_EDGE('',*,*,#2269,.F.);
#817=ORIENTED_EDGE('',*,*,#2313,.F.);
#818=ORIENTED_EDGE('',*,*,#2303,.F.);
#819=ORIENTED_EDGE('',*,*,#2317,.F.);
#820=ORIENTED_EDGE('',*,*,#2318,.F.);
#821=ORIENTED_EDGE('',*,*,#2319,.F.);
#822=ORIENTED_EDGE('',*,*,#2320,.T.);
#823=ORIENTED_EDGE('',*,*,#2321,.T.);
#824=ORIENTED_EDGE('',*,*,#2322,.F.);
#825=ORIENTED_EDGE('',*,*,#2323,.F.);
#826=ORIENTED_EDGE('',*,*,#2324,.T.);
#827=ORIENTED_EDGE('',*,*,#2319,.T.);
#828=ORIENTED_EDGE('',*,*,#2325,.F.);
#829=ORIENTED_EDGE('',*,*,#2326,.F.);
#830=ORIENTED_EDGE('',*,*,#2327,.T.);
#831=ORIENTED_EDGE('',*,*,#2323,.T.);
#832=ORIENTED_EDGE('',*,*,#2328,.F.);
#833=ORIENTED_EDGE('',*,*,#2329,.F.);
#834=ORIENTED_EDGE('',*,*,#2330,.T.);
#835=ORIENTED_EDGE('',*,*,#2326,.T.);
#836=ORIENTED_EDGE('',*,*,#2331,.F.);
#837=ORIENTED_EDGE('',*,*,#2332,.F.);
#838=ORIENTED_EDGE('',*,*,#2333,.T.);
#839=ORIENTED_EDGE('',*,*,#2329,.T.);
#840=ORIENTED_EDGE('',*,*,#2334,.F.);
#841=ORIENTED_EDGE('',*,*,#2335,.F.);
#842=ORIENTED_EDGE('',*,*,#2336,.T.);
#843=ORIENTED_EDGE('',*,*,#2332,.T.);
#844=ORIENTED_EDGE('',*,*,#2337,.F.);
#845=ORIENTED_EDGE('',*,*,#2338,.F.);
#846=ORIENTED_EDGE('',*,*,#2339,.T.);
#847=ORIENTED_EDGE('',*,*,#2335,.T.);
#848=ORIENTED_EDGE('',*,*,#2340,.F.);
#849=ORIENTED_EDGE('',*,*,#2341,.F.);
#850=ORIENTED_EDGE('',*,*,#2342,.T.);
#851=ORIENTED_EDGE('',*,*,#2338,.T.);
#852=ORIENTED_EDGE('',*,*,#2343,.F.);
#853=ORIENTED_EDGE('',*,*,#2344,.F.);
#854=ORIENTED_EDGE('',*,*,#2345,.T.);
#855=ORIENTED_EDGE('',*,*,#2341,.T.);
#856=ORIENTED_EDGE('',*,*,#2346,.F.);
#857=ORIENTED_EDGE('',*,*,#2347,.F.);
#858=ORIENTED_EDGE('',*,*,#2348,.T.);
#859=ORIENTED_EDGE('',*,*,#2344,.T.);
#860=ORIENTED_EDGE('',*,*,#2349,.F.);
#861=ORIENTED_EDGE('',*,*,#2350,.F.);
#862=ORIENTED_EDGE('',*,*,#2351,.T.);
#863=ORIENTED_EDGE('',*,*,#2347,.T.);
#864=ORIENTED_EDGE('',*,*,#2352,.F.);
#865=ORIENTED_EDGE('',*,*,#2353,.F.);
#866=ORIENTED_EDGE('',*,*,#2354,.T.);
#867=ORIENTED_EDGE('',*,*,#2350,.T.);
#868=ORIENTED_EDGE('',*,*,#2355,.F.);
#869=ORIENTED_EDGE('',*,*,#2356,.F.);
#870=ORIENTED_EDGE('',*,*,#2357,.T.);
#871=ORIENTED_EDGE('',*,*,#2353,.T.);
#872=ORIENTED_EDGE('',*,*,#2358,.F.);
#873=ORIENTED_EDGE('',*,*,#2321,.F.);
#874=ORIENTED_EDGE('',*,*,#2359,.T.);
#875=ORIENTED_EDGE('',*,*,#2356,.T.);
#876=ORIENTED_EDGE('',*,*,#2320,.F.);
#877=ORIENTED_EDGE('',*,*,#2324,.F.);
#878=ORIENTED_EDGE('',*,*,#2327,.F.);
#879=ORIENTED_EDGE('',*,*,#2330,.F.);
#880=ORIENTED_EDGE('',*,*,#2333,.F.);
#881=ORIENTED_EDGE('',*,*,#2336,.F.);
#882=ORIENTED_EDGE('',*,*,#2339,.F.);
#883=ORIENTED_EDGE('',*,*,#2342,.F.);
#884=ORIENTED_EDGE('',*,*,#2345,.F.);
#885=ORIENTED_EDGE('',*,*,#2348,.F.);
#886=ORIENTED_EDGE('',*,*,#2351,.F.);
#887=ORIENTED_EDGE('',*,*,#2354,.F.);
#888=ORIENTED_EDGE('',*,*,#2357,.F.);
#889=ORIENTED_EDGE('',*,*,#2359,.F.);
#890=ORIENTED_EDGE('',*,*,#2318,.T.);
#891=ORIENTED_EDGE('',*,*,#2358,.T.);
#892=ORIENTED_EDGE('',*,*,#2355,.T.);
#893=ORIENTED_EDGE('',*,*,#2352,.T.);
#894=ORIENTED_EDGE('',*,*,#2349,.T.);
#895=ORIENTED_EDGE('',*,*,#2346,.T.);
#896=ORIENTED_EDGE('',*,*,#2343,.T.);
#897=ORIENTED_EDGE('',*,*,#2340,.T.);
#898=ORIENTED_EDGE('',*,*,#2337,.T.);
#899=ORIENTED_EDGE('',*,*,#2334,.T.);
#900=ORIENTED_EDGE('',*,*,#2331,.T.);
#901=ORIENTED_EDGE('',*,*,#2328,.T.);
#902=ORIENTED_EDGE('',*,*,#2325,.T.);
#903=ORIENTED_EDGE('',*,*,#2322,.T.);
#904=ORIENTED_EDGE('',*,*,#2360,.F.);
#905=ORIENTED_EDGE('',*,*,#2361,.F.);
#906=ORIENTED_EDGE('',*,*,#2362,.T.);
#907=ORIENTED_EDGE('',*,*,#2363,.T.);
#908=ORIENTED_EDGE('',*,*,#2364,.F.);
#909=ORIENTED_EDGE('',*,*,#2365,.F.);
#910=ORIENTED_EDGE('',*,*,#2366,.T.);
#911=ORIENTED_EDGE('',*,*,#2361,.T.);
#912=ORIENTED_EDGE('',*,*,#2367,.F.);
#913=ORIENTED_EDGE('',*,*,#2368,.F.);
#914=ORIENTED_EDGE('',*,*,#2369,.T.);
#915=ORIENTED_EDGE('',*,*,#2365,.T.);
#916=ORIENTED_EDGE('',*,*,#2370,.F.);
#917=ORIENTED_EDGE('',*,*,#2363,.F.);
#918=ORIENTED_EDGE('',*,*,#2371,.T.);
#919=ORIENTED_EDGE('',*,*,#2368,.T.);
#920=ORIENTED_EDGE('',*,*,#2362,.F.);
#921=ORIENTED_EDGE('',*,*,#2366,.F.);
#922=ORIENTED_EDGE('',*,*,#2369,.F.);
#923=ORIENTED_EDGE('',*,*,#2371,.F.);
#924=ORIENTED_EDGE('',*,*,#2360,.T.);
#925=ORIENTED_EDGE('',*,*,#2370,.T.);
#926=ORIENTED_EDGE('',*,*,#2367,.T.);
#927=ORIENTED_EDGE('',*,*,#2364,.T.);
#928=ORIENTED_EDGE('',*,*,#2372,.F.);
#929=ORIENTED_EDGE('',*,*,#2373,.F.);
#930=ORIENTED_EDGE('',*,*,#2374,.T.);
#931=ORIENTED_EDGE('',*,*,#2375,.T.);
#932=ORIENTED_EDGE('',*,*,#2376,.F.);
#933=ORIENTED_EDGE('',*,*,#2377,.F.);
#934=ORIENTED_EDGE('',*,*,#2378,.T.);
#935=ORIENTED_EDGE('',*,*,#2373,.T.);
#936=ORIENTED_EDGE('',*,*,#2379,.F.);
#937=ORIENTED_EDGE('',*,*,#2380,.F.);
#938=ORIENTED_EDGE('',*,*,#2381,.T.);
#939=ORIENTED_EDGE('',*,*,#2377,.T.);
#940=ORIENTED_EDGE('',*,*,#2382,.F.);
#941=ORIENTED_EDGE('',*,*,#2375,.F.);
#942=ORIENTED_EDGE('',*,*,#2383,.T.);
#943=ORIENTED_EDGE('',*,*,#2380,.T.);
#944=ORIENTED_EDGE('',*,*,#2374,.F.);
#945=ORIENTED_EDGE('',*,*,#2378,.F.);
#946=ORIENTED_EDGE('',*,*,#2381,.F.);
#947=ORIENTED_EDGE('',*,*,#2383,.F.);
#948=ORIENTED_EDGE('',*,*,#2372,.T.);
#949=ORIENTED_EDGE('',*,*,#2382,.T.);
#950=ORIENTED_EDGE('',*,*,#2379,.T.);
#951=ORIENTED_EDGE('',*,*,#2376,.T.);
#952=ORIENTED_EDGE('',*,*,#2384,.F.);
#953=ORIENTED_EDGE('',*,*,#2385,.F.);
#954=ORIENTED_EDGE('',*,*,#2386,.T.);
#955=ORIENTED_EDGE('',*,*,#2387,.T.);
#956=ORIENTED_EDGE('',*,*,#2388,.F.);
#957=ORIENTED_EDGE('',*,*,#2389,.F.);
#958=ORIENTED_EDGE('',*,*,#2390,.T.);
#959=ORIENTED_EDGE('',*,*,#2385,.T.);
#960=ORIENTED_EDGE('',*,*,#2391,.F.);
#961=ORIENTED_EDGE('',*,*,#2392,.F.);
#962=ORIENTED_EDGE('',*,*,#2393,.T.);
#963=ORIENTED_EDGE('',*,*,#2389,.T.);
#964=ORIENTED_EDGE('',*,*,#2394,.F.);
#965=ORIENTED_EDGE('',*,*,#2395,.F.);
#966=ORIENTED_EDGE('',*,*,#2396,.T.);
#967=ORIENTED_EDGE('',*,*,#2392,.T.);
#968=ORIENTED_EDGE('',*,*,#2397,.F.);
#969=ORIENTED_EDGE('',*,*,#2398,.F.);
#970=ORIENTED_EDGE('',*,*,#2399,.T.);
#971=ORIENTED_EDGE('',*,*,#2395,.T.);
#972=ORIENTED_EDGE('',*,*,#2400,.F.);
#973=ORIENTED_EDGE('',*,*,#2401,.F.);
#974=ORIENTED_EDGE('',*,*,#2402,.T.);
#975=ORIENTED_EDGE('',*,*,#2398,.T.);
#976=ORIENTED_EDGE('',*,*,#2403,.F.);
#977=ORIENTED_EDGE('',*,*,#2404,.F.);
#978=ORIENTED_EDGE('',*,*,#2405,.T.);
#979=ORIENTED_EDGE('',*,*,#2401,.T.);
#980=ORIENTED_EDGE('',*,*,#2406,.F.);
#981=ORIENTED_EDGE('',*,*,#2407,.F.);
#982=ORIENTED_EDGE('',*,*,#2408,.T.);
#983=ORIENTED_EDGE('',*,*,#2409,.T.);
#984=ORIENTED_EDGE('',*,*,#2410,.F.);
#985=ORIENTED_EDGE('',*,*,#2411,.F.);
#986=ORIENTED_EDGE('',*,*,#2412,.T.);
#987=ORIENTED_EDGE('',*,*,#2407,.T.);
#988=ORIENTED_EDGE('',*,*,#2413,.F.);
#989=ORIENTED_EDGE('',*,*,#2414,.F.);
#990=ORIENTED_EDGE('',*,*,#2415,.T.);
#991=ORIENTED_EDGE('',*,*,#2411,.T.);
#992=ORIENTED_EDGE('',*,*,#2416,.F.);
#993=ORIENTED_EDGE('',*,*,#2417,.F.);
#994=ORIENTED_EDGE('',*,*,#2418,.T.);
#995=ORIENTED_EDGE('',*,*,#2414,.T.);
#996=ORIENTED_EDGE('',*,*,#2419,.F.);
#997=ORIENTED_EDGE('',*,*,#2420,.F.);
#998=ORIENTED_EDGE('',*,*,#2421,.T.);
#999=ORIENTED_EDGE('',*,*,#2417,.T.);
#1000=ORIENTED_EDGE('',*,*,#2422,.F.);
#1001=ORIENTED_EDGE('',*,*,#2423,.F.);
#1002=ORIENTED_EDGE('',*,*,#2424,.T.);
#1003=ORIENTED_EDGE('',*,*,#2420,.T.);
#1004=ORIENTED_EDGE('',*,*,#2425,.F.);
#1005=ORIENTED_EDGE('',*,*,#2426,.F.);
#1006=ORIENTED_EDGE('',*,*,#2427,.T.);
#1007=ORIENTED_EDGE('',*,*,#2423,.T.);
#1008=ORIENTED_EDGE('',*,*,#2428,.F.);
#1009=ORIENTED_EDGE('',*,*,#2429,.F.);
#1010=ORIENTED_EDGE('',*,*,#2430,.T.);
#1011=ORIENTED_EDGE('',*,*,#2426,.T.);
#1012=ORIENTED_EDGE('',*,*,#2431,.F.);
#1013=ORIENTED_EDGE('',*,*,#2432,.F.);
#1014=ORIENTED_EDGE('',*,*,#2433,.T.);
#1015=ORIENTED_EDGE('',*,*,#2429,.T.);
#1016=ORIENTED_EDGE('',*,*,#2434,.F.);
#1017=ORIENTED_EDGE('',*,*,#2435,.F.);
#1018=ORIENTED_EDGE('',*,*,#2436,.T.);
#1019=ORIENTED_EDGE('',*,*,#2432,.T.);
#1020=ORIENTED_EDGE('',*,*,#2437,.F.);
#1021=ORIENTED_EDGE('',*,*,#2438,.F.);
#1022=ORIENTED_EDGE('',*,*,#2439,.T.);
#1023=ORIENTED_EDGE('',*,*,#2435,.T.);
#1024=ORIENTED_EDGE('',*,*,#2440,.F.);
#1025=ORIENTED_EDGE('',*,*,#2409,.F.);
#1026=ORIENTED_EDGE('',*,*,#2441,.T.);
#1027=ORIENTED_EDGE('',*,*,#2438,.T.);
#1028=ORIENTED_EDGE('',*,*,#2442,.F.);
#1029=ORIENTED_EDGE('',*,*,#2387,.F.);
#1030=ORIENTED_EDGE('',*,*,#2443,.T.);
#1031=ORIENTED_EDGE('',*,*,#2404,.T.);
#1032=ORIENTED_EDGE('',*,*,#2408,.F.);
#1033=ORIENTED_EDGE('',*,*,#2412,.F.);
#1034=ORIENTED_EDGE('',*,*,#2415,.F.);
#1035=ORIENTED_EDGE('',*,*,#2418,.F.);
#1036=ORIENTED_EDGE('',*,*,#2421,.F.);
#1037=ORIENTED_EDGE('',*,*,#2424,.F.);
#1038=ORIENTED_EDGE('',*,*,#2427,.F.);
#1039=ORIENTED_EDGE('',*,*,#2430,.F.);
#1040=ORIENTED_EDGE('',*,*,#2433,.F.);
#1041=ORIENTED_EDGE('',*,*,#2436,.F.);
#1042=ORIENTED_EDGE('',*,*,#2439,.F.);
#1043=ORIENTED_EDGE('',*,*,#2441,.F.);
#1044=ORIENTED_EDGE('',*,*,#2386,.F.);
#1045=ORIENTED_EDGE('',*,*,#2390,.F.);
#1046=ORIENTED_EDGE('',*,*,#2393,.F.);
#1047=ORIENTED_EDGE('',*,*,#2396,.F.);
#1048=ORIENTED_EDGE('',*,*,#2399,.F.);
#1049=ORIENTED_EDGE('',*,*,#2402,.F.);
#1050=ORIENTED_EDGE('',*,*,#2405,.F.);
#1051=ORIENTED_EDGE('',*,*,#2443,.F.);
#1052=ORIENTED_EDGE('',*,*,#2406,.T.);
#1053=ORIENTED_EDGE('',*,*,#2440,.T.);
#1054=ORIENTED_EDGE('',*,*,#2437,.T.);
#1055=ORIENTED_EDGE('',*,*,#2434,.T.);
#1056=ORIENTED_EDGE('',*,*,#2431,.T.);
#1057=ORIENTED_EDGE('',*,*,#2428,.T.);
#1058=ORIENTED_EDGE('',*,*,#2425,.T.);
#1059=ORIENTED_EDGE('',*,*,#2422,.T.);
#1060=ORIENTED_EDGE('',*,*,#2419,.T.);
#1061=ORIENTED_EDGE('',*,*,#2416,.T.);
#1062=ORIENTED_EDGE('',*,*,#2413,.T.);
#1063=ORIENTED_EDGE('',*,*,#2410,.T.);
#1064=ORIENTED_EDGE('',*,*,#2384,.T.);
#1065=ORIENTED_EDGE('',*,*,#2442,.T.);
#1066=ORIENTED_EDGE('',*,*,#2403,.T.);
#1067=ORIENTED_EDGE('',*,*,#2400,.T.);
#1068=ORIENTED_EDGE('',*,*,#2397,.T.);
#1069=ORIENTED_EDGE('',*,*,#2394,.T.);
#1070=ORIENTED_EDGE('',*,*,#2391,.T.);
#1071=ORIENTED_EDGE('',*,*,#2388,.T.);
#1072=ORIENTED_EDGE('',*,*,#2444,.F.);
#1073=ORIENTED_EDGE('',*,*,#2445,.F.);
#1074=ORIENTED_EDGE('',*,*,#2446,.T.);
#1075=ORIENTED_EDGE('',*,*,#2447,.T.);
#1076=ORIENTED_EDGE('',*,*,#2448,.F.);
#1077=ORIENTED_EDGE('',*,*,#2449,.F.);
#1078=ORIENTED_EDGE('',*,*,#2450,.T.);
#1079=ORIENTED_EDGE('',*,*,#2445,.T.);
#1080=ORIENTED_EDGE('',*,*,#2451,.F.);
#1081=ORIENTED_EDGE('',*,*,#2452,.F.);
#1082=ORIENTED_EDGE('',*,*,#2453,.T.);
#1083=ORIENTED_EDGE('',*,*,#2449,.T.);
#1084=ORIENTED_EDGE('',*,*,#2454,.F.);
#1085=ORIENTED_EDGE('',*,*,#2455,.F.);
#1086=ORIENTED_EDGE('',*,*,#2456,.T.);
#1087=ORIENTED_EDGE('',*,*,#2457,.T.);
#1088=ORIENTED_EDGE('',*,*,#2458,.F.);
#1089=ORIENTED_EDGE('',*,*,#2459,.F.);
#1090=ORIENTED_EDGE('',*,*,#2460,.T.);
#1091=ORIENTED_EDGE('',*,*,#2455,.T.);
#1092=ORIENTED_EDGE('',*,*,#2461,.F.);
#1093=ORIENTED_EDGE('',*,*,#2462,.F.);
#1094=ORIENTED_EDGE('',*,*,#2463,.T.);
#1095=ORIENTED_EDGE('',*,*,#2459,.T.);
#1096=ORIENTED_EDGE('',*,*,#2464,.F.);
#1097=ORIENTED_EDGE('',*,*,#2465,.F.);
#1098=ORIENTED_EDGE('',*,*,#2466,.T.);
#1099=ORIENTED_EDGE('',*,*,#2462,.T.);
#1100=ORIENTED_EDGE('',*,*,#2467,.F.);
#1101=ORIENTED_EDGE('',*,*,#2468,.F.);
#1102=ORIENTED_EDGE('',*,*,#2469,.T.);
#1103=ORIENTED_EDGE('',*,*,#2465,.T.);
#1104=ORIENTED_EDGE('',*,*,#2470,.F.);
#1105=ORIENTED_EDGE('',*,*,#2471,.F.);
#1106=ORIENTED_EDGE('',*,*,#2472,.T.);
#1107=ORIENTED_EDGE('',*,*,#2468,.T.);
#1108=ORIENTED_EDGE('',*,*,#2473,.F.);
#1109=ORIENTED_EDGE('',*,*,#2474,.F.);
#1110=ORIENTED_EDGE('',*,*,#2475,.T.);
#1111=ORIENTED_EDGE('',*,*,#2471,.T.);
#1112=ORIENTED_EDGE('',*,*,#2476,.F.);
#1113=ORIENTED_EDGE('',*,*,#2477,.F.);
#1114=ORIENTED_EDGE('',*,*,#2478,.T.);
#1115=ORIENTED_EDGE('',*,*,#2474,.T.);
#1116=ORIENTED_EDGE('',*,*,#2479,.F.);
#1117=ORIENTED_EDGE('',*,*,#2480,.F.);
#1118=ORIENTED_EDGE('',*,*,#2481,.T.);
#1119=ORIENTED_EDGE('',*,*,#2477,.T.);
#1120=ORIENTED_EDGE('',*,*,#2482,.F.);
#1121=ORIENTED_EDGE('',*,*,#2483,.F.);
#1122=ORIENTED_EDGE('',*,*,#2484,.T.);
#1123=ORIENTED_EDGE('',*,*,#2480,.T.);
#1124=ORIENTED_EDGE('',*,*,#2485,.F.);
#1125=ORIENTED_EDGE('',*,*,#2486,.F.);
#1126=ORIENTED_EDGE('',*,*,#2487,.T.);
#1127=ORIENTED_EDGE('',*,*,#2483,.T.);
#1128=ORIENTED_EDGE('',*,*,#2488,.F.);
#1129=ORIENTED_EDGE('',*,*,#2489,.F.);
#1130=ORIENTED_EDGE('',*,*,#2490,.T.);
#1131=ORIENTED_EDGE('',*,*,#2486,.T.);
#1132=ORIENTED_EDGE('',*,*,#2491,.F.);
#1133=ORIENTED_EDGE('',*,*,#2492,.F.);
#1134=ORIENTED_EDGE('',*,*,#2493,.T.);
#1135=ORIENTED_EDGE('',*,*,#2489,.T.);
#1136=ORIENTED_EDGE('',*,*,#2494,.F.);
#1137=ORIENTED_EDGE('',*,*,#2495,.F.);
#1138=ORIENTED_EDGE('',*,*,#2496,.T.);
#1139=ORIENTED_EDGE('',*,*,#2492,.T.);
#1140=ORIENTED_EDGE('',*,*,#2497,.F.);
#1141=ORIENTED_EDGE('',*,*,#2498,.F.);
#1142=ORIENTED_EDGE('',*,*,#2499,.T.);
#1143=ORIENTED_EDGE('',*,*,#2495,.T.);
#1144=ORIENTED_EDGE('',*,*,#2500,.F.);
#1145=ORIENTED_EDGE('',*,*,#2457,.F.);
#1146=ORIENTED_EDGE('',*,*,#2501,.T.);
#1147=ORIENTED_EDGE('',*,*,#2498,.T.);
#1148=ORIENTED_EDGE('',*,*,#2502,.F.);
#1149=ORIENTED_EDGE('',*,*,#2447,.F.);
#1150=ORIENTED_EDGE('',*,*,#2503,.T.);
#1151=ORIENTED_EDGE('',*,*,#2452,.T.);
#1152=ORIENTED_EDGE('',*,*,#2456,.F.);
#1153=ORIENTED_EDGE('',*,*,#2460,.F.);
#1154=ORIENTED_EDGE('',*,*,#2463,.F.);
#1155=ORIENTED_EDGE('',*,*,#2466,.F.);
#1156=ORIENTED_EDGE('',*,*,#2469,.F.);
#1157=ORIENTED_EDGE('',*,*,#2472,.F.);
#1158=ORIENTED_EDGE('',*,*,#2475,.F.);
#1159=ORIENTED_EDGE('',*,*,#2478,.F.);
#1160=ORIENTED_EDGE('',*,*,#2481,.F.);
#1161=ORIENTED_EDGE('',*,*,#2484,.F.);
#1162=ORIENTED_EDGE('',*,*,#2487,.F.);
#1163=ORIENTED_EDGE('',*,*,#2490,.F.);
#1164=ORIENTED_EDGE('',*,*,#2493,.F.);
#1165=ORIENTED_EDGE('',*,*,#2496,.F.);
#1166=ORIENTED_EDGE('',*,*,#2499,.F.);
#1167=ORIENTED_EDGE('',*,*,#2501,.F.);
#1168=ORIENTED_EDGE('',*,*,#2446,.F.);
#1169=ORIENTED_EDGE('',*,*,#2450,.F.);
#1170=ORIENTED_EDGE('',*,*,#2453,.F.);
#1171=ORIENTED_EDGE('',*,*,#2503,.F.);
#1172=ORIENTED_EDGE('',*,*,#2454,.T.);
#1173=ORIENTED_EDGE('',*,*,#2500,.T.);
#1174=ORIENTED_EDGE('',*,*,#2497,.T.);
#1175=ORIENTED_EDGE('',*,*,#2494,.T.);
#1176=ORIENTED_EDGE('',*,*,#2491,.T.);
#1177=ORIENTED_EDGE('',*,*,#2488,.T.);
#1178=ORIENTED_EDGE('',*,*,#2485,.T.);
#1179=ORIENTED_EDGE('',*,*,#2482,.T.);
#1180=ORIENTED_EDGE('',*,*,#2479,.T.);
#1181=ORIENTED_EDGE('',*,*,#2476,.T.);
#1182=ORIENTED_EDGE('',*,*,#2473,.T.);
#1183=ORIENTED_EDGE('',*,*,#2470,.T.);
#1184=ORIENTED_EDGE('',*,*,#2467,.T.);
#1185=ORIENTED_EDGE('',*,*,#2464,.T.);
#1186=ORIENTED_EDGE('',*,*,#2461,.T.);
#1187=ORIENTED_EDGE('',*,*,#2458,.T.);
#1188=ORIENTED_EDGE('',*,*,#2444,.T.);
#1189=ORIENTED_EDGE('',*,*,#2502,.T.);
#1190=ORIENTED_EDGE('',*,*,#2451,.T.);
#1191=ORIENTED_EDGE('',*,*,#2448,.T.);
#1192=ORIENTED_EDGE('',*,*,#2504,.F.);
#1193=ORIENTED_EDGE('',*,*,#2505,.F.);
#1194=ORIENTED_EDGE('',*,*,#2506,.T.);
#1195=ORIENTED_EDGE('',*,*,#2507,.T.);
#1196=ORIENTED_EDGE('',*,*,#2508,.F.);
#1197=ORIENTED_EDGE('',*,*,#2509,.F.);
#1198=ORIENTED_EDGE('',*,*,#2510,.T.);
#1199=ORIENTED_EDGE('',*,*,#2505,.T.);
#1200=ORIENTED_EDGE('',*,*,#2511,.F.);
#1201=ORIENTED_EDGE('',*,*,#2512,.F.);
#1202=ORIENTED_EDGE('',*,*,#2513,.T.);
#1203=ORIENTED_EDGE('',*,*,#2509,.T.);
#1204=ORIENTED_EDGE('',*,*,#2514,.F.);
#1205=ORIENTED_EDGE('',*,*,#2515,.F.);
#1206=ORIENTED_EDGE('',*,*,#2516,.T.);
#1207=ORIENTED_EDGE('',*,*,#2512,.T.);
#1208=ORIENTED_EDGE('',*,*,#2517,.F.);
#1209=ORIENTED_EDGE('',*,*,#2518,.F.);
#1210=ORIENTED_EDGE('',*,*,#2519,.T.);
#1211=ORIENTED_EDGE('',*,*,#2515,.T.);
#1212=ORIENTED_EDGE('',*,*,#2520,.F.);
#1213=ORIENTED_EDGE('',*,*,#2521,.F.);
#1214=ORIENTED_EDGE('',*,*,#2522,.T.);
#1215=ORIENTED_EDGE('',*,*,#2518,.T.);
#1216=ORIENTED_EDGE('',*,*,#2523,.F.);
#1217=ORIENTED_EDGE('',*,*,#2524,.F.);
#1218=ORIENTED_EDGE('',*,*,#2525,.T.);
#1219=ORIENTED_EDGE('',*,*,#2526,.T.);
#1220=ORIENTED_EDGE('',*,*,#2527,.F.);
#1221=ORIENTED_EDGE('',*,*,#2528,.F.);
#1222=ORIENTED_EDGE('',*,*,#2529,.T.);
#1223=ORIENTED_EDGE('',*,*,#2524,.T.);
#1224=ORIENTED_EDGE('',*,*,#2530,.F.);
#1225=ORIENTED_EDGE('',*,*,#2531,.F.);
#1226=ORIENTED_EDGE('',*,*,#2532,.T.);
#1227=ORIENTED_EDGE('',*,*,#2528,.T.);
#1228=ORIENTED_EDGE('',*,*,#2533,.F.);
#1229=ORIENTED_EDGE('',*,*,#2534,.F.);
#1230=ORIENTED_EDGE('',*,*,#2535,.T.);
#1231=ORIENTED_EDGE('',*,*,#2531,.T.);
#1232=ORIENTED_EDGE('',*,*,#2536,.F.);
#1233=ORIENTED_EDGE('',*,*,#2537,.F.);
#1234=ORIENTED_EDGE('',*,*,#2538,.T.);
#1235=ORIENTED_EDGE('',*,*,#2534,.T.);
#1236=ORIENTED_EDGE('',*,*,#2539,.F.);
#1237=ORIENTED_EDGE('',*,*,#2540,.F.);
#1238=ORIENTED_EDGE('',*,*,#2541,.T.);
#1239=ORIENTED_EDGE('',*,*,#2537,.T.);
#1240=ORIENTED_EDGE('',*,*,#2542,.F.);
#1241=ORIENTED_EDGE('',*,*,#2543,.F.);
#1242=ORIENTED_EDGE('',*,*,#2544,.T.);
#1243=ORIENTED_EDGE('',*,*,#2540,.T.);
#1244=ORIENTED_EDGE('',*,*,#2545,.F.);
#1245=ORIENTED_EDGE('',*,*,#2546,.F.);
#1246=ORIENTED_EDGE('',*,*,#2547,.T.);
#1247=ORIENTED_EDGE('',*,*,#2543,.T.);
#1248=ORIENTED_EDGE('',*,*,#2548,.F.);
#1249=ORIENTED_EDGE('',*,*,#2549,.F.);
#1250=ORIENTED_EDGE('',*,*,#2550,.T.);
#1251=ORIENTED_EDGE('',*,*,#2546,.T.);
#1252=ORIENTED_EDGE('',*,*,#2551,.F.);
#1253=ORIENTED_EDGE('',*,*,#2552,.F.);
#1254=ORIENTED_EDGE('',*,*,#2553,.T.);
#1255=ORIENTED_EDGE('',*,*,#2549,.T.);
#1256=ORIENTED_EDGE('',*,*,#2554,.F.);
#1257=ORIENTED_EDGE('',*,*,#2555,.F.);
#1258=ORIENTED_EDGE('',*,*,#2556,.T.);
#1259=ORIENTED_EDGE('',*,*,#2552,.T.);
#1260=ORIENTED_EDGE('',*,*,#2557,.F.);
#1261=ORIENTED_EDGE('',*,*,#2558,.F.);
#1262=ORIENTED_EDGE('',*,*,#2559,.T.);
#1263=ORIENTED_EDGE('',*,*,#2555,.T.);
#1264=ORIENTED_EDGE('',*,*,#2560,.F.);
#1265=ORIENTED_EDGE('',*,*,#2561,.F.);
#1266=ORIENTED_EDGE('',*,*,#2562,.T.);
#1267=ORIENTED_EDGE('',*,*,#2558,.T.);
#1268=ORIENTED_EDGE('',*,*,#2563,.F.);
#1269=ORIENTED_EDGE('',*,*,#2564,.F.);
#1270=ORIENTED_EDGE('',*,*,#2565,.T.);
#1271=ORIENTED_EDGE('',*,*,#2561,.T.);
#1272=ORIENTED_EDGE('',*,*,#2566,.F.);
#1273=ORIENTED_EDGE('',*,*,#2526,.F.);
#1274=ORIENTED_EDGE('',*,*,#2567,.T.);
#1275=ORIENTED_EDGE('',*,*,#2564,.T.);
#1276=ORIENTED_EDGE('',*,*,#2568,.F.);
#1277=ORIENTED_EDGE('',*,*,#2507,.F.);
#1278=ORIENTED_EDGE('',*,*,#2569,.T.);
#1279=ORIENTED_EDGE('',*,*,#2521,.T.);
#1280=ORIENTED_EDGE('',*,*,#2525,.F.);
#1281=ORIENTED_EDGE('',*,*,#2529,.F.);
#1282=ORIENTED_EDGE('',*,*,#2532,.F.);
#1283=ORIENTED_EDGE('',*,*,#2535,.F.);
#1284=ORIENTED_EDGE('',*,*,#2538,.F.);
#1285=ORIENTED_EDGE('',*,*,#2541,.F.);
#1286=ORIENTED_EDGE('',*,*,#2544,.F.);
#1287=ORIENTED_EDGE('',*,*,#2547,.F.);
#1288=ORIENTED_EDGE('',*,*,#2550,.F.);
#1289=ORIENTED_EDGE('',*,*,#2553,.F.);
#1290=ORIENTED_EDGE('',*,*,#2556,.F.);
#1291=ORIENTED_EDGE('',*,*,#2559,.F.);
#1292=ORIENTED_EDGE('',*,*,#2562,.F.);
#1293=ORIENTED_EDGE('',*,*,#2565,.F.);
#1294=ORIENTED_EDGE('',*,*,#2567,.F.);
#1295=ORIENTED_EDGE('',*,*,#2506,.F.);
#1296=ORIENTED_EDGE('',*,*,#2510,.F.);
#1297=ORIENTED_EDGE('',*,*,#2513,.F.);
#1298=ORIENTED_EDGE('',*,*,#2516,.F.);
#1299=ORIENTED_EDGE('',*,*,#2519,.F.);
#1300=ORIENTED_EDGE('',*,*,#2522,.F.);
#1301=ORIENTED_EDGE('',*,*,#2569,.F.);
#1302=ORIENTED_EDGE('',*,*,#2523,.T.);
#1303=ORIENTED_EDGE('',*,*,#2566,.T.);
#1304=ORIENTED_EDGE('',*,*,#2563,.T.);
#1305=ORIENTED_EDGE('',*,*,#2560,.T.);
#1306=ORIENTED_EDGE('',*,*,#2557,.T.);
#1307=ORIENTED_EDGE('',*,*,#2554,.T.);
#1308=ORIENTED_EDGE('',*,*,#2551,.T.);
#1309=ORIENTED_EDGE('',*,*,#2548,.T.);
#1310=ORIENTED_EDGE('',*,*,#2545,.T.);
#1311=ORIENTED_EDGE('',*,*,#2542,.T.);
#1312=ORIENTED_EDGE('',*,*,#2539,.T.);
#1313=ORIENTED_EDGE('',*,*,#2536,.T.);
#1314=ORIENTED_EDGE('',*,*,#2533,.T.);
#1315=ORIENTED_EDGE('',*,*,#2530,.T.);
#1316=ORIENTED_EDGE('',*,*,#2527,.T.);
#1317=ORIENTED_EDGE('',*,*,#2504,.T.);
#1318=ORIENTED_EDGE('',*,*,#2568,.T.);
#1319=ORIENTED_EDGE('',*,*,#2520,.T.);
#1320=ORIENTED_EDGE('',*,*,#2517,.T.);
#1321=ORIENTED_EDGE('',*,*,#2514,.T.);
#1322=ORIENTED_EDGE('',*,*,#2511,.T.);
#1323=ORIENTED_EDGE('',*,*,#2508,.T.);
#1324=ORIENTED_EDGE('',*,*,#2570,.F.);
#1325=ORIENTED_EDGE('',*,*,#2571,.F.);
#1326=ORIENTED_EDGE('',*,*,#2572,.T.);
#1327=ORIENTED_EDGE('',*,*,#2573,.T.);
#1328=ORIENTED_EDGE('',*,*,#2574,.F.);
#1329=ORIENTED_EDGE('',*,*,#2575,.F.);
#1330=ORIENTED_EDGE('',*,*,#2576,.T.);
#1331=ORIENTED_EDGE('',*,*,#2571,.T.);
#1332=ORIENTED_EDGE('',*,*,#2577,.F.);
#1333=ORIENTED_EDGE('',*,*,#2578,.F.);
#1334=ORIENTED_EDGE('',*,*,#2579,.T.);
#1335=ORIENTED_EDGE('',*,*,#2575,.T.);
#1336=ORIENTED_EDGE('',*,*,#2580,.F.);
#1337=ORIENTED_EDGE('',*,*,#2573,.F.);
#1338=ORIENTED_EDGE('',*,*,#2581,.T.);
#1339=ORIENTED_EDGE('',*,*,#2578,.T.);
#1340=ORIENTED_EDGE('',*,*,#2572,.F.);
#1341=ORIENTED_EDGE('',*,*,#2576,.F.);
#1342=ORIENTED_EDGE('',*,*,#2579,.F.);
#1343=ORIENTED_EDGE('',*,*,#2581,.F.);
#1344=ORIENTED_EDGE('',*,*,#2570,.T.);
#1345=ORIENTED_EDGE('',*,*,#2580,.T.);
#1346=ORIENTED_EDGE('',*,*,#2577,.T.);
#1347=ORIENTED_EDGE('',*,*,#2574,.T.);
#1348=ORIENTED_EDGE('',*,*,#2582,.F.);
#1349=ORIENTED_EDGE('',*,*,#2583,.F.);
#1350=ORIENTED_EDGE('',*,*,#2584,.T.);
#1351=ORIENTED_EDGE('',*,*,#2585,.T.);
#1352=ORIENTED_EDGE('',*,*,#2586,.F.);
#1353=ORIENTED_EDGE('',*,*,#2587,.F.);
#1354=ORIENTED_EDGE('',*,*,#2588,.T.);
#1355=ORIENTED_EDGE('',*,*,#2583,.T.);
#1356=ORIENTED_EDGE('',*,*,#2589,.F.);
#1357=ORIENTED_EDGE('',*,*,#2590,.F.);
#1358=ORIENTED_EDGE('',*,*,#2591,.T.);
#1359=ORIENTED_EDGE('',*,*,#2587,.T.);
#1360=ORIENTED_EDGE('',*,*,#2592,.F.);
#1361=ORIENTED_EDGE('',*,*,#2593,.F.);
#1362=ORIENTED_EDGE('',*,*,#2594,.T.);
#1363=ORIENTED_EDGE('',*,*,#2590,.T.);
#1364=ORIENTED_EDGE('',*,*,#2595,.F.);
#1365=ORIENTED_EDGE('',*,*,#2596,.F.);
#1366=ORIENTED_EDGE('',*,*,#2597,.T.);
#1367=ORIENTED_EDGE('',*,*,#2593,.T.);
#1368=ORIENTED_EDGE('',*,*,#2598,.F.);
#1369=ORIENTED_EDGE('',*,*,#2599,.F.);
#1370=ORIENTED_EDGE('',*,*,#2600,.T.);
#1371=ORIENTED_EDGE('',*,*,#2596,.T.);
#1372=ORIENTED_EDGE('',*,*,#2601,.F.);
#1373=ORIENTED_EDGE('',*,*,#2602,.F.);
#1374=ORIENTED_EDGE('',*,*,#2603,.T.);
#1375=ORIENTED_EDGE('',*,*,#2599,.T.);
#1376=ORIENTED_EDGE('',*,*,#2604,.F.);
#1377=ORIENTED_EDGE('',*,*,#2605,.F.);
#1378=ORIENTED_EDGE('',*,*,#2606,.T.);
#1379=ORIENTED_EDGE('',*,*,#2602,.T.);
#1380=ORIENTED_EDGE('',*,*,#2607,.F.);
#1381=ORIENTED_EDGE('',*,*,#2608,.F.);
#1382=ORIENTED_EDGE('',*,*,#2609,.T.);
#1383=ORIENTED_EDGE('',*,*,#2605,.T.);
#1384=ORIENTED_EDGE('',*,*,#2610,.F.);
#1385=ORIENTED_EDGE('',*,*,#2611,.F.);
#1386=ORIENTED_EDGE('',*,*,#2612,.T.);
#1387=ORIENTED_EDGE('',*,*,#2608,.T.);
#1388=ORIENTED_EDGE('',*,*,#2613,.F.);
#1389=ORIENTED_EDGE('',*,*,#2614,.F.);
#1390=ORIENTED_EDGE('',*,*,#2615,.T.);
#1391=ORIENTED_EDGE('',*,*,#2611,.T.);
#1392=ORIENTED_EDGE('',*,*,#2616,.F.);
#1393=ORIENTED_EDGE('',*,*,#2617,.F.);
#1394=ORIENTED_EDGE('',*,*,#2618,.T.);
#1395=ORIENTED_EDGE('',*,*,#2614,.T.);
#1396=ORIENTED_EDGE('',*,*,#2619,.F.);
#1397=ORIENTED_EDGE('',*,*,#2620,.F.);
#1398=ORIENTED_EDGE('',*,*,#2621,.T.);
#1399=ORIENTED_EDGE('',*,*,#2617,.T.);
#1400=ORIENTED_EDGE('',*,*,#2622,.F.);
#1401=ORIENTED_EDGE('',*,*,#2623,.F.);
#1402=ORIENTED_EDGE('',*,*,#2624,.T.);
#1403=ORIENTED_EDGE('',*,*,#2620,.T.);
#1404=ORIENTED_EDGE('',*,*,#2625,.F.);
#1405=ORIENTED_EDGE('',*,*,#2626,.F.);
#1406=ORIENTED_EDGE('',*,*,#2627,.T.);
#1407=ORIENTED_EDGE('',*,*,#2623,.T.);
#1408=ORIENTED_EDGE('',*,*,#2628,.F.);
#1409=ORIENTED_EDGE('',*,*,#2629,.F.);
#1410=ORIENTED_EDGE('',*,*,#2630,.T.);
#1411=ORIENTED_EDGE('',*,*,#2626,.T.);
#1412=ORIENTED_EDGE('',*,*,#2631,.F.);
#1413=ORIENTED_EDGE('',*,*,#2632,.F.);
#1414=ORIENTED_EDGE('',*,*,#2633,.T.);
#1415=ORIENTED_EDGE('',*,*,#2629,.T.);
#1416=ORIENTED_EDGE('',*,*,#2634,.F.);
#1417=ORIENTED_EDGE('',*,*,#2635,.F.);
#1418=ORIENTED_EDGE('',*,*,#2636,.T.);
#1419=ORIENTED_EDGE('',*,*,#2632,.T.);
#1420=ORIENTED_EDGE('',*,*,#2637,.F.);
#1421=ORIENTED_EDGE('',*,*,#2638,.F.);
#1422=ORIENTED_EDGE('',*,*,#2639,.T.);
#1423=ORIENTED_EDGE('',*,*,#2635,.T.);
#1424=ORIENTED_EDGE('',*,*,#2640,.F.);
#1425=ORIENTED_EDGE('',*,*,#2585,.F.);
#1426=ORIENTED_EDGE('',*,*,#2641,.T.);
#1427=ORIENTED_EDGE('',*,*,#2638,.T.);
#1428=ORIENTED_EDGE('',*,*,#2584,.F.);
#1429=ORIENTED_EDGE('',*,*,#2588,.F.);
#1430=ORIENTED_EDGE('',*,*,#2591,.F.);
#1431=ORIENTED_EDGE('',*,*,#2594,.F.);
#1432=ORIENTED_EDGE('',*,*,#2597,.F.);
#1433=ORIENTED_EDGE('',*,*,#2600,.F.);
#1434=ORIENTED_EDGE('',*,*,#2603,.F.);
#1435=ORIENTED_EDGE('',*,*,#2606,.F.);
#1436=ORIENTED_EDGE('',*,*,#2609,.F.);
#1437=ORIENTED_EDGE('',*,*,#2612,.F.);
#1438=ORIENTED_EDGE('',*,*,#2615,.F.);
#1439=ORIENTED_EDGE('',*,*,#2618,.F.);
#1440=ORIENTED_EDGE('',*,*,#2621,.F.);
#1441=ORIENTED_EDGE('',*,*,#2624,.F.);
#1442=ORIENTED_EDGE('',*,*,#2627,.F.);
#1443=ORIENTED_EDGE('',*,*,#2630,.F.);
#1444=ORIENTED_EDGE('',*,*,#2633,.F.);
#1445=ORIENTED_EDGE('',*,*,#2636,.F.);
#1446=ORIENTED_EDGE('',*,*,#2639,.F.);
#1447=ORIENTED_EDGE('',*,*,#2641,.F.);
#1448=ORIENTED_EDGE('',*,*,#2582,.T.);
#1449=ORIENTED_EDGE('',*,*,#2640,.T.);
#1450=ORIENTED_EDGE('',*,*,#2637,.T.);
#1451=ORIENTED_EDGE('',*,*,#2634,.T.);
#1452=ORIENTED_EDGE('',*,*,#2631,.T.);
#1453=ORIENTED_EDGE('',*,*,#2628,.T.);
#1454=ORIENTED_EDGE('',*,*,#2625,.T.);
#1455=ORIENTED_EDGE('',*,*,#2622,.T.);
#1456=ORIENTED_EDGE('',*,*,#2619,.T.);
#1457=ORIENTED_EDGE('',*,*,#2616,.T.);
#1458=ORIENTED_EDGE('',*,*,#2613,.T.);
#1459=ORIENTED_EDGE('',*,*,#2610,.T.);
#1460=ORIENTED_EDGE('',*,*,#2607,.T.);
#1461=ORIENTED_EDGE('',*,*,#2604,.T.);
#1462=ORIENTED_EDGE('',*,*,#2601,.T.);
#1463=ORIENTED_EDGE('',*,*,#2598,.T.);
#1464=ORIENTED_EDGE('',*,*,#2595,.T.);
#1465=ORIENTED_EDGE('',*,*,#2592,.T.);
#1466=ORIENTED_EDGE('',*,*,#2589,.T.);
#1467=ORIENTED_EDGE('',*,*,#2586,.T.);
#1468=ORIENTED_EDGE('',*,*,#2642,.F.);
#1469=ORIENTED_EDGE('',*,*,#2643,.F.);
#1470=ORIENTED_EDGE('',*,*,#2644,.T.);
#1471=ORIENTED_EDGE('',*,*,#2645,.T.);
#1472=ORIENTED_EDGE('',*,*,#2646,.F.);
#1473=ORIENTED_EDGE('',*,*,#2647,.F.);
#1474=ORIENTED_EDGE('',*,*,#2648,.T.);
#1475=ORIENTED_EDGE('',*,*,#2643,.T.);
#1476=ORIENTED_EDGE('',*,*,#2649,.F.);
#1477=ORIENTED_EDGE('',*,*,#2650,.F.);
#1478=ORIENTED_EDGE('',*,*,#2651,.T.);
#1479=ORIENTED_EDGE('',*,*,#2647,.T.);
#1480=ORIENTED_EDGE('',*,*,#2652,.F.);
#1481=ORIENTED_EDGE('',*,*,#2653,.F.);
#1482=ORIENTED_EDGE('',*,*,#2654,.T.);
#1483=ORIENTED_EDGE('',*,*,#2655,.T.);
#1484=ORIENTED_EDGE('',*,*,#2656,.F.);
#1485=ORIENTED_EDGE('',*,*,#2657,.F.);
#1486=ORIENTED_EDGE('',*,*,#2658,.T.);
#1487=ORIENTED_EDGE('',*,*,#2653,.T.);
#1488=ORIENTED_EDGE('',*,*,#2659,.F.);
#1489=ORIENTED_EDGE('',*,*,#2660,.F.);
#1490=ORIENTED_EDGE('',*,*,#2661,.T.);
#1491=ORIENTED_EDGE('',*,*,#2657,.T.);
#1492=ORIENTED_EDGE('',*,*,#2662,.F.);
#1493=ORIENTED_EDGE('',*,*,#2663,.F.);
#1494=ORIENTED_EDGE('',*,*,#2664,.T.);
#1495=ORIENTED_EDGE('',*,*,#2660,.T.);
#1496=ORIENTED_EDGE('',*,*,#2665,.F.);
#1497=ORIENTED_EDGE('',*,*,#2666,.F.);
#1498=ORIENTED_EDGE('',*,*,#2667,.T.);
#1499=ORIENTED_EDGE('',*,*,#2663,.T.);
#1500=ORIENTED_EDGE('',*,*,#2668,.F.);
#1501=ORIENTED_EDGE('',*,*,#2669,.F.);
#1502=ORIENTED_EDGE('',*,*,#2670,.T.);
#1503=ORIENTED_EDGE('',*,*,#2666,.T.);
#1504=ORIENTED_EDGE('',*,*,#2671,.F.);
#1505=ORIENTED_EDGE('',*,*,#2672,.F.);
#1506=ORIENTED_EDGE('',*,*,#2673,.T.);
#1507=ORIENTED_EDGE('',*,*,#2669,.T.);
#1508=ORIENTED_EDGE('',*,*,#2674,.F.);
#1509=ORIENTED_EDGE('',*,*,#2675,.F.);
#1510=ORIENTED_EDGE('',*,*,#2676,.T.);
#1511=ORIENTED_EDGE('',*,*,#2672,.T.);
#1512=ORIENTED_EDGE('',*,*,#2677,.F.);
#1513=ORIENTED_EDGE('',*,*,#2678,.F.);
#1514=ORIENTED_EDGE('',*,*,#2679,.T.);
#1515=ORIENTED_EDGE('',*,*,#2675,.T.);
#1516=ORIENTED_EDGE('',*,*,#2680,.F.);
#1517=ORIENTED_EDGE('',*,*,#2681,.F.);
#1518=ORIENTED_EDGE('',*,*,#2682,.T.);
#1519=ORIENTED_EDGE('',*,*,#2678,.T.);
#1520=ORIENTED_EDGE('',*,*,#2683,.F.);
#1521=ORIENTED_EDGE('',*,*,#2684,.F.);
#1522=ORIENTED_EDGE('',*,*,#2685,.T.);
#1523=ORIENTED_EDGE('',*,*,#2681,.T.);
#1524=ORIENTED_EDGE('',*,*,#2686,.F.);
#1525=ORIENTED_EDGE('',*,*,#2687,.F.);
#1526=ORIENTED_EDGE('',*,*,#2688,.T.);
#1527=ORIENTED_EDGE('',*,*,#2684,.T.);
#1528=ORIENTED_EDGE('',*,*,#2689,.F.);
#1529=ORIENTED_EDGE('',*,*,#2690,.F.);
#1530=ORIENTED_EDGE('',*,*,#2691,.T.);
#1531=ORIENTED_EDGE('',*,*,#2687,.T.);
#1532=ORIENTED_EDGE('',*,*,#2692,.F.);
#1533=ORIENTED_EDGE('',*,*,#2693,.F.);
#1534=ORIENTED_EDGE('',*,*,#2694,.T.);
#1535=ORIENTED_EDGE('',*,*,#2690,.T.);
#1536=ORIENTED_EDGE('',*,*,#2695,.F.);
#1537=ORIENTED_EDGE('',*,*,#2696,.F.);
#1538=ORIENTED_EDGE('',*,*,#2697,.T.);
#1539=ORIENTED_EDGE('',*,*,#2693,.T.);
#1540=ORIENTED_EDGE('',*,*,#2698,.F.);
#1541=ORIENTED_EDGE('',*,*,#2655,.F.);
#1542=ORIENTED_EDGE('',*,*,#2699,.T.);
#1543=ORIENTED_EDGE('',*,*,#2696,.T.);
#1544=ORIENTED_EDGE('',*,*,#2700,.F.);
#1545=ORIENTED_EDGE('',*,*,#2645,.F.);
#1546=ORIENTED_EDGE('',*,*,#2701,.T.);
#1547=ORIENTED_EDGE('',*,*,#2650,.T.);
#1548=ORIENTED_EDGE('',*,*,#2654,.F.);
#1549=ORIENTED_EDGE('',*,*,#2658,.F.);
#1550=ORIENTED_EDGE('',*,*,#2661,.F.);
#1551=ORIENTED_EDGE('',*,*,#2664,.F.);
#1552=ORIENTED_EDGE('',*,*,#2667,.F.);
#1553=ORIENTED_EDGE('',*,*,#2670,.F.);
#1554=ORIENTED_EDGE('',*,*,#2673,.F.);
#1555=ORIENTED_EDGE('',*,*,#2676,.F.);
#1556=ORIENTED_EDGE('',*,*,#2679,.F.);
#1557=ORIENTED_EDGE('',*,*,#2682,.F.);
#1558=ORIENTED_EDGE('',*,*,#2685,.F.);
#1559=ORIENTED_EDGE('',*,*,#2688,.F.);
#1560=ORIENTED_EDGE('',*,*,#2691,.F.);
#1561=ORIENTED_EDGE('',*,*,#2694,.F.);
#1562=ORIENTED_EDGE('',*,*,#2697,.F.);
#1563=ORIENTED_EDGE('',*,*,#2699,.F.);
#1564=ORIENTED_EDGE('',*,*,#2644,.F.);
#1565=ORIENTED_EDGE('',*,*,#2648,.F.);
#1566=ORIENTED_EDGE('',*,*,#2651,.F.);
#1567=ORIENTED_EDGE('',*,*,#2701,.F.);
#1568=ORIENTED_EDGE('',*,*,#2652,.T.);
#1569=ORIENTED_EDGE('',*,*,#2698,.T.);
#1570=ORIENTED_EDGE('',*,*,#2695,.T.);
#1571=ORIENTED_EDGE('',*,*,#2692,.T.);
#1572=ORIENTED_EDGE('',*,*,#2689,.T.);
#1573=ORIENTED_EDGE('',*,*,#2686,.T.);
#1574=ORIENTED_EDGE('',*,*,#2683,.T.);
#1575=ORIENTED_EDGE('',*,*,#2680,.T.);
#1576=ORIENTED_EDGE('',*,*,#2677,.T.);
#1577=ORIENTED_EDGE('',*,*,#2674,.T.);
#1578=ORIENTED_EDGE('',*,*,#2671,.T.);
#1579=ORIENTED_EDGE('',*,*,#2668,.T.);
#1580=ORIENTED_EDGE('',*,*,#2665,.T.);
#1581=ORIENTED_EDGE('',*,*,#2662,.T.);
#1582=ORIENTED_EDGE('',*,*,#2659,.T.);
#1583=ORIENTED_EDGE('',*,*,#2656,.T.);
#1584=ORIENTED_EDGE('',*,*,#2642,.T.);
#1585=ORIENTED_EDGE('',*,*,#2700,.T.);
#1586=ORIENTED_EDGE('',*,*,#2649,.T.);
#1587=ORIENTED_EDGE('',*,*,#2646,.T.);
#1588=ORIENTED_EDGE('',*,*,#2702,.F.);
#1589=ORIENTED_EDGE('',*,*,#2703,.T.);
#1590=ORIENTED_EDGE('',*,*,#2704,.T.);
#1591=ORIENTED_EDGE('',*,*,#2705,.T.);
#1592=ORIENTED_EDGE('',*,*,#2706,.T.);
#1593=ORIENTED_EDGE('',*,*,#2707,.T.);
#1594=ORIENTED_EDGE('',*,*,#2708,.F.);
#1595=ORIENTED_EDGE('',*,*,#2709,.F.);
#1596=ORIENTED_EDGE('',*,*,#2710,.T.);
#1597=ORIENTED_EDGE('',*,*,#2711,.T.);
#1598=ORIENTED_EDGE('',*,*,#2712,.F.);
#1599=ORIENTED_EDGE('',*,*,#2713,.T.);
#1600=ORIENTED_EDGE('',*,*,#2714,.F.);
#1601=ORIENTED_EDGE('',*,*,#2715,.T.);
#1602=ORIENTED_EDGE('',*,*,#2716,.T.);
#1603=ORIENTED_EDGE('',*,*,#2717,.T.);
#1604=ORIENTED_EDGE('',*,*,#2718,.F.);
#1605=ORIENTED_EDGE('',*,*,#2719,.T.);
#1606=ORIENTED_EDGE('',*,*,#2720,.F.);
#1607=ORIENTED_EDGE('',*,*,#2721,.T.);
#1608=ORIENTED_EDGE('',*,*,#2722,.F.);
#1609=ORIENTED_EDGE('',*,*,#2723,.T.);
#1610=ORIENTED_EDGE('',*,*,#2724,.F.);
#1611=ORIENTED_EDGE('',*,*,#2725,.T.);
#1612=ORIENTED_EDGE('',*,*,#2726,.F.);
#1613=ORIENTED_EDGE('',*,*,#2727,.T.);
#1614=ORIENTED_EDGE('',*,*,#2728,.T.);
#1615=ORIENTED_EDGE('',*,*,#2729,.T.);
#1616=ORIENTED_EDGE('',*,*,#2712,.T.);
#1617=ORIENTED_EDGE('',*,*,#2730,.T.);
#1618=ORIENTED_EDGE('',*,*,#2726,.T.);
#1619=ORIENTED_EDGE('',*,*,#2731,.T.);
#1620=ORIENTED_EDGE('',*,*,#2704,.F.);
#1621=ORIENTED_EDGE('',*,*,#2732,.T.);
#1622=ORIENTED_EDGE('',*,*,#2716,.F.);
#1623=ORIENTED_EDGE('',*,*,#2733,.T.);
#1624=ORIENTED_EDGE('',*,*,#2718,.T.);
#1625=ORIENTED_EDGE('',*,*,#2720,.T.);
#1626=ORIENTED_EDGE('',*,*,#2722,.T.);
#1627=ORIENTED_EDGE('',*,*,#2724,.T.);
#1628=ORIENTED_EDGE('',*,*,#2734,.T.);
#1629=ORIENTED_EDGE('',*,*,#2735,.T.);
#1630=ORIENTED_EDGE('',*,*,#2736,.F.);
#1631=ORIENTED_EDGE('',*,*,#2737,.T.);
#1632=ORIENTED_EDGE('',*,*,#2738,.F.);
#1633=ORIENTED_EDGE('',*,*,#2739,.F.);
#1634=ORIENTED_EDGE('',*,*,#2740,.F.);
#1635=ORIENTED_EDGE('',*,*,#2736,.T.);
#1636=ORIENTED_EDGE('',*,*,#2741,.F.);
#1637=ORIENTED_EDGE('',*,*,#2742,.F.);
#1638=ORIENTED_EDGE('',*,*,#2743,.F.);
#1639=ORIENTED_EDGE('',*,*,#2739,.T.);
#1640=ORIENTED_EDGE('',*,*,#2744,.F.);
#1641=ORIENTED_EDGE('',*,*,#2745,.T.);
#1642=ORIENTED_EDGE('',*,*,#2734,.F.);
#1643=ORIENTED_EDGE('',*,*,#2746,.T.);
#1644=ORIENTED_EDGE('',*,*,#2742,.T.);
#1645=ORIENTED_EDGE('',*,*,#2747,.T.);
#1646=ORIENTED_EDGE('',*,*,#2748,.T.);
#1647=ORIENTED_EDGE('',*,*,#2749,.T.);
#1648=ORIENTED_EDGE('',*,*,#2737,.F.);
#1649=ORIENTED_EDGE('',*,*,#2740,.T.);
#1650=ORIENTED_EDGE('',*,*,#2743,.T.);
#1651=ORIENTED_EDGE('',*,*,#2746,.F.);
#1652=ORIENTED_EDGE('',*,*,#2725,.F.);
#1653=ORIENTED_EDGE('',*,*,#2723,.F.);
#1654=ORIENTED_EDGE('',*,*,#2721,.F.);
#1655=ORIENTED_EDGE('',*,*,#2719,.F.);
#1656=ORIENTED_EDGE('',*,*,#2728,.F.);
#1657=ORIENTED_EDGE('',*,*,#2750,.T.);
#1658=ORIENTED_EDGE('',*,*,#2710,.F.);
#1659=ORIENTED_EDGE('',*,*,#2751,.T.);
#1660=ORIENTED_EDGE('',*,*,#2714,.T.);
#1661=ORIENTED_EDGE('',*,*,#2752,.T.);
#1662=ORIENTED_EDGE('',*,*,#2702,.T.);
#1663=ORIENTED_EDGE('',*,*,#2753,.T.);
#1664=ORIENTED_EDGE('',*,*,#2754,.F.);
#1665=ORIENTED_EDGE('',*,*,#2755,.T.);
#1666=ORIENTED_EDGE('',*,*,#2756,.T.);
#1667=ORIENTED_EDGE('',*,*,#2747,.F.);
#1668=ORIENTED_EDGE('',*,*,#2741,.T.);
#1669=ORIENTED_EDGE('',*,*,#2738,.T.);
#1670=ORIENTED_EDGE('',*,*,#2735,.F.);
#1671=ORIENTED_EDGE('',*,*,#2745,.F.);
#1672=ORIENTED_EDGE('',*,*,#2750,.F.);
#1673=ORIENTED_EDGE('',*,*,#2727,.F.);
#1674=ORIENTED_EDGE('',*,*,#2730,.F.);
#1675=ORIENTED_EDGE('',*,*,#2711,.F.);
#1676=ORIENTED_EDGE('',*,*,#2751,.F.);
#1677=ORIENTED_EDGE('',*,*,#2713,.F.);
#1678=ORIENTED_EDGE('',*,*,#2733,.F.);
#1679=ORIENTED_EDGE('',*,*,#2715,.F.);
#1680=ORIENTED_EDGE('',*,*,#2752,.F.);
#1681=ORIENTED_EDGE('',*,*,#2717,.F.);
#1682=ORIENTED_EDGE('',*,*,#2732,.F.);
#1683=ORIENTED_EDGE('',*,*,#2703,.F.);
#1684=ORIENTED_EDGE('',*,*,#2753,.F.);
#1685=ORIENTED_EDGE('',*,*,#2705,.F.);
#1686=ORIENTED_EDGE('',*,*,#2731,.F.);
#1687=ORIENTED_EDGE('',*,*,#2729,.F.);
#1688=ORIENTED_EDGE('',*,*,#2757,.T.);
#1689=ORIENTED_EDGE('',*,*,#2706,.F.);
#1690=ORIENTED_EDGE('',*,*,#2758,.F.);
#1691=ORIENTED_EDGE('',*,*,#2749,.F.);
#1692=ORIENTED_EDGE('',*,*,#2744,.T.);
#1693=ORIENTED_EDGE('',*,*,#2758,.T.);
#1694=ORIENTED_EDGE('',*,*,#2709,.T.);
#1695=ORIENTED_EDGE('',*,*,#2759,.F.);
#1696=ORIENTED_EDGE('',*,*,#2760,.F.);
#1697=ORIENTED_EDGE('',*,*,#2754,.T.);
#1698=ORIENTED_EDGE('',*,*,#2708,.T.);
#1699=ORIENTED_EDGE('',*,*,#2761,.F.);
#1700=ORIENTED_EDGE('',*,*,#2762,.F.);
#1701=ORIENTED_EDGE('',*,*,#2759,.T.);
#1702=ORIENTED_EDGE('',*,*,#2756,.F.);
#1703=ORIENTED_EDGE('',*,*,#2763,.T.);
#1704=ORIENTED_EDGE('',*,*,#2761,.T.);
#1705=ORIENTED_EDGE('',*,*,#2707,.F.);
#1706=ORIENTED_EDGE('',*,*,#2757,.F.);
#1707=ORIENTED_EDGE('',*,*,#2748,.F.);
#1708=ORIENTED_EDGE('',*,*,#2760,.T.);
#1709=ORIENTED_EDGE('',*,*,#2762,.T.);
#1710=ORIENTED_EDGE('',*,*,#2763,.F.);
#1711=ORIENTED_EDGE('',*,*,#2755,.F.);
#1712=ORIENTED_EDGE('',*,*,#2764,.T.);
#1713=ORIENTED_EDGE('',*,*,#2765,.T.);
#1714=ORIENTED_EDGE('',*,*,#2766,.F.);
#1715=ORIENTED_EDGE('',*,*,#2767,.F.);
#1716=ORIENTED_EDGE('',*,*,#2768,.T.);
#1717=ORIENTED_EDGE('',*,*,#2769,.T.);
#1718=ORIENTED_EDGE('',*,*,#2764,.F.);
#1719=ORIENTED_EDGE('',*,*,#2770,.F.);
#1720=ORIENTED_EDGE('',*,*,#2766,.T.);
#1721=ORIENTED_EDGE('',*,*,#2771,.T.);
#1722=ORIENTED_EDGE('',*,*,#2772,.F.);
#1723=ORIENTED_EDGE('',*,*,#2773,.F.);
#1724=ORIENTED_EDGE('',*,*,#2773,.T.);
#1725=ORIENTED_EDGE('',*,*,#2774,.T.);
#1726=ORIENTED_EDGE('',*,*,#2770,.T.);
#1727=ORIENTED_EDGE('',*,*,#2767,.T.);
#1728=ORIENTED_EDGE('',*,*,#2775,.F.);
#1729=ORIENTED_EDGE('',*,*,#2776,.F.);
#1730=ORIENTED_EDGE('',*,*,#2777,.F.);
#1731=ORIENTED_EDGE('',*,*,#2778,.F.);
#1732=ORIENTED_EDGE('',*,*,#2779,.F.);
#1733=ORIENTED_EDGE('',*,*,#2780,.F.);
#1734=ORIENTED_EDGE('',*,*,#2781,.F.);
#1735=ORIENTED_EDGE('',*,*,#2782,.F.);
#1736=ORIENTED_EDGE('',*,*,#2783,.F.);
#1737=ORIENTED_EDGE('',*,*,#2784,.F.);
#1738=ORIENTED_EDGE('',*,*,#2785,.F.);
#1739=ORIENTED_EDGE('',*,*,#2786,.F.);
#1740=ORIENTED_EDGE('',*,*,#2787,.F.);
#1741=ORIENTED_EDGE('',*,*,#2788,.F.);
#1742=ORIENTED_EDGE('',*,*,#2789,.F.);
#1743=ORIENTED_EDGE('',*,*,#2790,.F.);
#1744=ORIENTED_EDGE('',*,*,#2791,.F.);
#1745=ORIENTED_EDGE('',*,*,#2792,.F.);
#1746=ORIENTED_EDGE('',*,*,#2793,.F.);
#1747=ORIENTED_EDGE('',*,*,#2794,.F.);
#1748=ORIENTED_EDGE('',*,*,#2795,.F.);
#1749=ORIENTED_EDGE('',*,*,#2796,.F.);
#1750=ORIENTED_EDGE('',*,*,#2797,.F.);
#1751=ORIENTED_EDGE('',*,*,#2798,.F.);
#1752=ORIENTED_EDGE('',*,*,#2799,.F.);
#1753=ORIENTED_EDGE('',*,*,#2800,.F.);
#1754=ORIENTED_EDGE('',*,*,#2801,.F.);
#1755=ORIENTED_EDGE('',*,*,#2802,.F.);
#1756=ORIENTED_EDGE('',*,*,#2803,.F.);
#1757=ORIENTED_EDGE('',*,*,#2804,.F.);
#1758=ORIENTED_EDGE('',*,*,#2805,.F.);
#1759=ORIENTED_EDGE('',*,*,#2806,.F.);
#1760=ORIENTED_EDGE('',*,*,#2807,.F.);
#1761=ORIENTED_EDGE('',*,*,#2808,.F.);
#1762=ORIENTED_EDGE('',*,*,#2809,.F.);
#1763=ORIENTED_EDGE('',*,*,#2810,.F.);
#1764=ORIENTED_EDGE('',*,*,#2811,.F.);
#1765=ORIENTED_EDGE('',*,*,#2812,.F.);
#1766=ORIENTED_EDGE('',*,*,#2813,.F.);
#1767=ORIENTED_EDGE('',*,*,#2814,.F.);
#1768=ORIENTED_EDGE('',*,*,#2815,.F.);
#1769=ORIENTED_EDGE('',*,*,#2816,.F.);
#1770=ORIENTED_EDGE('',*,*,#2817,.F.);
#1771=ORIENTED_EDGE('',*,*,#2818,.F.);
#1772=ORIENTED_EDGE('',*,*,#2819,.F.);
#1773=ORIENTED_EDGE('',*,*,#2820,.F.);
#1774=ORIENTED_EDGE('',*,*,#2821,.F.);
#1775=ORIENTED_EDGE('',*,*,#2822,.F.);
#1776=ORIENTED_EDGE('',*,*,#2823,.F.);
#1777=ORIENTED_EDGE('',*,*,#2824,.F.);
#1778=ORIENTED_EDGE('',*,*,#2825,.F.);
#1779=ORIENTED_EDGE('',*,*,#2826,.F.);
#1780=ORIENTED_EDGE('',*,*,#2827,.F.);
#1781=ORIENTED_EDGE('',*,*,#2828,.F.);
#1782=ORIENTED_EDGE('',*,*,#2829,.F.);
#1783=ORIENTED_EDGE('',*,*,#2830,.F.);
#1784=ORIENTED_EDGE('',*,*,#2831,.F.);
#1785=ORIENTED_EDGE('',*,*,#2832,.F.);
#1786=ORIENTED_EDGE('',*,*,#2833,.F.);
#1787=ORIENTED_EDGE('',*,*,#2834,.F.);
#1788=ORIENTED_EDGE('',*,*,#2835,.F.);
#1789=ORIENTED_EDGE('',*,*,#2836,.F.);
#1790=ORIENTED_EDGE('',*,*,#2837,.F.);
#1791=ORIENTED_EDGE('',*,*,#2838,.F.);
#1792=ORIENTED_EDGE('',*,*,#2839,.F.);
#1793=ORIENTED_EDGE('',*,*,#2840,.F.);
#1794=ORIENTED_EDGE('',*,*,#2841,.F.);
#1795=ORIENTED_EDGE('',*,*,#2842,.F.);
#1796=ORIENTED_EDGE('',*,*,#2843,.F.);
#1797=ORIENTED_EDGE('',*,*,#2844,.F.);
#1798=ORIENTED_EDGE('',*,*,#2845,.F.);
#1799=ORIENTED_EDGE('',*,*,#2846,.F.);
#1800=ORIENTED_EDGE('',*,*,#2847,.F.);
#1801=ORIENTED_EDGE('',*,*,#2848,.F.);
#1802=ORIENTED_EDGE('',*,*,#2849,.F.);
#1803=ORIENTED_EDGE('',*,*,#2850,.F.);
#1804=ORIENTED_EDGE('',*,*,#2851,.F.);
#1805=ORIENTED_EDGE('',*,*,#2852,.F.);
#1806=ORIENTED_EDGE('',*,*,#2853,.F.);
#1807=ORIENTED_EDGE('',*,*,#2854,.F.);
#1808=ORIENTED_EDGE('',*,*,#2855,.F.);
#1809=ORIENTED_EDGE('',*,*,#2856,.F.);
#1810=ORIENTED_EDGE('',*,*,#2857,.F.);
#1811=ORIENTED_EDGE('',*,*,#2858,.F.);
#1812=ORIENTED_EDGE('',*,*,#2859,.F.);
#1813=ORIENTED_EDGE('',*,*,#2860,.F.);
#1814=ORIENTED_EDGE('',*,*,#2861,.F.);
#1815=ORIENTED_EDGE('',*,*,#2862,.F.);
#1816=ORIENTED_EDGE('',*,*,#2863,.F.);
#1817=ORIENTED_EDGE('',*,*,#2864,.F.);
#1818=ORIENTED_EDGE('',*,*,#2865,.F.);
#1819=ORIENTED_EDGE('',*,*,#2866,.F.);
#1820=ORIENTED_EDGE('',*,*,#2867,.F.);
#1821=ORIENTED_EDGE('',*,*,#2868,.F.);
#1822=ORIENTED_EDGE('',*,*,#2869,.F.);
#1823=ORIENTED_EDGE('',*,*,#2870,.F.);
#1824=ORIENTED_EDGE('',*,*,#2871,.F.);
#1825=ORIENTED_EDGE('',*,*,#2872,.F.);
#1826=ORIENTED_EDGE('',*,*,#2765,.F.);
#1827=ORIENTED_EDGE('',*,*,#2769,.F.);
#1828=ORIENTED_EDGE('',*,*,#2873,.F.);
#1829=ORIENTED_EDGE('',*,*,#2771,.F.);
#1830=ORIENTED_EDGE('',*,*,#2874,.T.);
#1831=ORIENTED_EDGE('',*,*,#2875,.T.);
#1832=ORIENTED_EDGE('',*,*,#2876,.T.);
#1833=ORIENTED_EDGE('',*,*,#2877,.T.);
#1834=ORIENTED_EDGE('',*,*,#2878,.T.);
#1835=ORIENTED_EDGE('',*,*,#2879,.T.);
#1836=ORIENTED_EDGE('',*,*,#2880,.T.);
#1837=ORIENTED_EDGE('',*,*,#2881,.T.);
#1838=ORIENTED_EDGE('',*,*,#2882,.T.);
#1839=ORIENTED_EDGE('',*,*,#2883,.T.);
#1840=ORIENTED_EDGE('',*,*,#2884,.T.);
#1841=ORIENTED_EDGE('',*,*,#2885,.T.);
#1842=ORIENTED_EDGE('',*,*,#2886,.T.);
#1843=ORIENTED_EDGE('',*,*,#2887,.T.);
#1844=ORIENTED_EDGE('',*,*,#2888,.T.);
#1845=ORIENTED_EDGE('',*,*,#2889,.T.);
#1846=ORIENTED_EDGE('',*,*,#2890,.T.);
#1847=ORIENTED_EDGE('',*,*,#2891,.T.);
#1848=ORIENTED_EDGE('',*,*,#2892,.T.);
#1849=ORIENTED_EDGE('',*,*,#2893,.T.);
#1850=ORIENTED_EDGE('',*,*,#2894,.T.);
#1851=ORIENTED_EDGE('',*,*,#2895,.T.);
#1852=ORIENTED_EDGE('',*,*,#2896,.T.);
#1853=ORIENTED_EDGE('',*,*,#2897,.T.);
#1854=ORIENTED_EDGE('',*,*,#2898,.T.);
#1855=ORIENTED_EDGE('',*,*,#2899,.T.);
#1856=ORIENTED_EDGE('',*,*,#2900,.T.);
#1857=ORIENTED_EDGE('',*,*,#2901,.T.);
#1858=ORIENTED_EDGE('',*,*,#2902,.T.);
#1859=ORIENTED_EDGE('',*,*,#2903,.T.);
#1860=ORIENTED_EDGE('',*,*,#2904,.T.);
#1861=ORIENTED_EDGE('',*,*,#2905,.T.);
#1862=ORIENTED_EDGE('',*,*,#2906,.T.);
#1863=ORIENTED_EDGE('',*,*,#2907,.T.);
#1864=ORIENTED_EDGE('',*,*,#2908,.T.);
#1865=ORIENTED_EDGE('',*,*,#2909,.T.);
#1866=ORIENTED_EDGE('',*,*,#2910,.T.);
#1867=ORIENTED_EDGE('',*,*,#2911,.T.);
#1868=ORIENTED_EDGE('',*,*,#2912,.T.);
#1869=ORIENTED_EDGE('',*,*,#2913,.T.);
#1870=ORIENTED_EDGE('',*,*,#2914,.T.);
#1871=ORIENTED_EDGE('',*,*,#2915,.T.);
#1872=ORIENTED_EDGE('',*,*,#2916,.T.);
#1873=ORIENTED_EDGE('',*,*,#2917,.T.);
#1874=ORIENTED_EDGE('',*,*,#2918,.T.);
#1875=ORIENTED_EDGE('',*,*,#2919,.T.);
#1876=ORIENTED_EDGE('',*,*,#2920,.T.);
#1877=ORIENTED_EDGE('',*,*,#2921,.T.);
#1878=ORIENTED_EDGE('',*,*,#2922,.T.);
#1879=ORIENTED_EDGE('',*,*,#2923,.T.);
#1880=ORIENTED_EDGE('',*,*,#2924,.T.);
#1881=ORIENTED_EDGE('',*,*,#2925,.T.);
#1882=ORIENTED_EDGE('',*,*,#2926,.T.);
#1883=ORIENTED_EDGE('',*,*,#2927,.T.);
#1884=ORIENTED_EDGE('',*,*,#2928,.T.);
#1885=ORIENTED_EDGE('',*,*,#2929,.T.);
#1886=ORIENTED_EDGE('',*,*,#2930,.T.);
#1887=ORIENTED_EDGE('',*,*,#2931,.T.);
#1888=ORIENTED_EDGE('',*,*,#2932,.T.);
#1889=ORIENTED_EDGE('',*,*,#2933,.T.);
#1890=ORIENTED_EDGE('',*,*,#2934,.T.);
#1891=ORIENTED_EDGE('',*,*,#2935,.T.);
#1892=ORIENTED_EDGE('',*,*,#2936,.T.);
#1893=ORIENTED_EDGE('',*,*,#2937,.T.);
#1894=ORIENTED_EDGE('',*,*,#2938,.T.);
#1895=ORIENTED_EDGE('',*,*,#2939,.T.);
#1896=ORIENTED_EDGE('',*,*,#2940,.T.);
#1897=ORIENTED_EDGE('',*,*,#2941,.T.);
#1898=ORIENTED_EDGE('',*,*,#2942,.T.);
#1899=ORIENTED_EDGE('',*,*,#2943,.T.);
#1900=ORIENTED_EDGE('',*,*,#2944,.T.);
#1901=ORIENTED_EDGE('',*,*,#2945,.T.);
#1902=ORIENTED_EDGE('',*,*,#2946,.T.);
#1903=ORIENTED_EDGE('',*,*,#2947,.T.);
#1904=ORIENTED_EDGE('',*,*,#2948,.T.);
#1905=ORIENTED_EDGE('',*,*,#2949,.T.);
#1906=ORIENTED_EDGE('',*,*,#2950,.T.);
#1907=ORIENTED_EDGE('',*,*,#2951,.T.);
#1908=ORIENTED_EDGE('',*,*,#2952,.T.);
#1909=ORIENTED_EDGE('',*,*,#2953,.T.);
#1910=ORIENTED_EDGE('',*,*,#2954,.T.);
#1911=ORIENTED_EDGE('',*,*,#2955,.T.);
#1912=ORIENTED_EDGE('',*,*,#2956,.T.);
#1913=ORIENTED_EDGE('',*,*,#2957,.T.);
#1914=ORIENTED_EDGE('',*,*,#2958,.T.);
#1915=ORIENTED_EDGE('',*,*,#2959,.T.);
#1916=ORIENTED_EDGE('',*,*,#2960,.T.);
#1917=ORIENTED_EDGE('',*,*,#2961,.T.);
#1918=ORIENTED_EDGE('',*,*,#2962,.T.);
#1919=ORIENTED_EDGE('',*,*,#2963,.T.);
#1920=ORIENTED_EDGE('',*,*,#2964,.T.);
#1921=ORIENTED_EDGE('',*,*,#2965,.T.);
#1922=ORIENTED_EDGE('',*,*,#2966,.T.);
#1923=ORIENTED_EDGE('',*,*,#2967,.T.);
#1924=ORIENTED_EDGE('',*,*,#2968,.T.);
#1925=ORIENTED_EDGE('',*,*,#2969,.T.);
#1926=ORIENTED_EDGE('',*,*,#2970,.T.);
#1927=ORIENTED_EDGE('',*,*,#2971,.T.);
#1928=ORIENTED_EDGE('',*,*,#2772,.T.);
#1929=ORIENTED_EDGE('',*,*,#2873,.T.);
#1930=ORIENTED_EDGE('',*,*,#2768,.F.);
#1931=ORIENTED_EDGE('',*,*,#2774,.F.);
#1932=ORIENTED_EDGE('',*,*,#2874,.F.);
#1933=ORIENTED_EDGE('',*,*,#2775,.T.);
#1934=ORIENTED_EDGE('',*,*,#2875,.F.);
#1935=ORIENTED_EDGE('',*,*,#2776,.T.);
#1936=ORIENTED_EDGE('',*,*,#2876,.F.);
#1937=ORIENTED_EDGE('',*,*,#2777,.T.);
#1938=ORIENTED_EDGE('',*,*,#2877,.F.);
#1939=ORIENTED_EDGE('',*,*,#2778,.T.);
#1940=ORIENTED_EDGE('',*,*,#2878,.F.);
#1941=ORIENTED_EDGE('',*,*,#2779,.T.);
#1942=ORIENTED_EDGE('',*,*,#2879,.F.);
#1943=ORIENTED_EDGE('',*,*,#2780,.T.);
#1944=ORIENTED_EDGE('',*,*,#2880,.F.);
#1945=ORIENTED_EDGE('',*,*,#2781,.T.);
#1946=ORIENTED_EDGE('',*,*,#2881,.F.);
#1947=ORIENTED_EDGE('',*,*,#2782,.T.);
#1948=ORIENTED_EDGE('',*,*,#2882,.F.);
#1949=ORIENTED_EDGE('',*,*,#2783,.T.);
#1950=ORIENTED_EDGE('',*,*,#2883,.F.);
#1951=ORIENTED_EDGE('',*,*,#2784,.T.);
#1952=ORIENTED_EDGE('',*,*,#2884,.F.);
#1953=ORIENTED_EDGE('',*,*,#2785,.T.);
#1954=ORIENTED_EDGE('',*,*,#2885,.F.);
#1955=ORIENTED_EDGE('',*,*,#2786,.T.);
#1956=ORIENTED_EDGE('',*,*,#2886,.F.);
#1957=ORIENTED_EDGE('',*,*,#2787,.T.);
#1958=ORIENTED_EDGE('',*,*,#2887,.F.);
#1959=ORIENTED_EDGE('',*,*,#2788,.T.);
#1960=ORIENTED_EDGE('',*,*,#2888,.F.);
#1961=ORIENTED_EDGE('',*,*,#2789,.T.);
#1962=ORIENTED_EDGE('',*,*,#2889,.F.);
#1963=ORIENTED_EDGE('',*,*,#2790,.T.);
#1964=ORIENTED_EDGE('',*,*,#2890,.F.);
#1965=ORIENTED_EDGE('',*,*,#2791,.T.);
#1966=ORIENTED_EDGE('',*,*,#2891,.F.);
#1967=ORIENTED_EDGE('',*,*,#2792,.T.);
#1968=ORIENTED_EDGE('',*,*,#2892,.F.);
#1969=ORIENTED_EDGE('',*,*,#2793,.T.);
#1970=ORIENTED_EDGE('',*,*,#2893,.F.);
#1971=ORIENTED_EDGE('',*,*,#2794,.T.);
#1972=ORIENTED_EDGE('',*,*,#2894,.F.);
#1973=ORIENTED_EDGE('',*,*,#2795,.T.);
#1974=ORIENTED_EDGE('',*,*,#2895,.F.);
#1975=ORIENTED_EDGE('',*,*,#2796,.T.);
#1976=ORIENTED_EDGE('',*,*,#2896,.F.);
#1977=ORIENTED_EDGE('',*,*,#2797,.T.);
#1978=ORIENTED_EDGE('',*,*,#2897,.F.);
#1979=ORIENTED_EDGE('',*,*,#2798,.T.);
#1980=ORIENTED_EDGE('',*,*,#2898,.F.);
#1981=ORIENTED_EDGE('',*,*,#2799,.T.);
#1982=ORIENTED_EDGE('',*,*,#2899,.F.);
#1983=ORIENTED_EDGE('',*,*,#2800,.T.);
#1984=ORIENTED_EDGE('',*,*,#2900,.F.);
#1985=ORIENTED_EDGE('',*,*,#2801,.T.);
#1986=ORIENTED_EDGE('',*,*,#2901,.F.);
#1987=ORIENTED_EDGE('',*,*,#2802,.T.);
#1988=ORIENTED_EDGE('',*,*,#2902,.F.);
#1989=ORIENTED_EDGE('',*,*,#2803,.T.);
#1990=ORIENTED_EDGE('',*,*,#2903,.F.);
#1991=ORIENTED_EDGE('',*,*,#2804,.T.);
#1992=ORIENTED_EDGE('',*,*,#2904,.F.);
#1993=ORIENTED_EDGE('',*,*,#2805,.T.);
#1994=ORIENTED_EDGE('',*,*,#2905,.F.);
#1995=ORIENTED_EDGE('',*,*,#2806,.T.);
#1996=ORIENTED_EDGE('',*,*,#2906,.F.);
#1997=ORIENTED_EDGE('',*,*,#2807,.T.);
#1998=ORIENTED_EDGE('',*,*,#2907,.F.);
#1999=ORIENTED_EDGE('',*,*,#2808,.T.);
#2000=ORIENTED_EDGE('',*,*,#2908,.F.);
#2001=ORIENTED_EDGE('',*,*,#2809,.T.);
#2002=ORIENTED_EDGE('',*,*,#2909,.F.);
#2003=ORIENTED_EDGE('',*,*,#2810,.T.);
#2004=ORIENTED_EDGE('',*,*,#2910,.F.);
#2005=ORIENTED_EDGE('',*,*,#2811,.T.);
#2006=ORIENTED_EDGE('',*,*,#2911,.F.);
#2007=ORIENTED_EDGE('',*,*,#2812,.T.);
#2008=ORIENTED_EDGE('',*,*,#2912,.F.);
#2009=ORIENTED_EDGE('',*,*,#2813,.T.);
#2010=ORIENTED_EDGE('',*,*,#2913,.F.);
#2011=ORIENTED_EDGE('',*,*,#2814,.T.);
#2012=ORIENTED_EDGE('',*,*,#2914,.F.);
#2013=ORIENTED_EDGE('',*,*,#2815,.T.);
#2014=ORIENTED_EDGE('',*,*,#2915,.F.);
#2015=ORIENTED_EDGE('',*,*,#2816,.T.);
#2016=ORIENTED_EDGE('',*,*,#2916,.F.);
#2017=ORIENTED_EDGE('',*,*,#2817,.T.);
#2018=ORIENTED_EDGE('',*,*,#2917,.F.);
#2019=ORIENTED_EDGE('',*,*,#2818,.T.);
#2020=ORIENTED_EDGE('',*,*,#2918,.F.);
#2021=ORIENTED_EDGE('',*,*,#2819,.T.);
#2022=ORIENTED_EDGE('',*,*,#2919,.F.);
#2023=ORIENTED_EDGE('',*,*,#2820,.T.);
#2024=ORIENTED_EDGE('',*,*,#2920,.F.);
#2025=ORIENTED_EDGE('',*,*,#2821,.T.);
#2026=ORIENTED_EDGE('',*,*,#2921,.F.);
#2027=ORIENTED_EDGE('',*,*,#2822,.T.);
#2028=ORIENTED_EDGE('',*,*,#2922,.F.);
#2029=ORIENTED_EDGE('',*,*,#2823,.T.);
#2030=ORIENTED_EDGE('',*,*,#2923,.F.);
#2031=ORIENTED_EDGE('',*,*,#2824,.T.);
#2032=ORIENTED_EDGE('',*,*,#2924,.F.);
#2033=ORIENTED_EDGE('',*,*,#2825,.T.);
#2034=ORIENTED_EDGE('',*,*,#2925,.F.);
#2035=ORIENTED_EDGE('',*,*,#2826,.T.);
#2036=ORIENTED_EDGE('',*,*,#2926,.F.);
#2037=ORIENTED_EDGE('',*,*,#2827,.T.);
#2038=ORIENTED_EDGE('',*,*,#2927,.F.);
#2039=ORIENTED_EDGE('',*,*,#2828,.T.);
#2040=ORIENTED_EDGE('',*,*,#2928,.F.);
#2041=ORIENTED_EDGE('',*,*,#2829,.T.);
#2042=ORIENTED_EDGE('',*,*,#2929,.F.);
#2043=ORIENTED_EDGE('',*,*,#2830,.T.);
#2044=ORIENTED_EDGE('',*,*,#2930,.F.);
#2045=ORIENTED_EDGE('',*,*,#2831,.T.);
#2046=ORIENTED_EDGE('',*,*,#2931,.F.);
#2047=ORIENTED_EDGE('',*,*,#2832,.T.);
#2048=ORIENTED_EDGE('',*,*,#2932,.F.);
#2049=ORIENTED_EDGE('',*,*,#2833,.T.);
#2050=ORIENTED_EDGE('',*,*,#2933,.F.);
#2051=ORIENTED_EDGE('',*,*,#2834,.T.);
#2052=ORIENTED_EDGE('',*,*,#2934,.F.);
#2053=ORIENTED_EDGE('',*,*,#2835,.T.);
#2054=ORIENTED_EDGE('',*,*,#2935,.F.);
#2055=ORIENTED_EDGE('',*,*,#2836,.T.);
#2056=ORIENTED_EDGE('',*,*,#2936,.F.);
#2057=ORIENTED_EDGE('',*,*,#2837,.T.);
#2058=ORIENTED_EDGE('',*,*,#2937,.F.);
#2059=ORIENTED_EDGE('',*,*,#2838,.T.);
#2060=ORIENTED_EDGE('',*,*,#2938,.F.);
#2061=ORIENTED_EDGE('',*,*,#2839,.T.);
#2062=ORIENTED_EDGE('',*,*,#2939,.F.);
#2063=ORIENTED_EDGE('',*,*,#2840,.T.);
#2064=ORIENTED_EDGE('',*,*,#2940,.F.);
#2065=ORIENTED_EDGE('',*,*,#2841,.T.);
#2066=ORIENTED_EDGE('',*,*,#2941,.F.);
#2067=ORIENTED_EDGE('',*,*,#2842,.T.);
#2068=ORIENTED_EDGE('',*,*,#2942,.F.);
#2069=ORIENTED_EDGE('',*,*,#2843,.T.);
#2070=ORIENTED_EDGE('',*,*,#2943,.F.);
#2071=ORIENTED_EDGE('',*,*,#2844,.T.);
#2072=ORIENTED_EDGE('',*,*,#2944,.F.);
#2073=ORIENTED_EDGE('',*,*,#2845,.T.);
#2074=ORIENTED_EDGE('',*,*,#2945,.F.);
#2075=ORIENTED_EDGE('',*,*,#2846,.T.);
#2076=ORIENTED_EDGE('',*,*,#2946,.F.);
#2077=ORIENTED_EDGE('',*,*,#2847,.T.);
#2078=ORIENTED_EDGE('',*,*,#2947,.F.);
#2079=ORIENTED_EDGE('',*,*,#2848,.T.);
#2080=ORIENTED_EDGE('',*,*,#2948,.F.);
#2081=ORIENTED_EDGE('',*,*,#2849,.T.);
#2082=ORIENTED_EDGE('',*,*,#2949,.F.);
#2083=ORIENTED_EDGE('',*,*,#2850,.T.);
#2084=ORIENTED_EDGE('',*,*,#2950,.F.);
#2085=ORIENTED_EDGE('',*,*,#2851,.T.);
#2086=ORIENTED_EDGE('',*,*,#2951,.F.);
#2087=ORIENTED_EDGE('',*,*,#2852,.T.);
#2088=ORIENTED_EDGE('',*,*,#2952,.F.);
#2089=ORIENTED_EDGE('',*,*,#2853,.T.);
#2090=ORIENTED_EDGE('',*,*,#2953,.F.);
#2091=ORIENTED_EDGE('',*,*,#2854,.T.);
#2092=ORIENTED_EDGE('',*,*,#2954,.F.);
#2093=ORIENTED_EDGE('',*,*,#2855,.T.);
#2094=ORIENTED_EDGE('',*,*,#2955,.F.);
#2095=ORIENTED_EDGE('',*,*,#2856,.T.);
#2096=ORIENTED_EDGE('',*,*,#2956,.F.);
#2097=ORIENTED_EDGE('',*,*,#2857,.T.);
#2098=ORIENTED_EDGE('',*,*,#2957,.F.);
#2099=ORIENTED_EDGE('',*,*,#2858,.T.);
#2100=ORIENTED_EDGE('',*,*,#2958,.F.);
#2101=ORIENTED_EDGE('',*,*,#2859,.T.);
#2102=ORIENTED_EDGE('',*,*,#2959,.F.);
#2103=ORIENTED_EDGE('',*,*,#2860,.T.);
#2104=ORIENTED_EDGE('',*,*,#2960,.F.);
#2105=ORIENTED_EDGE('',*,*,#2861,.T.);
#2106=ORIENTED_EDGE('',*,*,#2865,.T.);
#2107=ORIENTED_EDGE('',*,*,#2972,.T.);
#2108=ORIENTED_EDGE('',*,*,#2961,.F.);
#2109=ORIENTED_EDGE('',*,*,#2973,.F.);
#2110=ORIENTED_EDGE('',*,*,#2862,.T.);
#2111=ORIENTED_EDGE('',*,*,#2973,.T.);
#2112=ORIENTED_EDGE('',*,*,#2964,.F.);
#2113=ORIENTED_EDGE('',*,*,#2974,.F.);
#2114=ORIENTED_EDGE('',*,*,#2863,.T.);
#2115=ORIENTED_EDGE('',*,*,#2974,.T.);
#2116=ORIENTED_EDGE('',*,*,#2963,.F.);
#2117=ORIENTED_EDGE('',*,*,#2975,.F.);
#2118=ORIENTED_EDGE('',*,*,#2864,.T.);
#2119=ORIENTED_EDGE('',*,*,#2975,.T.);
#2120=ORIENTED_EDGE('',*,*,#2962,.F.);
#2121=ORIENTED_EDGE('',*,*,#2972,.F.);
#2122=ORIENTED_EDGE('',*,*,#2869,.T.);
#2123=ORIENTED_EDGE('',*,*,#2976,.T.);
#2124=ORIENTED_EDGE('',*,*,#2965,.F.);
#2125=ORIENTED_EDGE('',*,*,#2977,.F.);
#2126=ORIENTED_EDGE('',*,*,#2866,.T.);
#2127=ORIENTED_EDGE('',*,*,#2977,.T.);
#2128=ORIENTED_EDGE('',*,*,#2968,.F.);
#2129=ORIENTED_EDGE('',*,*,#2978,.F.);
#2130=ORIENTED_EDGE('',*,*,#2867,.T.);
#2131=ORIENTED_EDGE('',*,*,#2978,.T.);
#2132=ORIENTED_EDGE('',*,*,#2967,.F.);
#2133=ORIENTED_EDGE('',*,*,#2979,.F.);
#2134=ORIENTED_EDGE('',*,*,#2868,.T.);
#2135=ORIENTED_EDGE('',*,*,#2979,.T.);
#2136=ORIENTED_EDGE('',*,*,#2966,.F.);
#2137=ORIENTED_EDGE('',*,*,#2976,.F.);
#2138=ORIENTED_EDGE('',*,*,#2969,.F.);
#2139=ORIENTED_EDGE('',*,*,#2870,.T.);
#2140=ORIENTED_EDGE('',*,*,#2970,.F.);
#2141=ORIENTED_EDGE('',*,*,#2871,.T.);
#2142=ORIENTED_EDGE('',*,*,#2971,.F.);
#2143=ORIENTED_EDGE('',*,*,#2872,.T.);
#2144=EDGE_CURVE('',#2980,#2981,#3602,.T.);
#2145=EDGE_CURVE('',#2981,#2982,#3603,.T.);
#2146=EDGE_CURVE('',#2983,#2982,#3604,.T.);
#2147=EDGE_CURVE('',#2983,#2980,#3605,.F.);
#2148=EDGE_CURVE('',#2984,#2985,#3606,.T.);
#2149=EDGE_CURVE('',#2985,#2986,#3607,.F.);
#2150=EDGE_CURVE('',#2987,#2986,#3608,.T.);
#2151=EDGE_CURVE('',#2987,#2984,#3609,.T.);
#2152=EDGE_CURVE('',#2988,#2989,#3610,.T.);
#2153=EDGE_CURVE('',#2988,#2990,#3611,.T.);
#2154=EDGE_CURVE('',#2990,#2991,#3612,.T.);
#2155=EDGE_CURVE('',#2991,#2989,#3613,.F.);
#2156=EDGE_CURVE('',#2992,#2993,#3614,.T.);
#2157=EDGE_CURVE('',#2994,#2992,#3615,.T.);
#2158=EDGE_CURVE('',#2994,#2995,#3616,.T.);
#2159=EDGE_CURVE('',#2995,#2993,#3617,.T.);
#2160=EDGE_CURVE('',#2992,#2996,#3618,.T.);
#2161=EDGE_CURVE('',#2997,#2996,#3619,.T.);
#2162=EDGE_CURVE('',#2994,#2997,#3620,.T.);
#2163=EDGE_CURVE('',#2996,#2998,#3621,.T.);
#2164=EDGE_CURVE('',#2999,#2998,#3622,.T.);
#2165=EDGE_CURVE('',#2997,#2999,#3623,.T.);
#2166=EDGE_CURVE('',#3000,#3001,#3624,.T.);
#2167=EDGE_CURVE('',#3002,#3000,#3625,.T.);
#2168=EDGE_CURVE('',#3002,#3003,#3626,.T.);
#2169=EDGE_CURVE('',#3003,#3001,#3627,.T.);
#2170=EDGE_CURVE('',#3000,#3004,#3628,.T.);
#2171=EDGE_CURVE('',#3005,#3004,#3629,.T.);
#2172=EDGE_CURVE('',#3002,#3005,#3630,.T.);
#2173=EDGE_CURVE('',#3004,#3006,#3631,.T.);
#2174=EDGE_CURVE('',#3007,#3006,#3632,.T.);
#2175=EDGE_CURVE('',#3005,#3007,#3633,.T.);
#2176=EDGE_CURVE('',#3008,#3009,#3634,.T.);
#2177=EDGE_CURVE('',#3010,#3008,#3635,.T.);
#2178=EDGE_CURVE('',#3010,#3011,#3636,.T.);
#2179=EDGE_CURVE('',#3011,#3009,#3637,.T.);
#2180=EDGE_CURVE('',#3008,#3012,#3638,.T.);
#2181=EDGE_CURVE('',#3013,#3012,#3639,.T.);
#2182=EDGE_CURVE('',#3010,#3013,#3640,.T.);
#2183=EDGE_CURVE('',#3012,#3014,#3641,.T.);
#2184=EDGE_CURVE('',#3015,#3014,#3642,.T.);
#2185=EDGE_CURVE('',#3013,#3015,#3643,.T.);
#2186=EDGE_CURVE('',#3016,#3017,#3644,.T.);
#2187=EDGE_CURVE('',#3018,#3016,#3645,.T.);
#2188=EDGE_CURVE('',#3018,#3019,#3646,.T.);
#2189=EDGE_CURVE('',#3019,#3017,#3647,.T.);
#2190=EDGE_CURVE('',#3016,#3020,#3648,.T.);
#2191=EDGE_CURVE('',#3021,#3020,#3649,.T.);
#2192=EDGE_CURVE('',#3018,#3021,#3650,.T.);
#2193=EDGE_CURVE('',#3020,#3022,#3651,.T.);
#2194=EDGE_CURVE('',#3023,#3022,#3652,.T.);
#2195=EDGE_CURVE('',#3021,#3023,#3653,.T.);
#2196=EDGE_CURVE('',#3024,#3025,#3654,.T.);
#2197=EDGE_CURVE('',#3026,#3024,#3655,.T.);
#2198=EDGE_CURVE('',#3026,#3027,#3656,.T.);
#2199=EDGE_CURVE('',#3027,#3025,#3657,.T.);
#2200=EDGE_CURVE('',#3024,#3028,#3658,.T.);
#2201=EDGE_CURVE('',#3029,#3028,#3659,.T.);
#2202=EDGE_CURVE('',#3026,#3029,#3660,.T.);
#2203=EDGE_CURVE('',#3028,#3030,#3661,.T.);
#2204=EDGE_CURVE('',#3031,#3030,#3662,.T.);
#2205=EDGE_CURVE('',#3029,#3031,#3663,.T.);
#2206=EDGE_CURVE('',#3032,#3033,#3664,.T.);
#2207=EDGE_CURVE('',#3034,#3032,#3665,.T.);
#2208=EDGE_CURVE('',#3034,#3035,#3666,.T.);
#2209=EDGE_CURVE('',#3035,#3033,#3667,.T.);
#2210=EDGE_CURVE('',#3032,#3036,#3668,.T.);
#2211=EDGE_CURVE('',#3037,#3036,#3669,.T.);
#2212=EDGE_CURVE('',#3034,#3037,#3670,.T.);
#2213=EDGE_CURVE('',#3036,#3038,#3671,.T.);
#2214=EDGE_CURVE('',#3039,#3038,#3672,.T.);
#2215=EDGE_CURVE('',#3037,#3039,#3673,.T.);
#2216=EDGE_CURVE('',#3040,#3041,#3674,.T.);
#2217=EDGE_CURVE('',#3042,#3040,#3675,.T.);
#2218=EDGE_CURVE('',#3042,#3043,#3676,.T.);
#2219=EDGE_CURVE('',#3043,#3041,#3677,.T.);
#2220=EDGE_CURVE('',#3040,#3044,#3678,.T.);
#2221=EDGE_CURVE('',#3045,#3044,#3679,.T.);
#2222=EDGE_CURVE('',#3042,#3045,#3680,.T.);
#2223=EDGE_CURVE('',#3044,#3046,#3681,.T.);
#2224=EDGE_CURVE('',#3047,#3046,#3682,.T.);
#2225=EDGE_CURVE('',#3045,#3047,#3683,.T.);
#2226=EDGE_CURVE('',#3048,#3049,#3684,.T.);
#2227=EDGE_CURVE('',#3050,#3048,#3685,.T.);
#2228=EDGE_CURVE('',#3050,#3051,#3686,.T.);
#2229=EDGE_CURVE('',#3051,#3049,#3687,.T.);
#2230=EDGE_CURVE('',#3048,#3052,#3688,.T.);
#2231=EDGE_CURVE('',#3053,#3052,#3689,.T.);
#2232=EDGE_CURVE('',#3050,#3053,#3690,.T.);
#2233=EDGE_CURVE('',#3052,#3054,#3691,.T.);
#2234=EDGE_CURVE('',#3055,#3054,#3692,.T.);
#2235=EDGE_CURVE('',#3053,#3055,#3693,.T.);
#2236=EDGE_CURVE('',#3056,#3057,#3694,.T.);
#2237=EDGE_CURVE('',#3058,#3056,#3695,.T.);
#2238=EDGE_CURVE('',#3058,#3059,#3696,.T.);
#2239=EDGE_CURVE('',#3059,#3057,#3697,.T.);
#2240=EDGE_CURVE('',#3056,#3060,#3698,.T.);
#2241=EDGE_CURVE('',#3061,#3060,#3699,.T.);
#2242=EDGE_CURVE('',#3058,#3061,#3700,.T.);
#2243=EDGE_CURVE('',#3060,#3062,#3701,.T.);
#2244=EDGE_CURVE('',#3063,#3062,#3702,.T.);
#2245=EDGE_CURVE('',#3061,#3063,#3703,.T.);
#2246=EDGE_CURVE('',#3064,#3065,#3704,.T.);
#2247=EDGE_CURVE('',#3065,#3066,#3705,.T.);
#2248=EDGE_CURVE('',#3067,#3066,#3706,.T.);
#2249=EDGE_CURVE('',#3067,#3064,#3707,.F.);
#2250=EDGE_CURVE('',#2993,#2998,#3708,.T.);
#2251=EDGE_CURVE('',#2995,#2999,#3709,.T.);
#2252=EDGE_CURVE('',#3001,#3006,#3710,.T.);
#2253=EDGE_CURVE('',#3003,#3007,#3711,.T.);
#2254=EDGE_CURVE('',#3009,#3014,#3712,.T.);
#2255=EDGE_CURVE('',#3011,#3015,#3713,.T.);
#2256=EDGE_CURVE('',#3017,#3022,#3714,.T.);
#2257=EDGE_CURVE('',#3019,#3023,#3715,.T.);
#2258=EDGE_CURVE('',#3025,#3030,#3716,.T.);
#2259=EDGE_CURVE('',#3027,#3031,#3717,.T.);
#2260=EDGE_CURVE('',#3033,#3038,#3718,.T.);
#2261=EDGE_CURVE('',#3035,#3039,#3719,.T.);
#2262=EDGE_CURVE('',#3041,#3046,#3720,.T.);
#2263=EDGE_CURVE('',#3043,#3047,#3721,.T.);
#2264=EDGE_CURVE('',#3049,#3054,#3722,.T.);
#2265=EDGE_CURVE('',#3051,#3055,#3723,.T.);
#2266=EDGE_CURVE('',#3057,#3062,#3724,.T.);
#2267=EDGE_CURVE('',#3059,#3063,#3725,.T.);
#2268=EDGE_CURVE('',#3068,#3069,#297,.T.);
#2269=EDGE_CURVE('',#3069,#3070,#298,.T.);
#2270=EDGE_CURVE('',#3070,#3071,#299,.T.);
#2271=EDGE_CURVE('',#3071,#3068,#63,.T.);
#2272=EDGE_CURVE('',#3072,#3072,#64,.T.);
#2273=EDGE_CURVE('',#3073,#3074,#300,.T.);
#2274=EDGE_CURVE('',#3074,#3075,#301,.T.);
#2275=EDGE_CURVE('',#3075,#3076,#302,.T.);
#2276=EDGE_CURVE('',#3076,#3073,#65,.T.);
#2277=EDGE_CURVE('',#3077,#3077,#66,.T.);
#2278=EDGE_CURVE('',#3078,#3079,#303,.T.);
#2279=EDGE_CURVE('',#3079,#3080,#304,.T.);
#2280=EDGE_CURVE('',#3080,#3081,#305,.T.);
#2281=EDGE_CURVE('',#3081,#3078,#67,.T.);
#2282=EDGE_CURVE('',#3082,#3082,#68,.T.);
#2283=EDGE_CURVE('',#3083,#3084,#306,.T.);
#2284=EDGE_CURVE('',#3084,#3085,#307,.T.);
#2285=EDGE_CURVE('',#3085,#3086,#308,.T.);
#2286=EDGE_CURVE('',#3086,#3083,#69,.T.);
#2287=EDGE_CURVE('',#3087,#3087,#70,.T.);
#2288=EDGE_CURVE('',#3088,#3088,#71,.T.);
#2289=EDGE_CURVE('',#3089,#3089,#72,.T.);
#2290=EDGE_CURVE('',#3071,#3073,#3726,.T.);
#2291=EDGE_CURVE('',#3076,#3083,#3727,.T.);
#2292=EDGE_CURVE('',#3086,#3078,#3728,.F.);
#2293=EDGE_CURVE('',#3081,#3068,#3729,.F.);
#2294=EDGE_CURVE('',#2980,#2987,#73,.F.);
#2295=EDGE_CURVE('',#2986,#2988,#74,.F.);
#2296=EDGE_CURVE('',#2989,#3065,#75,.F.);
#2297=EDGE_CURVE('',#3064,#2981,#76,.F.);
#2298=EDGE_CURVE('',#3090,#3091,#3730,.T.);
#2299=EDGE_CURVE('',#3091,#3092,#77,.F.);
#2300=EDGE_CURVE('',#3092,#3093,#3731,.T.);
#2301=EDGE_CURVE('',#3093,#3094,#78,.F.);
#2302=EDGE_CURVE('',#3094,#3095,#3732,.T.);
#2303=EDGE_CURVE('',#3095,#3096,#79,.F.);
#2304=EDGE_CURVE('',#3096,#3097,#3733,.T.);
#2305=EDGE_CURVE('',#3097,#3090,#80,.F.);
#2306=EDGE_CURVE('',#2984,#2983,#81,.T.);
#2307=EDGE_CURVE('',#2982,#3067,#82,.T.);
#2308=EDGE_CURVE('',#3066,#2991,#83,.T.);
#2309=EDGE_CURVE('',#2990,#2985,#84,.T.);
#2310=EDGE_CURVE('',#3085,#3091,#85,.F.);
#2311=EDGE_CURVE('',#3090,#3079,#86,.T.);
#2312=EDGE_CURVE('',#3080,#3097,#87,.F.);
#2313=EDGE_CURVE('',#3096,#3069,#88,.T.);
#2314=EDGE_CURVE('',#3092,#3084,#89,.T.);
#2315=EDGE_CURVE('',#3075,#3093,#90,.F.);
#2316=EDGE_CURVE('',#3094,#3074,#91,.T.);
#2317=EDGE_CURVE('',#3070,#3095,#92,.F.);
#2318=EDGE_CURVE('',#3098,#3099,#309,.T.);
#2319=EDGE_CURVE('',#3100,#3098,#3734,.T.);
#2320=EDGE_CURVE('',#3100,#3101,#310,.T.);
#2321=EDGE_CURVE('',#3101,#3099,#3735,.T.);
#2322=EDGE_CURVE('',#3102,#3098,#3736,.T.);
#2323=EDGE_CURVE('',#3103,#3102,#3737,.T.);
#2324=EDGE_CURVE('',#3103,#3100,#3738,.T.);
#2325=EDGE_CURVE('',#3104,#3102,#311,.T.);
#2326=EDGE_CURVE('',#3105,#3104,#3739,.T.);
#2327=EDGE_CURVE('',#3105,#3103,#312,.T.);
#2328=EDGE_CURVE('',#3106,#3104,#313,.T.);
#2329=EDGE_CURVE('',#3107,#3106,#3740,.T.);
#2330=EDGE_CURVE('',#3107,#3105,#314,.T.);
#2331=EDGE_CURVE('',#3108,#3106,#3741,.T.);
#2332=EDGE_CURVE('',#3109,#3108,#3742,.T.);
#2333=EDGE_CURVE('',#3109,#3107,#3743,.T.);
#2334=EDGE_CURVE('',#3110,#3108,#3744,.T.);
#2335=EDGE_CURVE('',#3111,#3110,#3745,.T.);
#2336=EDGE_CURVE('',#3111,#3109,#3746,.T.);
#2337=EDGE_CURVE('',#3112,#3110,#315,.T.);
#2338=EDGE_CURVE('',#3113,#3112,#3747,.T.);
#2339=EDGE_CURVE('',#3113,#3111,#316,.T.);
#2340=EDGE_CURVE('',#3114,#3112,#317,.T.);
#2341=EDGE_CURVE('',#3115,#3114,#3748,.T.);
#2342=EDGE_CURVE('',#3115,#3113,#318,.T.);
#2343=EDGE_CURVE('',#3116,#3114,#3749,.T.);
#2344=EDGE_CURVE('',#3117,#3116,#3750,.T.);
#2345=EDGE_CURVE('',#3117,#3115,#3751,.T.);
#2346=EDGE_CURVE('',#3118,#3116,#319,.T.);
#2347=EDGE_CURVE('',#3119,#3118,#3752,.T.);
#2348=EDGE_CURVE('',#3119,#3117,#320,.T.);
#2349=EDGE_CURVE('',#3120,#3118,#321,.T.);
#2350=EDGE_CURVE('',#3121,#3120,#3753,.T.);
#2351=EDGE_CURVE('',#3121,#3119,#322,.T.);
#2352=EDGE_CURVE('',#3122,#3120,#3754,.T.);
#2353=EDGE_CURVE('',#3123,#3122,#3755,.T.);
#2354=EDGE_CURVE('',#3123,#3121,#3756,.T.);
#2355=EDGE_CURVE('',#3124,#3122,#3757,.T.);
#2356=EDGE_CURVE('',#3125,#3124,#3758,.T.);
#2357=EDGE_CURVE('',#3125,#3123,#3759,.T.);
#2358=EDGE_CURVE('',#3099,#3124,#323,.T.);
#2359=EDGE_CURVE('',#3101,#3125,#324,.T.);
#2360=EDGE_CURVE('',#3126,#3127,#3760,.T.);
#2361=EDGE_CURVE('',#3128,#3126,#3761,.T.);
#2362=EDGE_CURVE('',#3128,#3129,#3762,.T.);
#2363=EDGE_CURVE('',#3129,#3127,#3763,.T.);
#2364=EDGE_CURVE('',#3130,#3126,#3764,.T.);
#2365=EDGE_CURVE('',#3131,#3130,#3765,.T.);
#2366=EDGE_CURVE('',#3131,#3128,#3766,.T.);
#2367=EDGE_CURVE('',#3132,#3130,#3767,.T.);
#2368=EDGE_CURVE('',#3133,#3132,#3768,.T.);
#2369=EDGE_CURVE('',#3133,#3131,#3769,.T.);
#2370=EDGE_CURVE('',#3127,#3132,#3770,.T.);
#2371=EDGE_CURVE('',#3129,#3133,#3771,.T.);
#2372=EDGE_CURVE('',#3134,#3135,#3772,.T.);
#2373=EDGE_CURVE('',#3136,#3134,#3773,.T.);
#2374=EDGE_CURVE('',#3136,#3137,#3774,.T.);
#2375=EDGE_CURVE('',#3137,#3135,#3775,.T.);
#2376=EDGE_CURVE('',#3138,#3134,#3776,.T.);
#2377=EDGE_CURVE('',#3139,#3138,#3777,.T.);
#2378=EDGE_CURVE('',#3139,#3136,#3778,.T.);
#2379=EDGE_CURVE('',#3140,#3138,#3779,.T.);
#2380=EDGE_CURVE('',#3141,#3140,#3780,.T.);
#2381=EDGE_CURVE('',#3141,#3139,#3781,.T.);
#2382=EDGE_CURVE('',#3135,#3140,#3782,.T.);
#2383=EDGE_CURVE('',#3137,#3141,#3783,.T.);
#2384=EDGE_CURVE('',#3142,#3143,#3784,.T.);
#2385=EDGE_CURVE('',#3144,#3142,#3785,.T.);
#2386=EDGE_CURVE('',#3144,#3145,#3786,.T.);
#2387=EDGE_CURVE('',#3145,#3143,#3787,.T.);
#2388=EDGE_CURVE('',#3146,#3142,#3788,.T.);
#2389=EDGE_CURVE('',#3147,#3146,#3789,.T.);
#2390=EDGE_CURVE('',#3147,#3144,#3790,.T.);
#2391=EDGE_CURVE('',#3148,#3146,#325,.T.);
#2392=EDGE_CURVE('',#3149,#3148,#3791,.T.);
#2393=EDGE_CURVE('',#3149,#3147,#326,.T.);
#2394=EDGE_CURVE('',#3150,#3148,#327,.T.);
#2395=EDGE_CURVE('',#3151,#3150,#3792,.T.);
#2396=EDGE_CURVE('',#3151,#3149,#328,.T.);
#2397=EDGE_CURVE('',#3152,#3150,#3793,.T.);
#2398=EDGE_CURVE('',#3153,#3152,#3794,.T.);
#2399=EDGE_CURVE('',#3153,#3151,#3795,.T.);
#2400=EDGE_CURVE('',#3154,#3152,#329,.T.);
#2401=EDGE_CURVE('',#3155,#3154,#3796,.T.);
#2402=EDGE_CURVE('',#3155,#3153,#330,.T.);
#2403=EDGE_CURVE('',#3156,#3154,#331,.T.);
#2404=EDGE_CURVE('',#3157,#3156,#3797,.T.);
#2405=EDGE_CURVE('',#3157,#3155,#332,.T.);
#2406=EDGE_CURVE('',#3158,#3159,#333,.T.);
#2407=EDGE_CURVE('',#3160,#3158,#3798,.T.);
#2408=EDGE_CURVE('',#3160,#3161,#334,.T.);
#2409=EDGE_CURVE('',#3161,#3159,#3799,.T.);
#2410=EDGE_CURVE('',#3162,#3158,#3800,.T.);
#2411=EDGE_CURVE('',#3163,#3162,#3801,.T.);
#2412=EDGE_CURVE('',#3163,#3160,#3802,.T.);
#2413=EDGE_CURVE('',#3164,#3162,#3803,.T.);
#2414=EDGE_CURVE('',#3165,#3164,#3804,.T.);
#2415=EDGE_CURVE('',#3165,#3163,#3805,.T.);
#2416=EDGE_CURVE('',#3166,#3164,#3806,.T.);
#2417=EDGE_CURVE('',#3167,#3166,#3807,.T.);
#2418=EDGE_CURVE('',#3167,#3165,#3808,.T.);
#2419=EDGE_CURVE('',#3168,#3166,#3809,.T.);
#2420=EDGE_CURVE('',#3169,#3168,#3810,.T.);
#2421=EDGE_CURVE('',#3169,#3167,#3811,.T.);
#2422=EDGE_CURVE('',#3170,#3168,#3812,.T.);
#2423=EDGE_CURVE('',#3171,#3170,#3813,.T.);
#2424=EDGE_CURVE('',#3171,#3169,#3814,.T.);
#2425=EDGE_CURVE('',#3172,#3170,#3815,.T.);
#2426=EDGE_CURVE('',#3173,#3172,#3816,.T.);
#2427=EDGE_CURVE('',#3173,#3171,#3817,.T.);
#2428=EDGE_CURVE('',#3174,#3172,#3818,.T.);
#2429=EDGE_CURVE('',#3175,#3174,#3819,.T.);
#2430=EDGE_CURVE('',#3175,#3173,#3820,.T.);
#2431=EDGE_CURVE('',#3176,#3174,#335,.T.);
#2432=EDGE_CURVE('',#3177,#3176,#3821,.T.);
#2433=EDGE_CURVE('',#3177,#3175,#336,.T.);
#2434=EDGE_CURVE('',#3178,#3176,#337,.T.);
#2435=EDGE_CURVE('',#3179,#3178,#3822,.T.);
#2436=EDGE_CURVE('',#3179,#3177,#338,.T.);
#2437=EDGE_CURVE('',#3180,#3178,#3823,.T.);
#2438=EDGE_CURVE('',#3181,#3180,#3824,.T.);
#2439=EDGE_CURVE('',#3181,#3179,#3825,.T.);
#2440=EDGE_CURVE('',#3159,#3180,#339,.T.);
#2441=EDGE_CURVE('',#3161,#3181,#340,.T.);
#2442=EDGE_CURVE('',#3143,#3156,#3826,.T.);
#2443=EDGE_CURVE('',#3145,#3157,#3827,.T.);
#2444=EDGE_CURVE('',#3182,#3183,#3828,.T.);
#2445=EDGE_CURVE('',#3184,#3182,#3829,.T.);
#2446=EDGE_CURVE('',#3184,#3185,#3830,.T.);
#2447=EDGE_CURVE('',#3185,#3183,#3831,.T.);
#2448=EDGE_CURVE('',#3186,#3182,#3832,.T.);
#2449=EDGE_CURVE('',#3187,#3186,#3833,.T.);
#2450=EDGE_CURVE('',#3187,#3184,#3834,.T.);
#2451=EDGE_CURVE('',#3188,#3186,#3835,.T.);
#2452=EDGE_CURVE('',#3189,#3188,#3836,.T.);
#2453=EDGE_CURVE('',#3189,#3187,#3837,.T.);
#2454=EDGE_CURVE('',#3190,#3191,#3838,.T.);
#2455=EDGE_CURVE('',#3192,#3190,#3839,.T.);
#2456=EDGE_CURVE('',#3192,#3193,#3840,.T.);
#2457=EDGE_CURVE('',#3193,#3191,#3841,.T.);
#2458=EDGE_CURVE('',#3194,#3190,#3842,.T.);
#2459=EDGE_CURVE('',#3195,#3194,#3843,.T.);
#2460=EDGE_CURVE('',#3195,#3192,#3844,.T.);
#2461=EDGE_CURVE('',#3196,#3194,#3845,.T.);
#2462=EDGE_CURVE('',#3197,#3196,#3846,.T.);
#2463=EDGE_CURVE('',#3197,#3195,#3847,.T.);
#2464=EDGE_CURVE('',#3198,#3196,#3848,.T.);
#2465=EDGE_CURVE('',#3199,#3198,#3849,.T.);
#2466=EDGE_CURVE('',#3199,#3197,#3850,.T.);
#2467=EDGE_CURVE('',#3200,#3198,#3851,.T.);
#2468=EDGE_CURVE('',#3201,#3200,#3852,.T.);
#2469=EDGE_CURVE('',#3201,#3199,#3853,.T.);
#2470=EDGE_CURVE('',#3202,#3200,#3854,.T.);
#2471=EDGE_CURVE('',#3203,#3202,#3855,.T.);
#2472=EDGE_CURVE('',#3203,#3201,#3856,.T.);
#2473=EDGE_CURVE('',#3204,#3202,#3857,.T.);
#2474=EDGE_CURVE('',#3205,#3204,#3858,.T.);
#2475=EDGE_CURVE('',#3205,#3203,#3859,.T.);
#2476=EDGE_CURVE('',#3206,#3204,#3860,.T.);
#2477=EDGE_CURVE('',#3207,#3206,#3861,.T.);
#2478=EDGE_CURVE('',#3207,#3205,#3862,.T.);
#2479=EDGE_CURVE('',#3208,#3206,#3863,.T.);
#2480=EDGE_CURVE('',#3209,#3208,#3864,.T.);
#2481=EDGE_CURVE('',#3209,#3207,#3865,.T.);
#2482=EDGE_CURVE('',#3210,#3208,#3866,.T.);
#2483=EDGE_CURVE('',#3211,#3210,#3867,.T.);
#2484=EDGE_CURVE('',#3211,#3209,#3868,.T.);
#2485=EDGE_CURVE('',#3212,#3210,#3869,.T.);
#2486=EDGE_CURVE('',#3213,#3212,#3870,.T.);
#2487=EDGE_CURVE('',#3213,#3211,#3871,.T.);
#2488=EDGE_CURVE('',#3214,#3212,#3872,.T.);
#2489=EDGE_CURVE('',#3215,#3214,#3873,.T.);
#2490=EDGE_CURVE('',#3215,#3213,#3874,.T.);
#2491=EDGE_CURVE('',#3216,#3214,#3875,.T.);
#2492=EDGE_CURVE('',#3217,#3216,#3876,.T.);
#2493=EDGE_CURVE('',#3217,#3215,#3877,.T.);
#2494=EDGE_CURVE('',#3218,#3216,#3878,.T.);
#2495=EDGE_CURVE('',#3219,#3218,#3879,.T.);
#2496=EDGE_CURVE('',#3219,#3217,#3880,.T.);
#2497=EDGE_CURVE('',#3220,#3218,#3881,.T.);
#2498=EDGE_CURVE('',#3221,#3220,#3882,.T.);
#2499=EDGE_CURVE('',#3221,#3219,#3883,.T.);
#2500=EDGE_CURVE('',#3191,#3220,#3884,.T.);
#2501=EDGE_CURVE('',#3193,#3221,#3885,.T.);
#2502=EDGE_CURVE('',#3183,#3188,#3886,.T.);
#2503=EDGE_CURVE('',#3185,#3189,#3887,.T.);
#2504=EDGE_CURVE('',#3222,#3223,#3888,.T.);
#2505=EDGE_CURVE('',#3224,#3222,#3889,.T.);
#2506=EDGE_CURVE('',#3224,#3225,#3890,.T.);
#2507=EDGE_CURVE('',#3225,#3223,#3891,.T.);
#2508=EDGE_CURVE('',#3226,#3222,#3892,.T.);
#2509=EDGE_CURVE('',#3227,#3226,#3893,.T.);
#2510=EDGE_CURVE('',#3227,#3224,#3894,.T.);
#2511=EDGE_CURVE('',#3228,#3226,#3895,.T.);
#2512=EDGE_CURVE('',#3229,#3228,#3896,.T.);
#2513=EDGE_CURVE('',#3229,#3227,#3897,.T.);
#2514=EDGE_CURVE('',#3230,#3228,#341,.T.);
#2515=EDGE_CURVE('',#3231,#3230,#3898,.T.);
#2516=EDGE_CURVE('',#3231,#3229,#342,.T.);
#2517=EDGE_CURVE('',#3232,#3230,#343,.T.);
#2518=EDGE_CURVE('',#3233,#3232,#3899,.T.);
#2519=EDGE_CURVE('',#3233,#3231,#344,.T.);
#2520=EDGE_CURVE('',#3234,#3232,#345,.T.);
#2521=EDGE_CURVE('',#3235,#3234,#3900,.T.);
#2522=EDGE_CURVE('',#3235,#3233,#346,.T.);
#2523=EDGE_CURVE('',#3236,#3237,#347,.T.);
#2524=EDGE_CURVE('',#3238,#3236,#3901,.T.);
#2525=EDGE_CURVE('',#3238,#3239,#348,.T.);
#2526=EDGE_CURVE('',#3239,#3237,#3902,.T.);
#2527=EDGE_CURVE('',#3240,#3236,#3903,.T.);
#2528=EDGE_CURVE('',#3241,#3240,#3904,.T.);
#2529=EDGE_CURVE('',#3241,#3238,#3905,.T.);
#2530=EDGE_CURVE('',#3242,#3240,#3906,.T.);
#2531=EDGE_CURVE('',#3243,#3242,#3907,.T.);
#2532=EDGE_CURVE('',#3243,#3241,#3908,.T.);
#2533=EDGE_CURVE('',#3244,#3242,#3909,.T.);
#2534=EDGE_CURVE('',#3245,#3244,#3910,.T.);
#2535=EDGE_CURVE('',#3245,#3243,#3911,.T.);
#2536=EDGE_CURVE('',#3246,#3244,#3912,.T.);
#2537=EDGE_CURVE('',#3247,#3246,#3913,.T.);
#2538=EDGE_CURVE('',#3247,#3245,#3914,.T.);
#2539=EDGE_CURVE('',#3248,#3246,#3915,.T.);
#2540=EDGE_CURVE('',#3249,#3248,#3916,.T.);
#2541=EDGE_CURVE('',#3249,#3247,#3917,.T.);
#2542=EDGE_CURVE('',#3250,#3248,#3918,.T.);
#2543=EDGE_CURVE('',#3251,#3250,#3919,.T.);
#2544=EDGE_CURVE('',#3251,#3249,#3920,.T.);
#2545=EDGE_CURVE('',#3252,#3250,#3921,.T.);
#2546=EDGE_CURVE('',#3253,#3252,#3922,.T.);
#2547=EDGE_CURVE('',#3253,#3251,#3923,.T.);
#2548=EDGE_CURVE('',#3254,#3252,#3924,.T.);
#2549=EDGE_CURVE('',#3255,#3254,#3925,.T.);
#2550=EDGE_CURVE('',#3255,#3253,#3926,.T.);
#2551=EDGE_CURVE('',#3256,#3254,#3927,.T.);
#2552=EDGE_CURVE('',#3257,#3256,#3928,.T.);
#2553=EDGE_CURVE('',#3257,#3255,#3929,.T.);
#2554=EDGE_CURVE('',#3258,#3256,#3930,.T.);
#2555=EDGE_CURVE('',#3259,#3258,#3931,.T.);
#2556=EDGE_CURVE('',#3259,#3257,#3932,.T.);
#2557=EDGE_CURVE('',#3260,#3258,#3933,.T.);
#2558=EDGE_CURVE('',#3261,#3260,#3934,.T.);
#2559=EDGE_CURVE('',#3261,#3259,#3935,.T.);
#2560=EDGE_CURVE('',#3262,#3260,#349,.T.);
#2561=EDGE_CURVE('',#3263,#3262,#3936,.T.);
#2562=EDGE_CURVE('',#3263,#3261,#350,.T.);
#2563=EDGE_CURVE('',#3264,#3262,#351,.T.);
#2564=EDGE_CURVE('',#3265,#3264,#3937,.T.);
#2565=EDGE_CURVE('',#3265,#3263,#352,.T.);
#2566=EDGE_CURVE('',#3237,#3264,#353,.T.);
#2567=EDGE_CURVE('',#3239,#3265,#354,.T.);
#2568=EDGE_CURVE('',#3223,#3234,#355,.T.);
#2569=EDGE_CURVE('',#3225,#3235,#356,.T.);
#2570=EDGE_CURVE('',#3266,#3267,#3938,.T.);
#2571=EDGE_CURVE('',#3268,#3266,#3939,.T.);
#2572=EDGE_CURVE('',#3268,#3269,#3940,.T.);
#2573=EDGE_CURVE('',#3269,#3267,#3941,.T.);
#2574=EDGE_CURVE('',#3270,#3266,#3942,.T.);
#2575=EDGE_CURVE('',#3271,#3270,#3943,.T.);
#2576=EDGE_CURVE('',#3271,#3268,#3944,.T.);
#2577=EDGE_CURVE('',#3272,#3270,#3945,.T.);
#2578=EDGE_CURVE('',#3273,#3272,#3946,.T.);
#2579=EDGE_CURVE('',#3273,#3271,#3947,.T.);
#2580=EDGE_CURVE('',#3267,#3272,#3948,.T.);
#2581=EDGE_CURVE('',#3269,#3273,#3949,.T.);
#2582=EDGE_CURVE('',#3274,#3275,#3950,.T.);
#2583=EDGE_CURVE('',#3276,#3274,#3951,.T.);
#2584=EDGE_CURVE('',#3276,#3277,#3952,.T.);
#2585=EDGE_CURVE('',#3277,#3275,#3953,.T.);
#2586=EDGE_CURVE('',#3278,#3274,#3954,.T.);
#2587=EDGE_CURVE('',#3279,#3278,#3955,.T.);
#2588=EDGE_CURVE('',#3279,#3276,#3956,.T.);
#2589=EDGE_CURVE('',#3280,#3278,#3957,.T.);
#2590=EDGE_CURVE('',#3281,#3280,#3958,.T.);
#2591=EDGE_CURVE('',#3281,#3279,#3959,.T.);
#2592=EDGE_CURVE('',#3282,#3280,#3960,.T.);
#2593=EDGE_CURVE('',#3283,#3282,#3961,.T.);
#2594=EDGE_CURVE('',#3283,#3281,#3962,.T.);
#2595=EDGE_CURVE('',#3284,#3282,#3963,.T.);
#2596=EDGE_CURVE('',#3285,#3284,#3964,.T.);
#2597=EDGE_CURVE('',#3285,#3283,#3965,.T.);
#2598=EDGE_CURVE('',#3286,#3284,#3966,.T.);
#2599=EDGE_CURVE('',#3287,#3286,#3967,.T.);
#2600=EDGE_CURVE('',#3287,#3285,#3968,.T.);
#2601=EDGE_CURVE('',#3288,#3286,#3969,.T.);
#2602=EDGE_CURVE('',#3289,#3288,#3970,.T.);
#2603=EDGE_CURVE('',#3289,#3287,#3971,.T.);
#2604=EDGE_CURVE('',#3290,#3288,#3972,.T.);
#2605=EDGE_CURVE('',#3291,#3290,#3973,.T.);
#2606=EDGE_CURVE('',#3291,#3289,#3974,.T.);
#2607=EDGE_CURVE('',#3292,#3290,#3975,.T.);
#2608=EDGE_CURVE('',#3293,#3292,#3976,.T.);
#2609=EDGE_CURVE('',#3293,#3291,#3977,.T.);
#2610=EDGE_CURVE('',#3294,#3292,#3978,.T.);
#2611=EDGE_CURVE('',#3295,#3294,#3979,.T.);
#2612=EDGE_CURVE('',#3295,#3293,#3980,.T.);
#2613=EDGE_CURVE('',#3296,#3294,#3981,.T.);
#2614=EDGE_CURVE('',#3297,#3296,#3982,.T.);
#2615=EDGE_CURVE('',#3297,#3295,#3983,.T.);
#2616=EDGE_CURVE('',#3298,#3296,#3984,.T.);
#2617=EDGE_CURVE('',#3299,#3298,#3985,.T.);
#2618=EDGE_CURVE('',#3299,#3297,#3986,.T.);
#2619=EDGE_CURVE('',#3300,#3298,#3987,.T.);
#2620=EDGE_CURVE('',#3301,#3300,#3988,.T.);
#2621=EDGE_CURVE('',#3301,#3299,#3989,.T.);
#2622=EDGE_CURVE('',#3302,#3300,#3990,.T.);
#2623=EDGE_CURVE('',#3303,#3302,#3991,.T.);
#2624=EDGE_CURVE('',#3303,#3301,#3992,.T.);
#2625=EDGE_CURVE('',#3304,#3302,#3993,.T.);
#2626=EDGE_CURVE('',#3305,#3304,#3994,.T.);
#2627=EDGE_CURVE('',#3305,#3303,#3995,.T.);
#2628=EDGE_CURVE('',#3306,#3304,#3996,.T.);
#2629=EDGE_CURVE('',#3307,#3306,#3997,.T.);
#2630=EDGE_CURVE('',#3307,#3305,#3998,.T.);
#2631=EDGE_CURVE('',#3308,#3306,#3999,.T.);
#2632=EDGE_CURVE('',#3309,#3308,#4000,.T.);
#2633=EDGE_CURVE('',#3309,#3307,#4001,.T.);
#2634=EDGE_CURVE('',#3310,#3308,#4002,.T.);
#2635=EDGE_CURVE('',#3311,#3310,#4003,.T.);
#2636=EDGE_CURVE('',#3311,#3309,#4004,.T.);
#2637=EDGE_CURVE('',#3312,#3310,#4005,.T.);
#2638=EDGE_CURVE('',#3313,#3312,#4006,.T.);
#2639=EDGE_CURVE('',#3313,#3311,#4007,.T.);
#2640=EDGE_CURVE('',#3275,#3312,#4008,.T.);
#2641=EDGE_CURVE('',#3277,#3313,#4009,.T.);
#2642=EDGE_CURVE('',#3314,#3315,#4010,.T.);
#2643=EDGE_CURVE('',#3316,#3314,#4011,.T.);
#2644=EDGE_CURVE('',#3316,#3317,#4012,.T.);
#2645=EDGE_CURVE('',#3317,#3315,#4013,.T.);
#2646=EDGE_CURVE('',#3318,#3314,#4014,.T.);
#2647=EDGE_CURVE('',#3319,#3318,#4015,.T.);
#2648=EDGE_CURVE('',#3319,#3316,#4016,.T.);
#2649=EDGE_CURVE('',#3320,#3318,#4017,.T.);
#2650=EDGE_CURVE('',#3321,#3320,#4018,.T.);
#2651=EDGE_CURVE('',#3321,#3319,#4019,.T.);
#2652=EDGE_CURVE('',#3322,#3323,#4020,.T.);
#2653=EDGE_CURVE('',#3324,#3322,#4021,.T.);
#2654=EDGE_CURVE('',#3324,#3325,#4022,.T.);
#2655=EDGE_CURVE('',#3325,#3323,#4023,.T.);
#2656=EDGE_CURVE('',#3326,#3322,#4024,.T.);
#2657=EDGE_CURVE('',#3327,#3326,#4025,.T.);
#2658=EDGE_CURVE('',#3327,#3324,#4026,.T.);
#2659=EDGE_CURVE('',#3328,#3326,#4027,.T.);
#2660=EDGE_CURVE('',#3329,#3328,#4028,.T.);
#2661=EDGE_CURVE('',#3329,#3327,#4029,.T.);
#2662=EDGE_CURVE('',#3330,#3328,#4030,.T.);
#2663=EDGE_CURVE('',#3331,#3330,#4031,.T.);
#2664=EDGE_CURVE('',#3331,#3329,#4032,.T.);
#2665=EDGE_CURVE('',#3332,#3330,#4033,.T.);
#2666=EDGE_CURVE('',#3333,#3332,#4034,.T.);
#2667=EDGE_CURVE('',#3333,#3331,#4035,.T.);
#2668=EDGE_CURVE('',#3334,#3332,#4036,.T.);
#2669=EDGE_CURVE('',#3335,#3334,#4037,.T.);
#2670=EDGE_CURVE('',#3335,#3333,#4038,.T.);
#2671=EDGE_CURVE('',#3336,#3334,#4039,.T.);
#2672=EDGE_CURVE('',#3337,#3336,#4040,.T.);
#2673=EDGE_CURVE('',#3337,#3335,#4041,.T.);
#2674=EDGE_CURVE('',#3338,#3336,#4042,.T.);
#2675=EDGE_CURVE('',#3339,#3338,#4043,.T.);
#2676=EDGE_CURVE('',#3339,#3337,#4044,.T.);
#2677=EDGE_CURVE('',#3340,#3338,#4045,.T.);
#2678=EDGE_CURVE('',#3341,#3340,#4046,.T.);
#2679=EDGE_CURVE('',#3341,#3339,#4047,.T.);
#2680=EDGE_CURVE('',#3342,#3340,#4048,.T.);
#2681=EDGE_CURVE('',#3343,#3342,#4049,.T.);
#2682=EDGE_CURVE('',#3343,#3341,#4050,.T.);
#2683=EDGE_CURVE('',#3344,#3342,#4051,.T.);
#2684=EDGE_CURVE('',#3345,#3344,#4052,.T.);
#2685=EDGE_CURVE('',#3345,#3343,#4053,.T.);
#2686=EDGE_CURVE('',#3346,#3344,#4054,.T.);
#2687=EDGE_CURVE('',#3347,#3346,#4055,.T.);
#2688=EDGE_CURVE('',#3347,#3345,#4056,.T.);
#2689=EDGE_CURVE('',#3348,#3346,#4057,.T.);
#2690=EDGE_CURVE('',#3349,#3348,#4058,.T.);
#2691=EDGE_CURVE('',#3349,#3347,#4059,.T.);
#2692=EDGE_CURVE('',#3350,#3348,#4060,.T.);
#2693=EDGE_CURVE('',#3351,#3350,#4061,.T.);
#2694=EDGE_CURVE('',#3351,#3349,#4062,.T.);
#2695=EDGE_CURVE('',#3352,#3350,#4063,.T.);
#2696=EDGE_CURVE('',#3353,#3352,#4064,.T.);
#2697=EDGE_CURVE('',#3353,#3351,#4065,.T.);
#2698=EDGE_CURVE('',#3323,#3352,#4066,.T.);
#2699=EDGE_CURVE('',#3325,#3353,#4067,.T.);
#2700=EDGE_CURVE('',#3315,#3320,#4068,.T.);
#2701=EDGE_CURVE('',#3317,#3321,#4069,.T.);
#2702=EDGE_CURVE('',#3354,#3355,#4070,.T.);
#2703=EDGE_CURVE('',#3354,#3356,#4071,.T.);
#2704=EDGE_CURVE('',#3356,#3357,#4072,.T.);
#2705=EDGE_CURVE('',#3357,#3355,#4073,.F.);
#2706=EDGE_CURVE('',#3358,#3359,#4074,.T.);
#2707=EDGE_CURVE('',#3359,#3360,#4075,.T.);
#2708=EDGE_CURVE('',#3361,#3360,#4076,.T.);
#2709=EDGE_CURVE('',#3358,#3361,#4077,.T.);
#2710=EDGE_CURVE('',#3362,#3363,#4078,.T.);
#2711=EDGE_CURVE('',#3363,#3364,#4079,.T.);
#2712=EDGE_CURVE('',#3365,#3364,#4080,.T.);
#2713=EDGE_CURVE('',#3365,#3362,#4081,.F.);
#2714=EDGE_CURVE('',#3366,#3367,#4082,.T.);
#2715=EDGE_CURVE('',#3366,#3368,#4083,.T.);
#2716=EDGE_CURVE('',#3368,#3369,#4084,.T.);
#2717=EDGE_CURVE('',#3369,#3367,#4085,.F.);
#2718=EDGE_CURVE('',#3370,#3370,#93,.T.);
#2719=EDGE_CURVE('',#3371,#3371,#94,.T.);
#2720=EDGE_CURVE('',#3372,#3372,#95,.T.);
#2721=EDGE_CURVE('',#3373,#3373,#96,.T.);
#2722=EDGE_CURVE('',#3374,#3374,#97,.T.);
#2723=EDGE_CURVE('',#3375,#3375,#98,.T.);
#2724=EDGE_CURVE('',#3376,#3376,#99,.T.);
#2725=EDGE_CURVE('',#3377,#3377,#100,.T.);
#2726=EDGE_CURVE('',#3378,#3379,#4086,.T.);
#2727=EDGE_CURVE('',#3378,#3380,#4087,.F.);
#2728=EDGE_CURVE('',#3380,#3381,#4088,.T.);
#2729=EDGE_CURVE('',#3381,#3379,#4089,.T.);
#2730=EDGE_CURVE('',#3364,#3378,#101,.F.);
#2731=EDGE_CURVE('',#3379,#3357,#102,.F.);
#2732=EDGE_CURVE('',#3356,#3369,#103,.F.);
#2733=EDGE_CURVE('',#3368,#3365,#104,.F.);
#2734=EDGE_CURVE('',#3382,#3383,#4090,.T.);
#2735=EDGE_CURVE('',#3383,#3384,#4091,.T.);
#2736=EDGE_CURVE('',#3385,#3384,#4092,.T.);
#2737=EDGE_CURVE('',#3385,#3382,#4093,.T.);
#2738=EDGE_CURVE('',#3386,#3384,#4094,.T.);
#2739=EDGE_CURVE('',#3387,#3386,#4095,.T.);
#2740=EDGE_CURVE('',#3385,#3387,#4096,.T.);
#2741=EDGE_CURVE('',#3388,#3386,#4097,.T.);
#2742=EDGE_CURVE('',#3389,#3388,#4098,.T.);
#2743=EDGE_CURVE('',#3387,#3389,#4099,.T.);
#2744=EDGE_CURVE('',#3390,#3391,#4100,.T.);
#2745=EDGE_CURVE('',#3390,#3383,#4101,.T.);
#2746=EDGE_CURVE('',#3382,#3389,#4102,.T.);
#2747=EDGE_CURVE('',#3388,#3392,#4103,.T.);
#2748=EDGE_CURVE('',#3392,#3393,#4104,.T.);
#2749=EDGE_CURVE('',#3393,#3391,#4105,.T.);
#2750=EDGE_CURVE('',#3380,#3363,#105,.T.);
#2751=EDGE_CURVE('',#3362,#3366,#106,.T.);
#2752=EDGE_CURVE('',#3367,#3354,#107,.T.);
#2753=EDGE_CURVE('',#3355,#3381,#108,.T.);
#2754=EDGE_CURVE('',#3394,#3390,#4106,.T.);
#2755=EDGE_CURVE('',#3394,#3395,#4107,.T.);
#2756=EDGE_CURVE('',#3395,#3392,#4108,.T.);
#2757=EDGE_CURVE('',#3393,#3359,#4109,.T.);
#2758=EDGE_CURVE('',#3391,#3358,#4110,.T.);
#2759=EDGE_CURVE('',#3396,#3361,#4111,.T.);
#2760=EDGE_CURVE('',#3394,#3396,#4112,.T.);
#2761=EDGE_CURVE('',#3397,#3360,#4113,.T.);
#2762=EDGE_CURVE('',#3396,#3397,#4114,.T.);
#2763=EDGE_CURVE('',#3395,#3397,#4115,.T.);
#2764=EDGE_CURVE('',#3398,#3399,#4116,.F.);
#2765=EDGE_CURVE('',#3399,#3400,#4117,.T.);
#2766=EDGE_CURVE('',#3401,#3400,#4118,.F.);
#2767=EDGE_CURVE('',#3398,#3401,#4119,.F.);
#2768=EDGE_CURVE('',#3402,#3403,#4120,.F.);
#2769=EDGE_CURVE('',#3403,#3399,#4121,.T.);
#2770=EDGE_CURVE('',#3402,#3398,#4122,.F.);
#2771=EDGE_CURVE('',#3400,#3404,#4123,.T.);
#2772=EDGE_CURVE('',#3405,#3404,#4124,.F.);
#2773=EDGE_CURVE('',#3401,#3405,#4125,.T.);
#2774=EDGE_CURVE('',#3405,#3402,#4126,.T.);
#2775=EDGE_CURVE('',#3406,#3406,#109,.T.);
#2776=EDGE_CURVE('',#3407,#3407,#110,.T.);
#2777=EDGE_CURVE('',#3408,#3408,#111,.T.);
#2778=EDGE_CURVE('',#3409,#3409,#112,.T.);
#2779=EDGE_CURVE('',#3410,#3410,#113,.T.);
#2780=EDGE_CURVE('',#3411,#3411,#114,.T.);
#2781=EDGE_CURVE('',#3412,#3412,#115,.T.);
#2782=EDGE_CURVE('',#3413,#3413,#116,.T.);
#2783=EDGE_CURVE('',#3414,#3414,#117,.T.);
#2784=EDGE_CURVE('',#3415,#3415,#118,.T.);
#2785=EDGE_CURVE('',#3416,#3416,#119,.T.);
#2786=EDGE_CURVE('',#3417,#3417,#120,.T.);
#2787=EDGE_CURVE('',#3418,#3418,#121,.T.);
#2788=EDGE_CURVE('',#3419,#3419,#122,.T.);
#2789=EDGE_CURVE('',#3420,#3420,#123,.T.);
#2790=EDGE_CURVE('',#3421,#3421,#124,.T.);
#2791=EDGE_CURVE('',#3422,#3422,#125,.T.);
#2792=EDGE_CURVE('',#3423,#3423,#126,.T.);
#2793=EDGE_CURVE('',#3424,#3424,#127,.T.);
#2794=EDGE_CURVE('',#3425,#3425,#128,.T.);
#2795=EDGE_CURVE('',#3426,#3426,#129,.T.);
#2796=EDGE_CURVE('',#3427,#3427,#130,.T.);
#2797=EDGE_CURVE('',#3428,#3428,#131,.T.);
#2798=EDGE_CURVE('',#3429,#3429,#132,.T.);
#2799=EDGE_CURVE('',#3430,#3430,#133,.T.);
#2800=EDGE_CURVE('',#3431,#3431,#134,.T.);
#2801=EDGE_CURVE('',#3432,#3432,#135,.T.);
#2802=EDGE_CURVE('',#3433,#3433,#136,.T.);
#2803=EDGE_CURVE('',#3434,#3434,#137,.T.);
#2804=EDGE_CURVE('',#3435,#3435,#138,.T.);
#2805=EDGE_CURVE('',#3436,#3436,#139,.T.);
#2806=EDGE_CURVE('',#3437,#3437,#140,.T.);
#2807=EDGE_CURVE('',#3438,#3438,#141,.T.);
#2808=EDGE_CURVE('',#3439,#3439,#142,.T.);
#2809=EDGE_CURVE('',#3440,#3440,#143,.T.);
#2810=EDGE_CURVE('',#3441,#3441,#144,.T.);
#2811=EDGE_CURVE('',#3442,#3442,#145,.T.);
#2812=EDGE_CURVE('',#3443,#3443,#146,.T.);
#2813=EDGE_CURVE('',#3444,#3444,#147,.T.);
#2814=EDGE_CURVE('',#3445,#3445,#148,.T.);
#2815=EDGE_CURVE('',#3446,#3446,#149,.T.);
#2816=EDGE_CURVE('',#3447,#3447,#150,.T.);
#2817=EDGE_CURVE('',#3448,#3448,#151,.T.);
#2818=EDGE_CURVE('',#3449,#3449,#152,.T.);
#2819=EDGE_CURVE('',#3450,#3450,#153,.T.);
#2820=EDGE_CURVE('',#3451,#3451,#154,.T.);
#2821=EDGE_CURVE('',#3452,#3452,#155,.T.);
#2822=EDGE_CURVE('',#3453,#3453,#156,.T.);
#2823=EDGE_CURVE('',#3454,#3454,#157,.T.);
#2824=EDGE_CURVE('',#3455,#3455,#158,.T.);
#2825=EDGE_CURVE('',#3456,#3456,#159,.T.);
#2826=EDGE_CURVE('',#3457,#3457,#160,.T.);
#2827=EDGE_CURVE('',#3458,#3458,#161,.T.);
#2828=EDGE_CURVE('',#3459,#3459,#162,.T.);
#2829=EDGE_CURVE('',#3460,#3460,#163,.T.);
#2830=EDGE_CURVE('',#3461,#3461,#164,.T.);
#2831=EDGE_CURVE('',#3462,#3462,#165,.T.);
#2832=EDGE_CURVE('',#3463,#3463,#166,.T.);
#2833=EDGE_CURVE('',#3464,#3464,#167,.T.);
#2834=EDGE_CURVE('',#3465,#3465,#168,.T.);
#2835=EDGE_CURVE('',#3466,#3466,#169,.T.);
#2836=EDGE_CURVE('',#3467,#3467,#170,.T.);
#2837=EDGE_CURVE('',#3468,#3468,#171,.T.);
#2838=EDGE_CURVE('',#3469,#3469,#172,.T.);
#2839=EDGE_CURVE('',#3470,#3470,#173,.T.);
#2840=EDGE_CURVE('',#3471,#3471,#174,.T.);
#2841=EDGE_CURVE('',#3472,#3472,#175,.T.);
#2842=EDGE_CURVE('',#3473,#3473,#176,.T.);
#2843=EDGE_CURVE('',#3474,#3474,#177,.T.);
#2844=EDGE_CURVE('',#3475,#3475,#178,.T.);
#2845=EDGE_CURVE('',#3476,#3476,#179,.T.);
#2846=EDGE_CURVE('',#3477,#3477,#180,.T.);
#2847=EDGE_CURVE('',#3478,#3478,#181,.T.);
#2848=EDGE_CURVE('',#3479,#3479,#182,.T.);
#2849=EDGE_CURVE('',#3480,#3480,#183,.T.);
#2850=EDGE_CURVE('',#3481,#3481,#184,.T.);
#2851=EDGE_CURVE('',#3482,#3482,#185,.T.);
#2852=EDGE_CURVE('',#3483,#3483,#186,.T.);
#2853=EDGE_CURVE('',#3484,#3484,#187,.T.);
#2854=EDGE_CURVE('',#3485,#3485,#188,.T.);
#2855=EDGE_CURVE('',#3486,#3486,#189,.T.);
#2856=EDGE_CURVE('',#3487,#3487,#190,.T.);
#2857=EDGE_CURVE('',#3488,#3488,#191,.T.);
#2858=EDGE_CURVE('',#3489,#3489,#192,.T.);
#2859=EDGE_CURVE('',#3490,#3490,#193,.T.);
#2860=EDGE_CURVE('',#3491,#3491,#194,.T.);
#2861=EDGE_CURVE('',#3492,#3492,#195,.T.);
#2862=EDGE_CURVE('',#3493,#3494,#4127,.F.);
#2863=EDGE_CURVE('',#3495,#3493,#196,.T.);
#2864=EDGE_CURVE('',#3496,#3495,#4128,.F.);
#2865=EDGE_CURVE('',#3494,#3496,#197,.T.);
#2866=EDGE_CURVE('',#3497,#3498,#4129,.F.);
#2867=EDGE_CURVE('',#3499,#3497,#198,.T.);
#2868=EDGE_CURVE('',#3500,#3499,#4130,.F.);
#2869=EDGE_CURVE('',#3498,#3500,#199,.T.);
#2870=EDGE_CURVE('',#3501,#3501,#200,.T.);
#2871=EDGE_CURVE('',#3502,#3502,#201,.T.);
#2872=EDGE_CURVE('',#3503,#3503,#202,.T.);
#2873=EDGE_CURVE('',#3404,#3403,#4131,.T.);
#2874=EDGE_CURVE('',#3504,#3504,#203,.T.);
#2875=EDGE_CURVE('',#3505,#3505,#204,.T.);
#2876=EDGE_CURVE('',#3506,#3506,#205,.T.);
#2877=EDGE_CURVE('',#3507,#3507,#206,.T.);
#2878=EDGE_CURVE('',#3508,#3508,#207,.T.);
#2879=EDGE_CURVE('',#3509,#3509,#208,.T.);
#2880=EDGE_CURVE('',#3510,#3510,#209,.T.);
#2881=EDGE_CURVE('',#3511,#3511,#210,.T.);
#2882=EDGE_CURVE('',#3512,#3512,#211,.T.);
#2883=EDGE_CURVE('',#3513,#3513,#212,.T.);
#2884=EDGE_CURVE('',#3514,#3514,#213,.T.);
#2885=EDGE_CURVE('',#3515,#3515,#214,.T.);
#2886=EDGE_CURVE('',#3516,#3516,#215,.T.);
#2887=EDGE_CURVE('',#3517,#3517,#216,.T.);
#2888=EDGE_CURVE('',#3518,#3518,#217,.T.);
#2889=EDGE_CURVE('',#3519,#3519,#218,.T.);
#2890=EDGE_CURVE('',#3520,#3520,#219,.T.);
#2891=EDGE_CURVE('',#3521,#3521,#220,.T.);
#2892=EDGE_CURVE('',#3522,#3522,#221,.T.);
#2893=EDGE_CURVE('',#3523,#3523,#222,.T.);
#2894=EDGE_CURVE('',#3524,#3524,#223,.T.);
#2895=EDGE_CURVE('',#3525,#3525,#224,.T.);
#2896=EDGE_CURVE('',#3526,#3526,#225,.T.);
#2897=EDGE_CURVE('',#3527,#3527,#226,.T.);
#2898=EDGE_CURVE('',#3528,#3528,#227,.T.);
#2899=EDGE_CURVE('',#3529,#3529,#228,.T.);
#2900=EDGE_CURVE('',#3530,#3530,#229,.T.);
#2901=EDGE_CURVE('',#3531,#3531,#230,.T.);
#2902=EDGE_CURVE('',#3532,#3532,#231,.T.);
#2903=EDGE_CURVE('',#3533,#3533,#232,.T.);
#2904=EDGE_CURVE('',#3534,#3534,#233,.T.);
#2905=EDGE_CURVE('',#3535,#3535,#234,.T.);
#2906=EDGE_CURVE('',#3536,#3536,#235,.T.);
#2907=EDGE_CURVE('',#3537,#3537,#236,.T.);
#2908=EDGE_CURVE('',#3538,#3538,#237,.T.);
#2909=EDGE_CURVE('',#3539,#3539,#238,.T.);
#2910=EDGE_CURVE('',#3540,#3540,#239,.T.);
#2911=EDGE_CURVE('',#3541,#3541,#240,.T.);
#2912=EDGE_CURVE('',#3542,#3542,#241,.T.);
#2913=EDGE_CURVE('',#3543,#3543,#242,.T.);
#2914=EDGE_CURVE('',#3544,#3544,#243,.T.);
#2915=EDGE_CURVE('',#3545,#3545,#244,.T.);
#2916=EDGE_CURVE('',#3546,#3546,#245,.T.);
#2917=EDGE_CURVE('',#3547,#3547,#246,.T.);
#2918=EDGE_CURVE('',#3548,#3548,#247,.T.);
#2919=EDGE_CURVE('',#3549,#3549,#248,.T.);
#2920=EDGE_CURVE('',#3550,#3550,#249,.T.);
#2921=EDGE_CURVE('',#3551,#3551,#250,.T.);
#2922=EDGE_CURVE('',#3552,#3552,#251,.T.);
#2923=EDGE_CURVE('',#3553,#3553,#252,.T.);
#2924=EDGE_CURVE('',#3554,#3554,#253,.T.);
#2925=EDGE_CURVE('',#3555,#3555,#254,.T.);
#2926=EDGE_CURVE('',#3556,#3556,#255,.T.);
#2927=EDGE_CURVE('',#3557,#3557,#256,.T.);
#2928=EDGE_CURVE('',#3558,#3558,#257,.T.);
#2929=EDGE_CURVE('',#3559,#3559,#258,.T.);
#2930=EDGE_CURVE('',#3560,#3560,#259,.T.);
#2931=EDGE_CURVE('',#3561,#3561,#260,.T.);
#2932=EDGE_CURVE('',#3562,#3562,#261,.T.);
#2933=EDGE_CURVE('',#3563,#3563,#262,.T.);
#2934=EDGE_CURVE('',#3564,#3564,#263,.T.);
#2935=EDGE_CURVE('',#3565,#3565,#264,.T.);
#2936=EDGE_CURVE('',#3566,#3566,#265,.T.);
#2937=EDGE_CURVE('',#3567,#3567,#266,.T.);
#2938=EDGE_CURVE('',#3568,#3568,#267,.T.);
#2939=EDGE_CURVE('',#3569,#3569,#268,.T.);
#2940=EDGE_CURVE('',#3570,#3570,#269,.T.);
#2941=EDGE_CURVE('',#3571,#3571,#270,.T.);
#2942=EDGE_CURVE('',#3572,#3572,#271,.T.);
#2943=EDGE_CURVE('',#3573,#3573,#272,.T.);
#2944=EDGE_CURVE('',#3574,#3574,#273,.T.);
#2945=EDGE_CURVE('',#3575,#3575,#274,.T.);
#2946=EDGE_CURVE('',#3576,#3576,#275,.T.);
#2947=EDGE_CURVE('',#3577,#3577,#276,.T.);
#2948=EDGE_CURVE('',#3578,#3578,#277,.T.);
#2949=EDGE_CURVE('',#3579,#3579,#278,.T.);
#2950=EDGE_CURVE('',#3580,#3580,#279,.T.);
#2951=EDGE_CURVE('',#3581,#3581,#280,.T.);
#2952=EDGE_CURVE('',#3582,#3582,#281,.T.);
#2953=EDGE_CURVE('',#3583,#3583,#282,.T.);
#2954=EDGE_CURVE('',#3584,#3584,#283,.T.);
#2955=EDGE_CURVE('',#3585,#3585,#284,.T.);
#2956=EDGE_CURVE('',#3586,#3586,#285,.T.);
#2957=EDGE_CURVE('',#3587,#3587,#286,.T.);
#2958=EDGE_CURVE('',#3588,#3588,#287,.T.);
#2959=EDGE_CURVE('',#3589,#3589,#288,.T.);
#2960=EDGE_CURVE('',#3590,#3590,#289,.T.);
#2961=EDGE_CURVE('',#3591,#3592,#290,.T.);
#2962=EDGE_CURVE('',#3592,#3593,#4132,.F.);
#2963=EDGE_CURVE('',#3593,#3594,#291,.T.);
#2964=EDGE_CURVE('',#3594,#3591,#4133,.T.);
#2965=EDGE_CURVE('',#3595,#3596,#292,.T.);
#2966=EDGE_CURVE('',#3596,#3597,#4134,.F.);
#2967=EDGE_CURVE('',#3597,#3598,#293,.T.);
#2968=EDGE_CURVE('',#3598,#3595,#4135,.T.);
#2969=EDGE_CURVE('',#3599,#3599,#294,.T.);
#2970=EDGE_CURVE('',#3600,#3600,#295,.T.);
#2971=EDGE_CURVE('',#3601,#3601,#296,.T.);
#2972=EDGE_CURVE('',#3496,#3592,#4136,.F.);
#2973=EDGE_CURVE('',#3494,#3591,#4137,.F.);
#2974=EDGE_CURVE('',#3493,#3594,#4138,.F.);
#2975=EDGE_CURVE('',#3495,#3593,#4139,.F.);
#2976=EDGE_CURVE('',#3500,#3596,#4140,.F.);
#2977=EDGE_CURVE('',#3498,#3595,#4141,.F.);
#2978=EDGE_CURVE('',#3497,#3598,#4142,.F.);
#2979=EDGE_CURVE('',#3499,#3597,#4143,.F.);
#2980=VERTEX_POINT('',#8880);
#2981=VERTEX_POINT('',#8881);
#2982=VERTEX_POINT('',#8883);
#2983=VERTEX_POINT('',#8885);
#2984=VERTEX_POINT('',#8889);
#2985=VERTEX_POINT('',#8890);
#2986=VERTEX_POINT('',#8892);
#2987=VERTEX_POINT('',#8894);
#2988=VERTEX_POINT('',#8898);
#2989=VERTEX_POINT('',#8899);
#2990=VERTEX_POINT('',#8901);
#2991=VERTEX_POINT('',#8903);
#2992=VERTEX_POINT('',#8907);
#2993=VERTEX_POINT('',#8908);
#2994=VERTEX_POINT('',#8910);
#2995=VERTEX_POINT('',#8912);
#2996=VERTEX_POINT('',#8916);
#2997=VERTEX_POINT('',#8918);
#2998=VERTEX_POINT('',#8922);
#2999=VERTEX_POINT('',#8924);
#3000=VERTEX_POINT('',#8928);
#3001=VERTEX_POINT('',#8929);
#3002=VERTEX_POINT('',#8931);
#3003=VERTEX_POINT('',#8933);
#3004=VERTEX_POINT('',#8937);
#3005=VERTEX_POINT('',#8939);
#3006=VERTEX_POINT('',#8943);
#3007=VERTEX_POINT('',#8945);
#3008=VERTEX_POINT('',#8949);
#3009=VERTEX_POINT('',#8950);
#3010=VERTEX_POINT('',#8952);
#3011=VERTEX_POINT('',#8954);
#3012=VERTEX_POINT('',#8958);
#3013=VERTEX_POINT('',#8960);
#3014=VERTEX_POINT('',#8964);
#3015=VERTEX_POINT('',#8966);
#3016=VERTEX_POINT('',#8970);
#3017=VERTEX_POINT('',#8971);
#3018=VERTEX_POINT('',#8973);
#3019=VERTEX_POINT('',#8975);
#3020=VERTEX_POINT('',#8979);
#3021=VERTEX_POINT('',#8981);
#3022=VERTEX_POINT('',#8985);
#3023=VERTEX_POINT('',#8987);
#3024=VERTEX_POINT('',#8991);
#3025=VERTEX_POINT('',#8992);
#3026=VERTEX_POINT('',#8994);
#3027=VERTEX_POINT('',#8996);
#3028=VERTEX_POINT('',#9000);
#3029=VERTEX_POINT('',#9002);
#3030=VERTEX_POINT('',#9006);
#3031=VERTEX_POINT('',#9008);
#3032=VERTEX_POINT('',#9012);
#3033=VERTEX_POINT('',#9013);
#3034=VERTEX_POINT('',#9015);
#3035=VERTEX_POINT('',#9017);
#3036=VERTEX_POINT('',#9021);
#3037=VERTEX_POINT('',#9023);
#3038=VERTEX_POINT('',#9027);
#3039=VERTEX_POINT('',#9029);
#3040=VERTEX_POINT('',#9033);
#3041=VERTEX_POINT('',#9034);
#3042=VERTEX_POINT('',#9036);
#3043=VERTEX_POINT('',#9038);
#3044=VERTEX_POINT('',#9042);
#3045=VERTEX_POINT('',#9044);
#3046=VERTEX_POINT('',#9048);
#3047=VERTEX_POINT('',#9050);
#3048=VERTEX_POINT('',#9054);
#3049=VERTEX_POINT('',#9055);
#3050=VERTEX_POINT('',#9057);
#3051=VERTEX_POINT('',#9059);
#3052=VERTEX_POINT('',#9063);
#3053=VERTEX_POINT('',#9065);
#3054=VERTEX_POINT('',#9069);
#3055=VERTEX_POINT('',#9071);
#3056=VERTEX_POINT('',#9075);
#3057=VERTEX_POINT('',#9076);
#3058=VERTEX_POINT('',#9078);
#3059=VERTEX_POINT('',#9080);
#3060=VERTEX_POINT('',#9084);
#3061=VERTEX_POINT('',#9086);
#3062=VERTEX_POINT('',#9090);
#3063=VERTEX_POINT('',#9092);
#3064=VERTEX_POINT('',#9096);
#3065=VERTEX_POINT('',#9097);
#3066=VERTEX_POINT('',#9099);
#3067=VERTEX_POINT('',#9101);
#3068=VERTEX_POINT('',#9136);
#3069=VERTEX_POINT('',#9137);
#3070=VERTEX_POINT('',#9142);
#3071=VERTEX_POINT('',#9148);
#3072=VERTEX_POINT('',#9151);
#3073=VERTEX_POINT('',#9158);
#3074=VERTEX_POINT('',#9159);
#3075=VERTEX_POINT('',#9164);
#3076=VERTEX_POINT('',#9170);
#3077=VERTEX_POINT('',#9173);
#3078=VERTEX_POINT('',#9180);
#3079=VERTEX_POINT('',#9181);
#3080=VERTEX_POINT('',#9186);
#3081=VERTEX_POINT('',#9192);
#3082=VERTEX_POINT('',#9195);
#3083=VERTEX_POINT('',#9202);
#3084=VERTEX_POINT('',#9203);
#3085=VERTEX_POINT('',#9208);
#3086=VERTEX_POINT('',#9214);
#3087=VERTEX_POINT('',#9217);
#3088=VERTEX_POINT('',#9220);
#3089=VERTEX_POINT('',#9222);
#3090=VERTEX_POINT('',#9234);
#3091=VERTEX_POINT('',#9235);
#3092=VERTEX_POINT('',#9237);
#3093=VERTEX_POINT('',#9239);
#3094=VERTEX_POINT('',#9241);
#3095=VERTEX_POINT('',#9243);
#3096=VERTEX_POINT('',#9245);
#3097=VERTEX_POINT('',#9247);
#3098=VERTEX_POINT('',#9285);
#3099=VERTEX_POINT('',#9286);
#3100=VERTEX_POINT('',#9288);
#3101=VERTEX_POINT('',#9292);
#3102=VERTEX_POINT('',#9296);
#3103=VERTEX_POINT('',#9298);
#3104=VERTEX_POINT('',#9311);
#3105=VERTEX_POINT('',#9313);
#3106=VERTEX_POINT('',#9328);
#3107=VERTEX_POINT('',#9330);
#3108=VERTEX_POINT('',#9336);
#3109=VERTEX_POINT('',#9338);
#3110=VERTEX_POINT('',#9342);
#3111=VERTEX_POINT('',#9344);
#3112=VERTEX_POINT('',#9357);
#3113=VERTEX_POINT('',#9359);
#3114=VERTEX_POINT('',#9374);
#3115=VERTEX_POINT('',#9376);
#3116=VERTEX_POINT('',#9382);
#3117=VERTEX_POINT('',#9384);
#3118=VERTEX_POINT('',#9397);
#3119=VERTEX_POINT('',#9399);
#3120=VERTEX_POINT('',#9414);
#3121=VERTEX_POINT('',#9416);
#3122=VERTEX_POINT('',#9422);
#3123=VERTEX_POINT('',#9424);
#3124=VERTEX_POINT('',#9428);
#3125=VERTEX_POINT('',#9430);
#3126=VERTEX_POINT('',#9451);
#3127=VERTEX_POINT('',#9452);
#3128=VERTEX_POINT('',#9454);
#3129=VERTEX_POINT('',#9456);
#3130=VERTEX_POINT('',#9460);
#3131=VERTEX_POINT('',#9462);
#3132=VERTEX_POINT('',#9466);
#3133=VERTEX_POINT('',#9468);
#3134=VERTEX_POINT('',#9478);
#3135=VERTEX_POINT('',#9479);
#3136=VERTEX_POINT('',#9481);
#3137=VERTEX_POINT('',#9483);
#3138=VERTEX_POINT('',#9487);
#3139=VERTEX_POINT('',#9489);
#3140=VERTEX_POINT('',#9493);
#3141=VERTEX_POINT('',#9495);
#3142=VERTEX_POINT('',#9505);
#3143=VERTEX_POINT('',#9506);
#3144=VERTEX_POINT('',#9508);
#3145=VERTEX_POINT('',#9510);
#3146=VERTEX_POINT('',#9514);
#3147=VERTEX_POINT('',#9516);
#3148=VERTEX_POINT('',#9529);
#3149=VERTEX_POINT('',#9531);
#3150=VERTEX_POINT('',#9546);
#3151=VERTEX_POINT('',#9548);
#3152=VERTEX_POINT('',#9554);
#3153=VERTEX_POINT('',#9556);
#3154=VERTEX_POINT('',#9569);
#3155=VERTEX_POINT('',#9571);
#3156=VERTEX_POINT('',#9586);
#3157=VERTEX_POINT('',#9588);
#3158=VERTEX_POINT('',#9603);
#3159=VERTEX_POINT('',#9604);
#3160=VERTEX_POINT('',#9606);
#3161=VERTEX_POINT('',#9610);
#3162=VERTEX_POINT('',#9614);
#3163=VERTEX_POINT('',#9616);
#3164=VERTEX_POINT('',#9620);
#3165=VERTEX_POINT('',#9622);
#3166=VERTEX_POINT('',#9626);
#3167=VERTEX_POINT('',#9628);
#3168=VERTEX_POINT('',#9632);
#3169=VERTEX_POINT('',#9634);
#3170=VERTEX_POINT('',#9638);
#3171=VERTEX_POINT('',#9640);
#3172=VERTEX_POINT('',#9644);
#3173=VERTEX_POINT('',#9646);
#3174=VERTEX_POINT('',#9650);
#3175=VERTEX_POINT('',#9652);
#3176=VERTEX_POINT('',#9665);
#3177=VERTEX_POINT('',#9667);
#3178=VERTEX_POINT('',#9682);
#3179=VERTEX_POINT('',#9684);
#3180=VERTEX_POINT('',#9690);
#3181=VERTEX_POINT('',#9692);
#3182=VERTEX_POINT('',#9716);
#3183=VERTEX_POINT('',#9717);
#3184=VERTEX_POINT('',#9719);
#3185=VERTEX_POINT('',#9721);
#3186=VERTEX_POINT('',#9725);
#3187=VERTEX_POINT('',#9727);
#3188=VERTEX_POINT('',#9731);
#3189=VERTEX_POINT('',#9733);
#3190=VERTEX_POINT('',#9737);
#3191=VERTEX_POINT('',#9738);
#3192=VERTEX_POINT('',#9740);
#3193=VERTEX_POINT('',#9742);
#3194=VERTEX_POINT('',#9746);
#3195=VERTEX_POINT('',#9748);
#3196=VERTEX_POINT('',#9752);
#3197=VERTEX_POINT('',#9754);
#3198=VERTEX_POINT('',#9758);
#3199=VERTEX_POINT('',#9760);
#3200=VERTEX_POINT('',#9764);
#3201=VERTEX_POINT('',#9766);
#3202=VERTEX_POINT('',#9770);
#3203=VERTEX_POINT('',#9772);
#3204=VERTEX_POINT('',#9776);
#3205=VERTEX_POINT('',#9778);
#3206=VERTEX_POINT('',#9782);
#3207=VERTEX_POINT('',#9784);
#3208=VERTEX_POINT('',#9788);
#3209=VERTEX_POINT('',#9790);
#3210=VERTEX_POINT('',#9794);
#3211=VERTEX_POINT('',#9796);
#3212=VERTEX_POINT('',#9800);
#3213=VERTEX_POINT('',#9802);
#3214=VERTEX_POINT('',#9806);
#3215=VERTEX_POINT('',#9808);
#3216=VERTEX_POINT('',#9812);
#3217=VERTEX_POINT('',#9814);
#3218=VERTEX_POINT('',#9818);
#3219=VERTEX_POINT('',#9820);
#3220=VERTEX_POINT('',#9824);
#3221=VERTEX_POINT('',#9826);
#3222=VERTEX_POINT('',#9839);
#3223=VERTEX_POINT('',#9840);
#3224=VERTEX_POINT('',#9842);
#3225=VERTEX_POINT('',#9844);
#3226=VERTEX_POINT('',#9848);
#3227=VERTEX_POINT('',#9850);
#3228=VERTEX_POINT('',#9854);
#3229=VERTEX_POINT('',#9856);
#3230=VERTEX_POINT('',#9869);
#3231=VERTEX_POINT('',#9871);
#3232=VERTEX_POINT('',#9886);
#3233=VERTEX_POINT('',#9888);
#3234=VERTEX_POINT('',#9903);
#3235=VERTEX_POINT('',#9905);
#3236=VERTEX_POINT('',#9920);
#3237=VERTEX_POINT('',#9921);
#3238=VERTEX_POINT('',#9923);
#3239=VERTEX_POINT('',#9927);
#3240=VERTEX_POINT('',#9931);
#3241=VERTEX_POINT('',#9933);
#3242=VERTEX_POINT('',#9937);
#3243=VERTEX_POINT('',#9939);
#3244=VERTEX_POINT('',#9943);
#3245=VERTEX_POINT('',#9945);
#3246=VERTEX_POINT('',#9949);
#3247=VERTEX_POINT('',#9951);
#3248=VERTEX_POINT('',#9955);
#3249=VERTEX_POINT('',#9957);
#3250=VERTEX_POINT('',#9961);
#3251=VERTEX_POINT('',#9963);
#3252=VERTEX_POINT('',#9967);
#3253=VERTEX_POINT('',#9969);
#3254=VERTEX_POINT('',#9973);
#3255=VERTEX_POINT('',#9975);
#3256=VERTEX_POINT('',#9979);
#3257=VERTEX_POINT('',#9981);
#3258=VERTEX_POINT('',#9985);
#3259=VERTEX_POINT('',#9987);
#3260=VERTEX_POINT('',#9991);
#3261=VERTEX_POINT('',#9993);
#3262=VERTEX_POINT('',#10006);
#3263=VERTEX_POINT('',#10008);
#3264=VERTEX_POINT('',#10023);
#3265=VERTEX_POINT('',#10025);
#3266=VERTEX_POINT('',#10062);
#3267=VERTEX_POINT('',#10063);
#3268=VERTEX_POINT('',#10065);
#3269=VERTEX_POINT('',#10067);
#3270=VERTEX_POINT('',#10071);
#3271=VERTEX_POINT('',#10073);
#3272=VERTEX_POINT('',#10077);
#3273=VERTEX_POINT('',#10079);
#3274=VERTEX_POINT('',#10089);
#3275=VERTEX_POINT('',#10090);
#3276=VERTEX_POINT('',#10092);
#3277=VERTEX_POINT('',#10094);
#3278=VERTEX_POINT('',#10098);
#3279=VERTEX_POINT('',#10100);
#3280=VERTEX_POINT('',#10104);
#3281=VERTEX_POINT('',#10106);
#3282=VERTEX_POINT('',#10110);
#3283=VERTEX_POINT('',#10112);
#3284=VERTEX_POINT('',#10116);
#3285=VERTEX_POINT('',#10118);
#3286=VERTEX_POINT('',#10122);
#3287=VERTEX_POINT('',#10124);
#3288=VERTEX_POINT('',#10128);
#3289=VERTEX_POINT('',#10130);
#3290=VERTEX_POINT('',#10134);
#3291=VERTEX_POINT('',#10136);
#3292=VERTEX_POINT('',#10140);
#3293=VERTEX_POINT('',#10142);
#3294=VERTEX_POINT('',#10146);
#3295=VERTEX_POINT('',#10148);
#3296=VERTEX_POINT('',#10152);
#3297=VERTEX_POINT('',#10154);
#3298=VERTEX_POINT('',#10158);
#3299=VERTEX_POINT('',#10160);
#3300=VERTEX_POINT('',#10164);
#3301=VERTEX_POINT('',#10166);
#3302=VERTEX_POINT('',#10170);
#3303=VERTEX_POINT('',#10172);
#3304=VERTEX_POINT('',#10176);
#3305=VERTEX_POINT('',#10178);
#3306=VERTEX_POINT('',#10182);
#3307=VERTEX_POINT('',#10184);
#3308=VERTEX_POINT('',#10188);
#3309=VERTEX_POINT('',#10190);
#3310=VERTEX_POINT('',#10194);
#3311=VERTEX_POINT('',#10196);
#3312=VERTEX_POINT('',#10200);
#3313=VERTEX_POINT('',#10202);
#3314=VERTEX_POINT('',#10212);
#3315=VERTEX_POINT('',#10213);
#3316=VERTEX_POINT('',#10215);
#3317=VERTEX_POINT('',#10217);
#3318=VERTEX_POINT('',#10221);
#3319=VERTEX_POINT('',#10223);
#3320=VERTEX_POINT('',#10227);
#3321=VERTEX_POINT('',#10229);
#3322=VERTEX_POINT('',#10233);
#3323=VERTEX_POINT('',#10234);
#3324=VERTEX_POINT('',#10236);
#3325=VERTEX_POINT('',#10238);
#3326=VERTEX_POINT('',#10242);
#3327=VERTEX_POINT('',#10244);
#3328=VERTEX_POINT('',#10248);
#3329=VERTEX_POINT('',#10250);
#3330=VERTEX_POINT('',#10254);
#3331=VERTEX_POINT('',#10256);
#3332=VERTEX_POINT('',#10260);
#3333=VERTEX_POINT('',#10262);
#3334=VERTEX_POINT('',#10266);
#3335=VERTEX_POINT('',#10268);
#3336=VERTEX_POINT('',#10272);
#3337=VERTEX_POINT('',#10274);
#3338=VERTEX_POINT('',#10278);
#3339=VERTEX_POINT('',#10280);
#3340=VERTEX_POINT('',#10284);
#3341=VERTEX_POINT('',#10286);
#3342=VERTEX_POINT('',#10290);
#3343=VERTEX_POINT('',#10292);
#3344=VERTEX_POINT('',#10296);
#3345=VERTEX_POINT('',#10298);
#3346=VERTEX_POINT('',#10302);
#3347=VERTEX_POINT('',#10304);
#3348=VERTEX_POINT('',#10308);
#3349=VERTEX_POINT('',#10310);
#3350=VERTEX_POINT('',#10314);
#3351=VERTEX_POINT('',#10316);
#3352=VERTEX_POINT('',#10320);
#3353=VERTEX_POINT('',#10322);
#3354=VERTEX_POINT('',#10335);
#3355=VERTEX_POINT('',#10336);
#3356=VERTEX_POINT('',#10338);
#3357=VERTEX_POINT('',#10340);
#3358=VERTEX_POINT('',#10343);
#3359=VERTEX_POINT('',#10344);
#3360=VERTEX_POINT('',#10346);
#3361=VERTEX_POINT('',#10348);
#3362=VERTEX_POINT('',#10352);
#3363=VERTEX_POINT('',#10353);
#3364=VERTEX_POINT('',#10355);
#3365=VERTEX_POINT('',#10357);
#3366=VERTEX_POINT('',#10361);
#3367=VERTEX_POINT('',#10362);
#3368=VERTEX_POINT('',#10364);
#3369=VERTEX_POINT('',#10366);
#3370=VERTEX_POINT('',#10370);
#3371=VERTEX_POINT('',#10372);
#3372=VERTEX_POINT('',#10375);
#3373=VERTEX_POINT('',#10377);
#3374=VERTEX_POINT('',#10380);
#3375=VERTEX_POINT('',#10382);
#3376=VERTEX_POINT('',#10385);
#3377=VERTEX_POINT('',#10387);
#3378=VERTEX_POINT('',#10390);
#3379=VERTEX_POINT('',#10391);
#3380=VERTEX_POINT('',#10393);
#3381=VERTEX_POINT('',#10395);
#3382=VERTEX_POINT('',#10404);
#3383=VERTEX_POINT('',#10405);
#3384=VERTEX_POINT('',#10407);
#3385=VERTEX_POINT('',#10409);
#3386=VERTEX_POINT('',#10413);
#3387=VERTEX_POINT('',#10415);
#3388=VERTEX_POINT('',#10419);
#3389=VERTEX_POINT('',#10421);
#3390=VERTEX_POINT('',#10425);
#3391=VERTEX_POINT('',#10426);
#3392=VERTEX_POINT('',#10430);
#3393=VERTEX_POINT('',#10432);
#3394=VERTEX_POINT('',#10441);
#3395=VERTEX_POINT('',#10443);
#3396=VERTEX_POINT('',#10454);
#3397=VERTEX_POINT('',#10458);
#3398=VERTEX_POINT('',#10466);
#3399=VERTEX_POINT('',#10467);
#3400=VERTEX_POINT('',#10469);
#3401=VERTEX_POINT('',#10471);
#3402=VERTEX_POINT('',#10475);
#3403=VERTEX_POINT('',#10476);
#3404=VERTEX_POINT('',#10481);
#3405=VERTEX_POINT('',#10483);
#3406=VERTEX_POINT('',#10488);
#3407=VERTEX_POINT('',#10490);
#3408=VERTEX_POINT('',#10492);
#3409=VERTEX_POINT('',#10494);
#3410=VERTEX_POINT('',#10496);
#3411=VERTEX_POINT('',#10498);
#3412=VERTEX_POINT('',#10500);
#3413=VERTEX_POINT('',#10502);
#3414=VERTEX_POINT('',#10504);
#3415=VERTEX_POINT('',#10506);
#3416=VERTEX_POINT('',#10508);
#3417=VERTEX_POINT('',#10510);
#3418=VERTEX_POINT('',#10512);
#3419=VERTEX_POINT('',#10514);
#3420=VERTEX_POINT('',#10516);
#3421=VERTEX_POINT('',#10518);
#3422=VERTEX_POINT('',#10520);
#3423=VERTEX_POINT('',#10522);
#3424=VERTEX_POINT('',#10524);
#3425=VERTEX_POINT('',#10526);
#3426=VERTEX_POINT('',#10528);
#3427=VERTEX_POINT('',#10530);
#3428=VERTEX_POINT('',#10532);
#3429=VERTEX_POINT('',#10534);
#3430=VERTEX_POINT('',#10536);
#3431=VERTEX_POINT('',#10538);
#3432=VERTEX_POINT('',#10540);
#3433=VERTEX_POINT('',#10542);
#3434=VERTEX_POINT('',#10544);
#3435=VERTEX_POINT('',#10546);
#3436=VERTEX_POINT('',#10548);
#3437=VERTEX_POINT('',#10550);
#3438=VERTEX_POINT('',#10552);
#3439=VERTEX_POINT('',#10554);
#3440=VERTEX_POINT('',#10556);
#3441=VERTEX_POINT('',#10558);
#3442=VERTEX_POINT('',#10560);
#3443=VERTEX_POINT('',#10562);
#3444=VERTEX_POINT('',#10564);
#3445=VERTEX_POINT('',#10566);
#3446=VERTEX_POINT('',#10568);
#3447=VERTEX_POINT('',#10570);
#3448=VERTEX_POINT('',#10572);
#3449=VERTEX_POINT('',#10574);
#3450=VERTEX_POINT('',#10576);
#3451=VERTEX_POINT('',#10578);
#3452=VERTEX_POINT('',#10580);
#3453=VERTEX_POINT('',#10582);
#3454=VERTEX_POINT('',#10584);
#3455=VERTEX_POINT('',#10586);
#3456=VERTEX_POINT('',#10588);
#3457=VERTEX_POINT('',#10590);
#3458=VERTEX_POINT('',#10592);
#3459=VERTEX_POINT('',#10594);
#3460=VERTEX_POINT('',#10596);
#3461=VERTEX_POINT('',#10598);
#3462=VERTEX_POINT('',#10600);
#3463=VERTEX_POINT('',#10602);
#3464=VERTEX_POINT('',#10604);
#3465=VERTEX_POINT('',#10606);
#3466=VERTEX_POINT('',#10608);
#3467=VERTEX_POINT('',#10610);
#3468=VERTEX_POINT('',#10612);
#3469=VERTEX_POINT('',#10614);
#3470=VERTEX_POINT('',#10616);
#3471=VERTEX_POINT('',#10618);
#3472=VERTEX_POINT('',#10620);
#3473=VERTEX_POINT('',#10622);
#3474=VERTEX_POINT('',#10624);
#3475=VERTEX_POINT('',#10626);
#3476=VERTEX_POINT('',#10628);
#3477=VERTEX_POINT('',#10630);
#3478=VERTEX_POINT('',#10632);
#3479=VERTEX_POINT('',#10634);
#3480=VERTEX_POINT('',#10636);
#3481=VERTEX_POINT('',#10638);
#3482=VERTEX_POINT('',#10640);
#3483=VERTEX_POINT('',#10642);
#3484=VERTEX_POINT('',#10644);
#3485=VERTEX_POINT('',#10646);
#3486=VERTEX_POINT('',#10648);
#3487=VERTEX_POINT('',#10650);
#3488=VERTEX_POINT('',#10652);
#3489=VERTEX_POINT('',#10654);
#3490=VERTEX_POINT('',#10656);
#3491=VERTEX_POINT('',#10658);
#3492=VERTEX_POINT('',#10660);
#3493=VERTEX_POINT('',#10662);
#3494=VERTEX_POINT('',#10663);
#3495=VERTEX_POINT('',#10665);
#3496=VERTEX_POINT('',#10667);
#3497=VERTEX_POINT('',#10670);
#3498=VERTEX_POINT('',#10671);
#3499=VERTEX_POINT('',#10673);
#3500=VERTEX_POINT('',#10675);
#3501=VERTEX_POINT('',#10678);
#3502=VERTEX_POINT('',#10680);
#3503=VERTEX_POINT('',#10682);
#3504=VERTEX_POINT('',#10686);
#3505=VERTEX_POINT('',#10688);
#3506=VERTEX_POINT('',#10690);
#3507=VERTEX_POINT('',#10692);
#3508=VERTEX_POINT('',#10694);
#3509=VERTEX_POINT('',#10696);
#3510=VERTEX_POINT('',#10698);
#3511=VERTEX_POINT('',#10700);
#3512=VERTEX_POINT('',#10702);
#3513=VERTEX_POINT('',#10704);
#3514=VERTEX_POINT('',#10706);
#3515=VERTEX_POINT('',#10708);
#3516=VERTEX_POINT('',#10710);
#3517=VERTEX_POINT('',#10712);
#3518=VERTEX_POINT('',#10714);
#3519=VERTEX_POINT('',#10716);
#3520=VERTEX_POINT('',#10718);
#3521=VERTEX_POINT('',#10720);
#3522=VERTEX_POINT('',#10722);
#3523=VERTEX_POINT('',#10724);
#3524=VERTEX_POINT('',#10726);
#3525=VERTEX_POINT('',#10728);
#3526=VERTEX_POINT('',#10730);
#3527=VERTEX_POINT('',#10732);
#3528=VERTEX_POINT('',#10734);
#3529=VERTEX_POINT('',#10736);
#3530=VERTEX_POINT('',#10738);
#3531=VERTEX_POINT('',#10740);
#3532=VERTEX_POINT('',#10742);
#3533=VERTEX_POINT('',#10744);
#3534=VERTEX_POINT('',#10746);
#3535=VERTEX_POINT('',#10748);
#3536=VERTEX_POINT('',#10750);
#3537=VERTEX_POINT('',#10752);
#3538=VERTEX_POINT('',#10754);
#3539=VERTEX_POINT('',#10756);
#3540=VERTEX_POINT('',#10758);
#3541=VERTEX_POINT('',#10760);
#3542=VERTEX_POINT('',#10762);
#3543=VERTEX_POINT('',#10764);
#3544=VERTEX_POINT('',#10766);
#3545=VERTEX_POINT('',#10768);
#3546=VERTEX_POINT('',#10770);
#3547=VERTEX_POINT('',#10772);
#3548=VERTEX_POINT('',#10774);
#3549=VERTEX_POINT('',#10776);
#3550=VERTEX_POINT('',#10778);
#3551=VERTEX_POINT('',#10780);
#3552=VERTEX_POINT('',#10782);
#3553=VERTEX_POINT('',#10784);
#3554=VERTEX_POINT('',#10786);
#3555=VERTEX_POINT('',#10788);
#3556=VERTEX_POINT('',#10790);
#3557=VERTEX_POINT('',#10792);
#3558=VERTEX_POINT('',#10794);
#3559=VERTEX_POINT('',#10796);
#3560=VERTEX_POINT('',#10798);
#3561=VERTEX_POINT('',#10800);
#3562=VERTEX_POINT('',#10802);
#3563=VERTEX_POINT('',#10804);
#3564=VERTEX_POINT('',#10806);
#3565=VERTEX_POINT('',#10808);
#3566=VERTEX_POINT('',#10810);
#3567=VERTEX_POINT('',#10812);
#3568=VERTEX_POINT('',#10814);
#3569=VERTEX_POINT('',#10816);
#3570=VERTEX_POINT('',#10818);
#3571=VERTEX_POINT('',#10820);
#3572=VERTEX_POINT('',#10822);
#3573=VERTEX_POINT('',#10824);
#3574=VERTEX_POINT('',#10826);
#3575=VERTEX_POINT('',#10828);
#3576=VERTEX_POINT('',#10830);
#3577=VERTEX_POINT('',#10832);
#3578=VERTEX_POINT('',#10834);
#3579=VERTEX_POINT('',#10836);
#3580=VERTEX_POINT('',#10838);
#3581=VERTEX_POINT('',#10840);
#3582=VERTEX_POINT('',#10842);
#3583=VERTEX_POINT('',#10844);
#3584=VERTEX_POINT('',#10846);
#3585=VERTEX_POINT('',#10848);
#3586=VERTEX_POINT('',#10850);
#3587=VERTEX_POINT('',#10852);
#3588=VERTEX_POINT('',#10854);
#3589=VERTEX_POINT('',#10856);
#3590=VERTEX_POINT('',#10858);
#3591=VERTEX_POINT('',#10860);
#3592=VERTEX_POINT('',#10861);
#3593=VERTEX_POINT('',#10863);
#3594=VERTEX_POINT('',#10865);
#3595=VERTEX_POINT('',#10868);
#3596=VERTEX_POINT('',#10869);
#3597=VERTEX_POINT('',#10871);
#3598=VERTEX_POINT('',#10873);
#3599=VERTEX_POINT('',#10876);
#3600=VERTEX_POINT('',#10878);
#3601=VERTEX_POINT('',#10880);
#3602=LINE('',#8879,#4144);
#3603=LINE('',#8882,#4145);
#3604=LINE('',#8884,#4146);
#3605=LINE('',#8886,#4147);
#3606=LINE('',#8888,#4148);
#3607=LINE('',#8891,#4149);
#3608=LINE('',#8893,#4150);
#3609=LINE('',#8895,#4151);
#3610=LINE('',#8897,#4152);
#3611=LINE('',#8900,#4153);
#3612=LINE('',#8902,#4154);
#3613=LINE('',#8904,#4155);
#3614=LINE('',#8906,#4156);
#3615=LINE('',#8909,#4157);
#3616=LINE('',#8911,#4158);
#3617=LINE('',#8913,#4159);
#3618=LINE('',#8915,#4160);
#3619=LINE('',#8917,#4161);
#3620=LINE('',#8919,#4162);
#3621=LINE('',#8921,#4163);
#3622=LINE('',#8923,#4164);
#3623=LINE('',#8925,#4165);
#3624=LINE('',#8927,#4166);
#3625=LINE('',#8930,#4167);
#3626=LINE('',#8932,#4168);
#3627=LINE('',#8934,#4169);
#3628=LINE('',#8936,#4170);
#3629=LINE('',#8938,#4171);
#3630=LINE('',#8940,#4172);
#3631=LINE('',#8942,#4173);
#3632=LINE('',#8944,#4174);
#3633=LINE('',#8946,#4175);
#3634=LINE('',#8948,#4176);
#3635=LINE('',#8951,#4177);
#3636=LINE('',#8953,#4178);
#3637=LINE('',#8955,#4179);
#3638=LINE('',#8957,#4180);
#3639=LINE('',#8959,#4181);
#3640=LINE('',#8961,#4182);
#3641=LINE('',#8963,#4183);
#3642=LINE('',#8965,#4184);
#3643=LINE('',#8967,#4185);
#3644=LINE('',#8969,#4186);
#3645=LINE('',#8972,#4187);
#3646=LINE('',#8974,#4188);
#3647=LINE('',#8976,#4189);
#3648=LINE('',#8978,#4190);
#3649=LINE('',#8980,#4191);
#3650=LINE('',#8982,#4192);
#3651=LINE('',#8984,#4193);
#3652=LINE('',#8986,#4194);
#3653=LINE('',#8988,#4195);
#3654=LINE('',#8990,#4196);
#3655=LINE('',#8993,#4197);
#3656=LINE('',#8995,#4198);
#3657=LINE('',#8997,#4199);
#3658=LINE('',#8999,#4200);
#3659=LINE('',#9001,#4201);
#3660=LINE('',#9003,#4202);
#3661=LINE('',#9005,#4203);
#3662=LINE('',#9007,#4204);
#3663=LINE('',#9009,#4205);
#3664=LINE('',#9011,#4206);
#3665=LINE('',#9014,#4207);
#3666=LINE('',#9016,#4208);
#3667=LINE('',#9018,#4209);
#3668=LINE('',#9020,#4210);
#3669=LINE('',#9022,#4211);
#3670=LINE('',#9024,#4212);
#3671=LINE('',#9026,#4213);
#3672=LINE('',#9028,#4214);
#3673=LINE('',#9030,#4215);
#3674=LINE('',#9032,#4216);
#3675=LINE('',#9035,#4217);
#3676=LINE('',#9037,#4218);
#3677=LINE('',#9039,#4219);
#3678=LINE('',#9041,#4220);
#3679=LINE('',#9043,#4221);
#3680=LINE('',#9045,#4222);
#3681=LINE('',#9047,#4223);
#3682=LINE('',#9049,#4224);
#3683=LINE('',#9051,#4225);
#3684=LINE('',#9053,#4226);
#3685=LINE('',#9056,#4227);
#3686=LINE('',#9058,#4228);
#3687=LINE('',#9060,#4229);
#3688=LINE('',#9062,#4230);
#3689=LINE('',#9064,#4231);
#3690=LINE('',#9066,#4232);
#3691=LINE('',#9068,#4233);
#3692=LINE('',#9070,#4234);
#3693=LINE('',#9072,#4235);
#3694=LINE('',#9074,#4236);
#3695=LINE('',#9077,#4237);
#3696=LINE('',#9079,#4238);
#3697=LINE('',#9081,#4239);
#3698=LINE('',#9083,#4240);
#3699=LINE('',#9085,#4241);
#3700=LINE('',#9087,#4242);
#3701=LINE('',#9089,#4243);
#3702=LINE('',#9091,#4244);
#3703=LINE('',#9093,#4245);
#3704=LINE('',#9095,#4246);
#3705=LINE('',#9098,#4247);
#3706=LINE('',#9100,#4248);
#3707=LINE('',#9102,#4249);
#3708=LINE('',#9104,#4250);
#3709=LINE('',#9105,#4251);
#3710=LINE('',#9107,#4252);
#3711=LINE('',#9108,#4253);
#3712=LINE('',#9110,#4254);
#3713=LINE('',#9111,#4255);
#3714=LINE('',#9113,#4256);
#3715=LINE('',#9114,#4257);
#3716=LINE('',#9116,#4258);
#3717=LINE('',#9117,#4259);
#3718=LINE('',#9119,#4260);
#3719=LINE('',#9120,#4261);
#3720=LINE('',#9122,#4262);
#3721=LINE('',#9123,#4263);
#3722=LINE('',#9125,#4264);
#3723=LINE('',#9126,#4265);
#3724=LINE('',#9128,#4266);
#3725=LINE('',#9129,#4267);
#3726=LINE('',#9224,#4268);
#3727=LINE('',#9225,#4269);
#3728=LINE('',#9226,#4270);
#3729=LINE('',#9227,#4271);
#3730=LINE('',#9233,#4272);
#3731=LINE('',#9238,#4273);
#3732=LINE('',#9242,#4274);
#3733=LINE('',#9246,#4275);
#3734=LINE('',#9287,#4276);
#3735=LINE('',#9293,#4277);
#3736=LINE('',#9295,#4278);
#3737=LINE('',#9297,#4279);
#3738=LINE('',#9299,#4280);
#3739=LINE('',#9312,#4281);
#3740=LINE('',#9329,#4282);
#3741=LINE('',#9335,#4283);
#3742=LINE('',#9337,#4284);
#3743=LINE('',#9339,#4285);
#3744=LINE('',#9341,#4286);
#3745=LINE('',#9343,#4287);
#3746=LINE('',#9345,#4288);
#3747=LINE('',#9358,#4289);
#3748=LINE('',#9375,#4290);
#3749=LINE('',#9381,#4291);
#3750=LINE('',#9383,#4292);
#3751=LINE('',#9385,#4293);
#3752=LINE('',#9398,#4294);
#3753=LINE('',#9415,#4295);
#3754=LINE('',#9421,#4296);
#3755=LINE('',#9423,#4297);
#3756=LINE('',#9425,#4298);
#3757=LINE('',#9427,#4299);
#3758=LINE('',#9429,#4300);
#3759=LINE('',#9431,#4301);
#3760=LINE('',#9450,#4302);
#3761=LINE('',#9453,#4303);
#3762=LINE('',#9455,#4304);
#3763=LINE('',#9457,#4305);
#3764=LINE('',#9459,#4306);
#3765=LINE('',#9461,#4307);
#3766=LINE('',#9463,#4308);
#3767=LINE('',#9465,#4309);
#3768=LINE('',#9467,#4310);
#3769=LINE('',#9469,#4311);
#3770=LINE('',#9471,#4312);
#3771=LINE('',#9472,#4313);
#3772=LINE('',#9477,#4314);
#3773=LINE('',#9480,#4315);
#3774=LINE('',#9482,#4316);
#3775=LINE('',#9484,#4317);
#3776=LINE('',#9486,#4318);
#3777=LINE('',#9488,#4319);
#3778=LINE('',#9490,#4320);
#3779=LINE('',#9492,#4321);
#3780=LINE('',#9494,#4322);
#3781=LINE('',#9496,#4323);
#3782=LINE('',#9498,#4324);
#3783=LINE('',#9499,#4325);
#3784=LINE('',#9504,#4326);
#3785=LINE('',#9507,#4327);
#3786=LINE('',#9509,#4328);
#3787=LINE('',#9511,#4329);
#3788=LINE('',#9513,#4330);
#3789=LINE('',#9515,#4331);
#3790=LINE('',#9517,#4332);
#3791=LINE('',#9530,#4333);
#3792=LINE('',#9547,#4334);
#3793=LINE('',#9553,#4335);
#3794=LINE('',#9555,#4336);
#3795=LINE('',#9557,#4337);
#3796=LINE('',#9570,#4338);
#3797=LINE('',#9587,#4339);
#3798=LINE('',#9605,#4340);
#3799=LINE('',#9611,#4341);
#3800=LINE('',#9613,#4342);
#3801=LINE('',#9615,#4343);
#3802=LINE('',#9617,#4344);
#3803=LINE('',#9619,#4345);
#3804=LINE('',#9621,#4346);
#3805=LINE('',#9623,#4347);
#3806=LINE('',#9625,#4348);
#3807=LINE('',#9627,#4349);
#3808=LINE('',#9629,#4350);
#3809=LINE('',#9631,#4351);
#3810=LINE('',#9633,#4352);
#3811=LINE('',#9635,#4353);
#3812=LINE('',#9637,#4354);
#3813=LINE('',#9639,#4355);
#3814=LINE('',#9641,#4356);
#3815=LINE('',#9643,#4357);
#3816=LINE('',#9645,#4358);
#3817=LINE('',#9647,#4359);
#3818=LINE('',#9649,#4360);
#3819=LINE('',#9651,#4361);
#3820=LINE('',#9653,#4362);
#3821=LINE('',#9666,#4363);
#3822=LINE('',#9683,#4364);
#3823=LINE('',#9689,#4365);
#3824=LINE('',#9691,#4366);
#3825=LINE('',#9693,#4367);
#3826=LINE('',#9709,#4368);
#3827=LINE('',#9710,#4369);
#3828=LINE('',#9715,#4370);
#3829=LINE('',#9718,#4371);
#3830=LINE('',#9720,#4372);
#3831=LINE('',#9722,#4373);
#3832=LINE('',#9724,#4374);
#3833=LINE('',#9726,#4375);
#3834=LINE('',#9728,#4376);
#3835=LINE('',#9730,#4377);
#3836=LINE('',#9732,#4378);
#3837=LINE('',#9734,#4379);
#3838=LINE('',#9736,#4380);
#3839=LINE('',#9739,#4381);
#3840=LINE('',#9741,#4382);
#3841=LINE('',#9743,#4383);
#3842=LINE('',#9745,#4384);
#3843=LINE('',#9747,#4385);
#3844=LINE('',#9749,#4386);
#3845=LINE('',#9751,#4387);
#3846=LINE('',#9753,#4388);
#3847=LINE('',#9755,#4389);
#3848=LINE('',#9757,#4390);
#3849=LINE('',#9759,#4391);
#3850=LINE('',#9761,#4392);
#3851=LINE('',#9763,#4393);
#3852=LINE('',#9765,#4394);
#3853=LINE('',#9767,#4395);
#3854=LINE('',#9769,#4396);
#3855=LINE('',#9771,#4397);
#3856=LINE('',#9773,#4398);
#3857=LINE('',#9775,#4399);
#3858=LINE('',#9777,#4400);
#3859=LINE('',#9779,#4401);
#3860=LINE('',#9781,#4402);
#3861=LINE('',#9783,#4403);
#3862=LINE('',#9785,#4404);
#3863=LINE('',#9787,#4405);
#3864=LINE('',#9789,#4406);
#3865=LINE('',#9791,#4407);
#3866=LINE('',#9793,#4408);
#3867=LINE('',#9795,#4409);
#3868=LINE('',#9797,#4410);
#3869=LINE('',#9799,#4411);
#3870=LINE('',#9801,#4412);
#3871=LINE('',#9803,#4413);
#3872=LINE('',#9805,#4414);
#3873=LINE('',#9807,#4415);
#3874=LINE('',#9809,#4416);
#3875=LINE('',#9811,#4417);
#3876=LINE('',#9813,#4418);
#3877=LINE('',#9815,#4419);
#3878=LINE('',#9817,#4420);
#3879=LINE('',#9819,#4421);
#3880=LINE('',#9821,#4422);
#3881=LINE('',#9823,#4423);
#3882=LINE('',#9825,#4424);
#3883=LINE('',#9827,#4425);
#3884=LINE('',#9829,#4426);
#3885=LINE('',#9830,#4427);
#3886=LINE('',#9832,#4428);
#3887=LINE('',#9833,#4429);
#3888=LINE('',#9838,#4430);
#3889=LINE('',#9841,#4431);
#3890=LINE('',#9843,#4432);
#3891=LINE('',#9845,#4433);
#3892=LINE('',#9847,#4434);
#3893=LINE('',#9849,#4435);
#3894=LINE('',#9851,#4436);
#3895=LINE('',#9853,#4437);
#3896=LINE('',#9855,#4438);
#3897=LINE('',#9857,#4439);
#3898=LINE('',#9870,#4440);
#3899=LINE('',#9887,#4441);
#3900=LINE('',#9904,#4442);
#3901=LINE('',#9922,#4443);
#3902=LINE('',#9928,#4444);
#3903=LINE('',#9930,#4445);
#3904=LINE('',#9932,#4446);
#3905=LINE('',#9934,#4447);
#3906=LINE('',#9936,#4448);
#3907=LINE('',#9938,#4449);
#3908=LINE('',#9940,#4450);
#3909=LINE('',#9942,#4451);
#3910=LINE('',#9944,#4452);
#3911=LINE('',#9946,#4453);
#3912=LINE('',#9948,#4454);
#3913=LINE('',#9950,#4455);
#3914=LINE('',#9952,#4456);
#3915=LINE('',#9954,#4457);
#3916=LINE('',#9956,#4458);
#3917=LINE('',#9958,#4459);
#3918=LINE('',#9960,#4460);
#3919=LINE('',#9962,#4461);
#3920=LINE('',#9964,#4462);
#3921=LINE('',#9966,#4463);
#3922=LINE('',#9968,#4464);
#3923=LINE('',#9970,#4465);
#3924=LINE('',#9972,#4466);
#3925=LINE('',#9974,#4467);
#3926=LINE('',#9976,#4468);
#3927=LINE('',#9978,#4469);
#3928=LINE('',#9980,#4470);
#3929=LINE('',#9982,#4471);
#3930=LINE('',#9984,#4472);
#3931=LINE('',#9986,#4473);
#3932=LINE('',#9988,#4474);
#3933=LINE('',#9990,#4475);
#3934=LINE('',#9992,#4476);
#3935=LINE('',#9994,#4477);
#3936=LINE('',#10007,#4478);
#3937=LINE('',#10024,#4479);
#3938=LINE('',#10061,#4480);
#3939=LINE('',#10064,#4481);
#3940=LINE('',#10066,#4482);
#3941=LINE('',#10068,#4483);
#3942=LINE('',#10070,#4484);
#3943=LINE('',#10072,#4485);
#3944=LINE('',#10074,#4486);
#3945=LINE('',#10076,#4487);
#3946=LINE('',#10078,#4488);
#3947=LINE('',#10080,#4489);
#3948=LINE('',#10082,#4490);
#3949=LINE('',#10083,#4491);
#3950=LINE('',#10088,#4492);
#3951=LINE('',#10091,#4493);
#3952=LINE('',#10093,#4494);
#3953=LINE('',#10095,#4495);
#3954=LINE('',#10097,#4496);
#3955=LINE('',#10099,#4497);
#3956=LINE('',#10101,#4498);
#3957=LINE('',#10103,#4499);
#3958=LINE('',#10105,#4500);
#3959=LINE('',#10107,#4501);
#3960=LINE('',#10109,#4502);
#3961=LINE('',#10111,#4503);
#3962=LINE('',#10113,#4504);
#3963=LINE('',#10115,#4505);
#3964=LINE('',#10117,#4506);
#3965=LINE('',#10119,#4507);
#3966=LINE('',#10121,#4508);
#3967=LINE('',#10123,#4509);
#3968=LINE('',#10125,#4510);
#3969=LINE('',#10127,#4511);
#3970=LINE('',#10129,#4512);
#3971=LINE('',#10131,#4513);
#3972=LINE('',#10133,#4514);
#3973=LINE('',#10135,#4515);
#3974=LINE('',#10137,#4516);
#3975=LINE('',#10139,#4517);
#3976=LINE('',#10141,#4518);
#3977=LINE('',#10143,#4519);
#3978=LINE('',#10145,#4520);
#3979=LINE('',#10147,#4521);
#3980=LINE('',#10149,#4522);
#3981=LINE('',#10151,#4523);
#3982=LINE('',#10153,#4524);
#3983=LINE('',#10155,#4525);
#3984=LINE('',#10157,#4526);
#3985=LINE('',#10159,#4527);
#3986=LINE('',#10161,#4528);
#3987=LINE('',#10163,#4529);
#3988=LINE('',#10165,#4530);
#3989=LINE('',#10167,#4531);
#3990=LINE('',#10169,#4532);
#3991=LINE('',#10171,#4533);
#3992=LINE('',#10173,#4534);
#3993=LINE('',#10175,#4535);
#3994=LINE('',#10177,#4536);
#3995=LINE('',#10179,#4537);
#3996=LINE('',#10181,#4538);
#3997=LINE('',#10183,#4539);
#3998=LINE('',#10185,#4540);
#3999=LINE('',#10187,#4541);
#4000=LINE('',#10189,#4542);
#4001=LINE('',#10191,#4543);
#4002=LINE('',#10193,#4544);
#4003=LINE('',#10195,#4545);
#4004=LINE('',#10197,#4546);
#4005=LINE('',#10199,#4547);
#4006=LINE('',#10201,#4548);
#4007=LINE('',#10203,#4549);
#4008=LINE('',#10205,#4550);
#4009=LINE('',#10206,#4551);
#4010=LINE('',#10211,#4552);
#4011=LINE('',#10214,#4553);
#4012=LINE('',#10216,#4554);
#4013=LINE('',#10218,#4555);
#4014=LINE('',#10220,#4556);
#4015=LINE('',#10222,#4557);
#4016=LINE('',#10224,#4558);
#4017=LINE('',#10226,#4559);
#4018=LINE('',#10228,#4560);
#4019=LINE('',#10230,#4561);
#4020=LINE('',#10232,#4562);
#4021=LINE('',#10235,#4563);
#4022=LINE('',#10237,#4564);
#4023=LINE('',#10239,#4565);
#4024=LINE('',#10241,#4566);
#4025=LINE('',#10243,#4567);
#4026=LINE('',#10245,#4568);
#4027=LINE('',#10247,#4569);
#4028=LINE('',#10249,#4570);
#4029=LINE('',#10251,#4571);
#4030=LINE('',#10253,#4572);
#4031=LINE('',#10255,#4573);
#4032=LINE('',#10257,#4574);
#4033=LINE('',#10259,#4575);
#4034=LINE('',#10261,#4576);
#4035=LINE('',#10263,#4577);
#4036=LINE('',#10265,#4578);
#4037=LINE('',#10267,#4579);
#4038=LINE('',#10269,#4580);
#4039=LINE('',#10271,#4581);
#4040=LINE('',#10273,#4582);
#4041=LINE('',#10275,#4583);
#4042=LINE('',#10277,#4584);
#4043=LINE('',#10279,#4585);
#4044=LINE('',#10281,#4586);
#4045=LINE('',#10283,#4587);
#4046=LINE('',#10285,#4588);
#4047=LINE('',#10287,#4589);
#4048=LINE('',#10289,#4590);
#4049=LINE('',#10291,#4591);
#4050=LINE('',#10293,#4592);
#4051=LINE('',#10295,#4593);
#4052=LINE('',#10297,#4594);
#4053=LINE('',#10299,#4595);
#4054=LINE('',#10301,#4596);
#4055=LINE('',#10303,#4597);
#4056=LINE('',#10305,#4598);
#4057=LINE('',#10307,#4599);
#4058=LINE('',#10309,#4600);
#4059=LINE('',#10311,#4601);
#4060=LINE('',#10313,#4602);
#4061=LINE('',#10315,#4603);
#4062=LINE('',#10317,#4604);
#4063=LINE('',#10319,#4605);
#4064=LINE('',#10321,#4606);
#4065=LINE('',#10323,#4607);
#4066=LINE('',#10325,#4608);
#4067=LINE('',#10326,#4609);
#4068=LINE('',#10328,#4610);
#4069=LINE('',#10329,#4611);
#4070=LINE('',#10334,#4612);
#4071=LINE('',#10337,#4613);
#4072=LINE('',#10339,#4614);
#4073=LINE('',#10341,#4615);
#4074=LINE('',#10342,#4616);
#4075=LINE('',#10345,#4617);
#4076=LINE('',#10347,#4618);
#4077=LINE('',#10349,#4619);
#4078=LINE('',#10351,#4620);
#4079=LINE('',#10354,#4621);
#4080=LINE('',#10356,#4622);
#4081=LINE('',#10358,#4623);
#4082=LINE('',#10360,#4624);
#4083=LINE('',#10363,#4625);
#4084=LINE('',#10365,#4626);
#4085=LINE('',#10367,#4627);
#4086=LINE('',#10389,#4628);
#4087=LINE('',#10392,#4629);
#4088=LINE('',#10394,#4630);
#4089=LINE('',#10396,#4631);
#4090=LINE('',#10403,#4632);
#4091=LINE('',#10406,#4633);
#4092=LINE('',#10408,#4634);
#4093=LINE('',#10410,#4635);
#4094=LINE('',#10412,#4636);
#4095=LINE('',#10414,#4637);
#4096=LINE('',#10416,#4638);
#4097=LINE('',#10418,#4639);
#4098=LINE('',#10420,#4640);
#4099=LINE('',#10422,#4641);
#4100=LINE('',#10424,#4642);
#4101=LINE('',#10427,#4643);
#4102=LINE('',#10428,#4644);
#4103=LINE('',#10429,#4645);
#4104=LINE('',#10431,#4646);
#4105=LINE('',#10433,#4647);
#4106=LINE('',#10440,#4648);
#4107=LINE('',#10442,#4649);
#4108=LINE('',#10444,#4650);
#4109=LINE('',#10450,#4651);
#4110=LINE('',#10451,#4652);
#4111=LINE('',#10453,#4653);
#4112=LINE('',#10455,#4654);
#4113=LINE('',#10457,#4655);
#4114=LINE('',#10459,#4656);
#4115=LINE('',#10461,#4657);
#4116=LINE('',#10465,#4658);
#4117=LINE('',#10468,#4659);
#4118=LINE('',#10470,#4660);
#4119=LINE('',#10472,#4661);
#4120=LINE('',#10474,#4662);
#4121=LINE('',#10477,#4663);
#4122=LINE('',#10478,#4664);
#4123=LINE('',#10480,#4665);
#4124=LINE('',#10482,#4666);
#4125=LINE('',#10484,#4667);
#4126=LINE('',#10486,#4668);
#4127=LINE('',#10661,#4669);
#4128=LINE('',#10666,#4670);
#4129=LINE('',#10669,#4671);
#4130=LINE('',#10674,#4672);
#4131=LINE('',#10684,#4673);
#4132=LINE('',#10862,#4674);
#4133=LINE('',#10866,#4675);
#4134=LINE('',#10870,#4676);
#4135=LINE('',#10874,#4677);
#4136=LINE('',#10970,#4678);
#4137=LINE('',#10971,#4679);
#4138=LINE('',#10973,#4680);
#4139=LINE('',#10975,#4681);
#4140=LINE('',#10978,#4682);
#4141=LINE('',#10979,#4683);
#4142=LINE('',#10981,#4684);
#4143=LINE('',#10983,#4685);
#4144=VECTOR('',#7229,1000.);
#4145=VECTOR('',#7230,1000.);
#4146=VECTOR('',#7231,1000.);
#4147=VECTOR('',#7232,1000.);
#4148=VECTOR('',#7235,1000.);
#4149=VECTOR('',#7236,1000.);
#4150=VECTOR('',#7237,1000.);
#4151=VECTOR('',#7238,1000.);
#4152=VECTOR('',#7241,1000.);
#4153=VECTOR('',#7242,1000.);
#4154=VECTOR('',#7243,1000.);
#4155=VECTOR('',#7244,1000.);
#4156=VECTOR('',#7247,1000.);
#4157=VECTOR('',#7248,1000.);
#4158=VECTOR('',#7249,1000.);
#4159=VECTOR('',#7250,1000.);
#4160=VECTOR('',#7253,1000.);
#4161=VECTOR('',#7254,1000.);
#4162=VECTOR('',#7255,1000.);
#4163=VECTOR('',#7258,1000.);
#4164=VECTOR('',#7259,1000.);
#4165=VECTOR('',#7260,1000.);
#4166=VECTOR('',#7263,1000.);
#4167=VECTOR('',#7264,1000.);
#4168=VECTOR('',#7265,1000.);
#4169=VECTOR('',#7266,1000.);
#4170=VECTOR('',#7269,1000.);
#4171=VECTOR('',#7270,1000.);
#4172=VECTOR('',#7271,1000.);
#4173=VECTOR('',#7274,1000.);
#4174=VECTOR('',#7275,1000.);
#4175=VECTOR('',#7276,1000.);
#4176=VECTOR('',#7279,1000.);
#4177=VECTOR('',#7280,1000.);
#4178=VECTOR('',#7281,1000.);
#4179=VECTOR('',#7282,1000.);
#4180=VECTOR('',#7285,1000.);
#4181=VECTOR('',#7286,1000.);
#4182=VECTOR('',#7287,1000.);
#4183=VECTOR('',#7290,1000.);
#4184=VECTOR('',#7291,1000.);
#4185=VECTOR('',#7292,1000.);
#4186=VECTOR('',#7295,1000.);
#4187=VECTOR('',#7296,1000.);
#4188=VECTOR('',#7297,1000.);
#4189=VECTOR('',#7298,1000.);
#4190=VECTOR('',#7301,1000.);
#4191=VECTOR('',#7302,1000.);
#4192=VECTOR('',#7303,1000.);
#4193=VECTOR('',#7306,1000.);
#4194=VECTOR('',#7307,1000.);
#4195=VECTOR('',#7308,1000.);
#4196=VECTOR('',#7311,1000.);
#4197=VECTOR('',#7312,1000.);
#4198=VECTOR('',#7313,1000.);
#4199=VECTOR('',#7314,1000.);
#4200=VECTOR('',#7317,1000.);
#4201=VECTOR('',#7318,1000.);
#4202=VECTOR('',#7319,1000.);
#4203=VECTOR('',#7322,1000.);
#4204=VECTOR('',#7323,1000.);
#4205=VECTOR('',#7324,1000.);
#4206=VECTOR('',#7327,1000.);
#4207=VECTOR('',#7328,1000.);
#4208=VECTOR('',#7329,1000.);
#4209=VECTOR('',#7330,1000.);
#4210=VECTOR('',#7333,1000.);
#4211=VECTOR('',#7334,1000.);
#4212=VECTOR('',#7335,1000.);
#4213=VECTOR('',#7338,1000.);
#4214=VECTOR('',#7339,1000.);
#4215=VECTOR('',#7340,1000.);
#4216=VECTOR('',#7343,1000.);
#4217=VECTOR('',#7344,1000.);
#4218=VECTOR('',#7345,1000.);
#4219=VECTOR('',#7346,1000.);
#4220=VECTOR('',#7349,1000.);
#4221=VECTOR('',#7350,1000.);
#4222=VECTOR('',#7351,1000.);
#4223=VECTOR('',#7354,1000.);
#4224=VECTOR('',#7355,1000.);
#4225=VECTOR('',#7356,1000.);
#4226=VECTOR('',#7359,1000.);
#4227=VECTOR('',#7360,1000.);
#4228=VECTOR('',#7361,1000.);
#4229=VECTOR('',#7362,1000.);
#4230=VECTOR('',#7365,1000.);
#4231=VECTOR('',#7366,1000.);
#4232=VECTOR('',#7367,1000.);
#4233=VECTOR('',#7370,1000.);
#4234=VECTOR('',#7371,1000.);
#4235=VECTOR('',#7372,1000.);
#4236=VECTOR('',#7375,1000.);
#4237=VECTOR('',#7376,1000.);
#4238=VECTOR('',#7377,1000.);
#4239=VECTOR('',#7378,1000.);
#4240=VECTOR('',#7381,1000.);
#4241=VECTOR('',#7382,1000.);
#4242=VECTOR('',#7383,1000.);
#4243=VECTOR('',#7386,1000.);
#4244=VECTOR('',#7387,1000.);
#4245=VECTOR('',#7388,1000.);
#4246=VECTOR('',#7391,1000.);
#4247=VECTOR('',#7392,1000.);
#4248=VECTOR('',#7393,1000.);
#4249=VECTOR('',#7394,1000.);
#4250=VECTOR('',#7397,1000.);
#4251=VECTOR('',#7398,1000.);
#4252=VECTOR('',#7401,1000.);
#4253=VECTOR('',#7402,1000.);
#4254=VECTOR('',#7405,1000.);
#4255=VECTOR('',#7406,1000.);
#4256=VECTOR('',#7409,1000.);
#4257=VECTOR('',#7410,1000.);
#4258=VECTOR('',#7413,1000.);
#4259=VECTOR('',#7414,1000.);
#4260=VECTOR('',#7417,1000.);
#4261=VECTOR('',#7418,1000.);
#4262=VECTOR('',#7421,1000.);
#4263=VECTOR('',#7422,1000.);
#4264=VECTOR('',#7425,1000.);
#4265=VECTOR('',#7426,1000.);
#4266=VECTOR('',#7429,1000.);
#4267=VECTOR('',#7430,1000.);
#4268=VECTOR('',#7463,1000.);
#4269=VECTOR('',#7464,1000.);
#4270=VECTOR('',#7465,1000.);
#4271=VECTOR('',#7466,1000.);
#4272=VECTOR('',#7477,1000.);
#4273=VECTOR('',#7480,1000.);
#4274=VECTOR('',#7483,1000.);
#4275=VECTOR('',#7486,1000.);
#4276=VECTOR('',#7539,1000.);
#4277=VECTOR('',#7540,1000.);
#4278=VECTOR('',#7543,1000.);
#4279=VECTOR('',#7544,1000.);
#4280=VECTOR('',#7545,1000.);
#4281=VECTOR('',#7546,1000.);
#4282=VECTOR('',#7547,1000.);
#4283=VECTOR('',#7550,1000.);
#4284=VECTOR('',#7551,1000.);
#4285=VECTOR('',#7552,1000.);
#4286=VECTOR('',#7555,1000.);
#4287=VECTOR('',#7556,1000.);
#4288=VECTOR('',#7557,1000.);
#4289=VECTOR('',#7558,1000.);
#4290=VECTOR('',#7559,1000.);
#4291=VECTOR('',#7562,1000.);
#4292=VECTOR('',#7563,1000.);
#4293=VECTOR('',#7564,1000.);
#4294=VECTOR('',#7565,1000.);
#4295=VECTOR('',#7566,1000.);
#4296=VECTOR('',#7569,1000.);
#4297=VECTOR('',#7570,1000.);
#4298=VECTOR('',#7571,1000.);
#4299=VECTOR('',#7574,1000.);
#4300=VECTOR('',#7575,1000.);
#4301=VECTOR('',#7576,1000.);
#4302=VECTOR('',#7585,1000.);
#4303=VECTOR('',#7586,1000.);
#4304=VECTOR('',#7587,1000.);
#4305=VECTOR('',#7588,1000.);
#4306=VECTOR('',#7591,1000.);
#4307=VECTOR('',#7592,1000.);
#4308=VECTOR('',#7593,1000.);
#4309=VECTOR('',#7596,1000.);
#4310=VECTOR('',#7597,1000.);
#4311=VECTOR('',#7598,1000.);
#4312=VECTOR('',#7601,1000.);
#4313=VECTOR('',#7602,1000.);
#4314=VECTOR('',#7611,1000.);
#4315=VECTOR('',#7612,1000.);
#4316=VECTOR('',#7613,1000.);
#4317=VECTOR('',#7614,1000.);
#4318=VECTOR('',#7617,1000.);
#4319=VECTOR('',#7618,1000.);
#4320=VECTOR('',#7619,1000.);
#4321=VECTOR('',#7622,1000.);
#4322=VECTOR('',#7623,1000.);
#4323=VECTOR('',#7624,1000.);
#4324=VECTOR('',#7627,1000.);
#4325=VECTOR('',#7628,1000.);
#4326=VECTOR('',#7637,1000.);
#4327=VECTOR('',#7638,1000.);
#4328=VECTOR('',#7639,1000.);
#4329=VECTOR('',#7640,1000.);
#4330=VECTOR('',#7643,1000.);
#4331=VECTOR('',#7644,1000.);
#4332=VECTOR('',#7645,1000.);
#4333=VECTOR('',#7646,1000.);
#4334=VECTOR('',#7647,1000.);
#4335=VECTOR('',#7650,1000.);
#4336=VECTOR('',#7651,1000.);
#4337=VECTOR('',#7652,1000.);
#4338=VECTOR('',#7653,1000.);
#4339=VECTOR('',#7654,1000.);
#4340=VECTOR('',#7655,1000.);
#4341=VECTOR('',#7656,1000.);
#4342=VECTOR('',#7659,1000.);
#4343=VECTOR('',#7660,1000.);
#4344=VECTOR('',#7661,1000.);
#4345=VECTOR('',#7664,1000.);
#4346=VECTOR('',#7665,1000.);
#4347=VECTOR('',#7666,1000.);
#4348=VECTOR('',#7669,1000.);
#4349=VECTOR('',#7670,1000.);
#4350=VECTOR('',#7671,1000.);
#4351=VECTOR('',#7674,1000.);
#4352=VECTOR('',#7675,1000.);
#4353=VECTOR('',#7676,1000.);
#4354=VECTOR('',#7679,1000.);
#4355=VECTOR('',#7680,1000.);
#4356=VECTOR('',#7681,1000.);
#4357=VECTOR('',#7684,1000.);
#4358=VECTOR('',#7685,1000.);
#4359=VECTOR('',#7686,1000.);
#4360=VECTOR('',#7689,1000.);
#4361=VECTOR('',#7690,1000.);
#4362=VECTOR('',#7691,1000.);
#4363=VECTOR('',#7692,1000.);
#4364=VECTOR('',#7693,1000.);
#4365=VECTOR('',#7696,1000.);
#4366=VECTOR('',#7697,1000.);
#4367=VECTOR('',#7698,1000.);
#4368=VECTOR('',#7701,1000.);
#4369=VECTOR('',#7702,1000.);
#4370=VECTOR('',#7711,1000.);
#4371=VECTOR('',#7712,1000.);
#4372=VECTOR('',#7713,1000.);
#4373=VECTOR('',#7714,1000.);
#4374=VECTOR('',#7717,1000.);
#4375=VECTOR('',#7718,1000.);
#4376=VECTOR('',#7719,1000.);
#4377=VECTOR('',#7722,1000.);
#4378=VECTOR('',#7723,1000.);
#4379=VECTOR('',#7724,1000.);
#4380=VECTOR('',#7727,1000.);
#4381=VECTOR('',#7728,1000.);
#4382=VECTOR('',#7729,1000.);
#4383=VECTOR('',#7730,1000.);
#4384=VECTOR('',#7733,1000.);
#4385=VECTOR('',#7734,1000.);
#4386=VECTOR('',#7735,1000.);
#4387=VECTOR('',#7738,1000.);
#4388=VECTOR('',#7739,1000.);
#4389=VECTOR('',#7740,1000.);
#4390=VECTOR('',#7743,1000.);
#4391=VECTOR('',#7744,1000.);
#4392=VECTOR('',#7745,1000.);
#4393=VECTOR('',#7748,1000.);
#4394=VECTOR('',#7749,1000.);
#4395=VECTOR('',#7750,1000.);
#4396=VECTOR('',#7753,1000.);
#4397=VECTOR('',#7754,1000.);
#4398=VECTOR('',#7755,1000.);
#4399=VECTOR('',#7758,1000.);
#4400=VECTOR('',#7759,1000.);
#4401=VECTOR('',#7760,1000.);
#4402=VECTOR('',#7763,1000.);
#4403=VECTOR('',#7764,1000.);
#4404=VECTOR('',#7765,1000.);
#4405=VECTOR('',#7768,1000.);
#4406=VECTOR('',#7769,1000.);
#4407=VECTOR('',#7770,1000.);
#4408=VECTOR('',#7773,1000.);
#4409=VECTOR('',#7774,1000.);
#4410=VECTOR('',#7775,1000.);
#4411=VECTOR('',#7778,1000.);
#4412=VECTOR('',#7779,1000.);
#4413=VECTOR('',#7780,1000.);
#4414=VECTOR('',#7783,1000.);
#4415=VECTOR('',#7784,1000.);
#4416=VECTOR('',#7785,1000.);
#4417=VECTOR('',#7788,1000.);
#4418=VECTOR('',#7789,1000.);
#4419=VECTOR('',#7790,1000.);
#4420=VECTOR('',#7793,1000.);
#4421=VECTOR('',#7794,1000.);
#4422=VECTOR('',#7795,1000.);
#4423=VECTOR('',#7798,1000.);
#4424=VECTOR('',#7799,1000.);
#4425=VECTOR('',#7800,1000.);
#4426=VECTOR('',#7803,1000.);
#4427=VECTOR('',#7804,1000.);
#4428=VECTOR('',#7807,1000.);
#4429=VECTOR('',#7808,1000.);
#4430=VECTOR('',#7817,1000.);
#4431=VECTOR('',#7818,1000.);
#4432=VECTOR('',#7819,1000.);
#4433=VECTOR('',#7820,1000.);
#4434=VECTOR('',#7823,1000.);
#4435=VECTOR('',#7824,1000.);
#4436=VECTOR('',#7825,1000.);
#4437=VECTOR('',#7828,1000.);
#4438=VECTOR('',#7829,1000.);
#4439=VECTOR('',#7830,1000.);
#4440=VECTOR('',#7831,1000.);
#4441=VECTOR('',#7832,1000.);
#4442=VECTOR('',#7833,1000.);
#4443=VECTOR('',#7834,1000.);
#4444=VECTOR('',#7835,1000.);
#4445=VECTOR('',#7838,1000.);
#4446=VECTOR('',#7839,1000.);
#4447=VECTOR('',#7840,1000.);
#4448=VECTOR('',#7843,1000.);
#4449=VECTOR('',#7844,1000.);
#4450=VECTOR('',#7845,1000.);
#4451=VECTOR('',#7848,1000.);
#4452=VECTOR('',#7849,1000.);
#4453=VECTOR('',#7850,1000.);
#4454=VECTOR('',#7853,1000.);
#4455=VECTOR('',#7854,1000.);
#4456=VECTOR('',#7855,1000.);
#4457=VECTOR('',#7858,1000.);
#4458=VECTOR('',#7859,1000.);
#4459=VECTOR('',#7860,1000.);
#4460=VECTOR('',#7863,1000.);
#4461=VECTOR('',#7864,1000.);
#4462=VECTOR('',#7865,1000.);
#4463=VECTOR('',#7868,1000.);
#4464=VECTOR('',#7869,1000.);
#4465=VECTOR('',#7870,1000.);
#4466=VECTOR('',#7873,1000.);
#4467=VECTOR('',#7874,1000.);
#4468=VECTOR('',#7875,1000.);
#4469=VECTOR('',#7878,1000.);
#4470=VECTOR('',#7879,1000.);
#4471=VECTOR('',#7880,1000.);
#4472=VECTOR('',#7883,1000.);
#4473=VECTOR('',#7884,1000.);
#4474=VECTOR('',#7885,1000.);
#4475=VECTOR('',#7888,1000.);
#4476=VECTOR('',#7889,1000.);
#4477=VECTOR('',#7890,1000.);
#4478=VECTOR('',#7891,1000.);
#4479=VECTOR('',#7892,1000.);
#4480=VECTOR('',#7901,1000.);
#4481=VECTOR('',#7902,1000.);
#4482=VECTOR('',#7903,1000.);
#4483=VECTOR('',#7904,1000.);
#4484=VECTOR('',#7907,1000.);
#4485=VECTOR('',#7908,1000.);
#4486=VECTOR('',#7909,1000.);
#4487=VECTOR('',#7912,1000.);
#4488=VECTOR('',#7913,1000.);
#4489=VECTOR('',#7914,1000.);
#4490=VECTOR('',#7917,1000.);
#4491=VECTOR('',#7918,1000.);
#4492=VECTOR('',#7927,1000.);
#4493=VECTOR('',#7928,1000.);
#4494=VECTOR('',#7929,1000.);
#4495=VECTOR('',#7930,1000.);
#4496=VECTOR('',#7933,1000.);
#4497=VECTOR('',#7934,1000.);
#4498=VECTOR('',#7935,1000.);
#4499=VECTOR('',#7938,1000.);
#4500=VECTOR('',#7939,1000.);
#4501=VECTOR('',#7940,1000.);
#4502=VECTOR('',#7943,1000.);
#4503=VECTOR('',#7944,1000.);
#4504=VECTOR('',#7945,1000.);
#4505=VECTOR('',#7948,1000.);
#4506=VECTOR('',#7949,1000.);
#4507=VECTOR('',#7950,1000.);
#4508=VECTOR('',#7953,1000.);
#4509=VECTOR('',#7954,1000.);
#4510=VECTOR('',#7955,1000.);
#4511=VECTOR('',#7958,1000.);
#4512=VECTOR('',#7959,1000.);
#4513=VECTOR('',#7960,1000.);
#4514=VECTOR('',#7963,1000.);
#4515=VECTOR('',#7964,1000.);
#4516=VECTOR('',#7965,1000.);
#4517=VECTOR('',#7968,1000.);
#4518=VECTOR('',#7969,1000.);
#4519=VECTOR('',#7970,1000.);
#4520=VECTOR('',#7973,1000.);
#4521=VECTOR('',#7974,1000.);
#4522=VECTOR('',#7975,1000.);
#4523=VECTOR('',#7978,1000.);
#4524=VECTOR('',#7979,1000.);
#4525=VECTOR('',#7980,1000.);
#4526=VECTOR('',#7983,1000.);
#4527=VECTOR('',#7984,1000.);
#4528=VECTOR('',#7985,1000.);
#4529=VECTOR('',#7988,1000.);
#4530=VECTOR('',#7989,1000.);
#4531=VECTOR('',#7990,1000.);
#4532=VECTOR('',#7993,1000.);
#4533=VECTOR('',#7994,1000.);
#4534=VECTOR('',#7995,1000.);
#4535=VECTOR('',#7998,1000.);
#4536=VECTOR('',#7999,1000.);
#4537=VECTOR('',#8000,1000.);
#4538=VECTOR('',#8003,1000.);
#4539=VECTOR('',#8004,1000.);
#4540=VECTOR('',#8005,1000.);
#4541=VECTOR('',#8008,1000.);
#4542=VECTOR('',#8009,1000.);
#4543=VECTOR('',#8010,1000.);
#4544=VECTOR('',#8013,1000.);
#4545=VECTOR('',#8014,1000.);
#4546=VECTOR('',#8015,1000.);
#4547=VECTOR('',#8018,1000.);
#4548=VECTOR('',#8019,1000.);
#4549=VECTOR('',#8020,1000.);
#4550=VECTOR('',#8023,1000.);
#4551=VECTOR('',#8024,1000.);
#4552=VECTOR('',#8033,1000.);
#4553=VECTOR('',#8034,1000.);
#4554=VECTOR('',#8035,1000.);
#4555=VECTOR('',#8036,1000.);
#4556=VECTOR('',#8039,1000.);
#4557=VECTOR('',#8040,1000.);
#4558=VECTOR('',#8041,1000.);
#4559=VECTOR('',#8044,1000.);
#4560=VECTOR('',#8045,1000.);
#4561=VECTOR('',#8046,1000.);
#4562=VECTOR('',#8049,1000.);
#4563=VECTOR('',#8050,1000.);
#4564=VECTOR('',#8051,1000.);
#4565=VECTOR('',#8052,1000.);
#4566=VECTOR('',#8055,1000.);
#4567=VECTOR('',#8056,1000.);
#4568=VECTOR('',#8057,1000.);
#4569=VECTOR('',#8060,1000.);
#4570=VECTOR('',#8061,1000.);
#4571=VECTOR('',#8062,1000.);
#4572=VECTOR('',#8065,1000.);
#4573=VECTOR('',#8066,1000.);
#4574=VECTOR('',#8067,1000.);
#4575=VECTOR('',#8070,1000.);
#4576=VECTOR('',#8071,1000.);
#4577=VECTOR('',#8072,1000.);
#4578=VECTOR('',#8075,1000.);
#4579=VECTOR('',#8076,1000.);
#4580=VECTOR('',#8077,1000.);
#4581=VECTOR('',#8080,1000.);
#4582=VECTOR('',#8081,1000.);
#4583=VECTOR('',#8082,1000.);
#4584=VECTOR('',#8085,1000.);
#4585=VECTOR('',#8086,1000.);
#4586=VECTOR('',#8087,1000.);
#4587=VECTOR('',#8090,1000.);
#4588=VECTOR('',#8091,1000.);
#4589=VECTOR('',#8092,1000.);
#4590=VECTOR('',#8095,1000.);
#4591=VECTOR('',#8096,1000.);
#4592=VECTOR('',#8097,1000.);
#4593=VECTOR('',#8100,1000.);
#4594=VECTOR('',#8101,1000.);
#4595=VECTOR('',#8102,1000.);
#4596=VECTOR('',#8105,1000.);
#4597=VECTOR('',#8106,1000.);
#4598=VECTOR('',#8107,1000.);
#4599=VECTOR('',#8110,1000.);
#4600=VECTOR('',#8111,1000.);
#4601=VECTOR('',#8112,1000.);
#4602=VECTOR('',#8115,1000.);
#4603=VECTOR('',#8116,1000.);
#4604=VECTOR('',#8117,1000.);
#4605=VECTOR('',#8120,1000.);
#4606=VECTOR('',#8121,1000.);
#4607=VECTOR('',#8122,1000.);
#4608=VECTOR('',#8125,1000.);
#4609=VECTOR('',#8126,1000.);
#4610=VECTOR('',#8129,1000.);
#4611=VECTOR('',#8130,1000.);
#4612=VECTOR('',#8139,1000.);
#4613=VECTOR('',#8140,1000.);
#4614=VECTOR('',#8141,1000.);
#4615=VECTOR('',#8142,1000.);
#4616=VECTOR('',#8143,1000.);
#4617=VECTOR('',#8144,1000.);
#4618=VECTOR('',#8145,1000.);
#4619=VECTOR('',#8146,1000.);
#4620=VECTOR('',#8149,1000.);
#4621=VECTOR('',#8150,1000.);
#4622=VECTOR('',#8151,1000.);
#4623=VECTOR('',#8152,1000.);
#4624=VECTOR('',#8155,1000.);
#4625=VECTOR('',#8156,1000.);
#4626=VECTOR('',#8157,1000.);
#4627=VECTOR('',#8158,1000.);
#4628=VECTOR('',#8185,1000.);
#4629=VECTOR('',#8186,1000.);
#4630=VECTOR('',#8187,1000.);
#4631=VECTOR('',#8188,1000.);
#4632=VECTOR('',#8201,1000.);
#4633=VECTOR('',#8202,1000.);
#4634=VECTOR('',#8203,1000.);
#4635=VECTOR('',#8204,1000.);
#4636=VECTOR('',#8207,1000.);
#4637=VECTOR('',#8208,1000.);
#4638=VECTOR('',#8209,1000.);
#4639=VECTOR('',#8212,1000.);
#4640=VECTOR('',#8213,1000.);
#4641=VECTOR('',#8214,1000.);
#4642=VECTOR('',#8217,1000.);
#4643=VECTOR('',#8218,1000.);
#4644=VECTOR('',#8219,1000.);
#4645=VECTOR('',#8220,1000.);
#4646=VECTOR('',#8221,1000.);
#4647=VECTOR('',#8222,1000.);
#4648=VECTOR('',#8235,1000.);
#4649=VECTOR('',#8236,1000.);
#4650=VECTOR('',#8237,1000.);
#4651=VECTOR('',#8248,1000.);
#4652=VECTOR('',#8249,1000.);
#4653=VECTOR('',#8252,1000.);
#4654=VECTOR('',#8253,1000.);
#4655=VECTOR('',#8256,1000.);
#4656=VECTOR('',#8257,1000.);
#4657=VECTOR('',#8260,1000.);
#4658=VECTOR('',#8267,1000.);
#4659=VECTOR('',#8268,1000.);
#4660=VECTOR('',#8269,1000.);
#4661=VECTOR('',#8270,1000.);
#4662=VECTOR('',#8273,1000.);
#4663=VECTOR('',#8274,1000.);
#4664=VECTOR('',#8275,1000.);
#4665=VECTOR('',#8278,1000.);
#4666=VECTOR('',#8279,1000.);
#4667=VECTOR('',#8280,1000.);
#4668=VECTOR('',#8283,1000.);
#4669=VECTOR('',#8458,1000.);
#4670=VECTOR('',#8461,1000.);
#4671=VECTOR('',#8464,1000.);
#4672=VECTOR('',#8467,1000.);
#4673=VECTOR('',#8478,1000.);
#4674=VECTOR('',#8655,1000.);
#4675=VECTOR('',#8658,1000.);
#4676=VECTOR('',#8661,1000.);
#4677=VECTOR('',#8664,1000.);
#4678=VECTOR('',#8849,1000.);
#4679=VECTOR('',#8850,1000.);
#4680=VECTOR('',#8853,1000.);
#4681=VECTOR('',#8856,1000.);
#4682=VECTOR('',#8861,1000.);
#4683=VECTOR('',#8862,1000.);
#4684=VECTOR('',#8865,1000.);
#4685=VECTOR('',#8868,1000.);
#4686=EDGE_LOOP('',(#472,#473,#474,#475));
#4687=EDGE_LOOP('',(#476,#477,#478,#479));
#4688=EDGE_LOOP('',(#480,#481,#482,#483));
#4689=EDGE_LOOP('',(#484,#485,#486,#487));
#4690=EDGE_LOOP('',(#488,#489,#490,#491));
#4691=EDGE_LOOP('',(#492,#493,#494,#495));
#4692=EDGE_LOOP('',(#496,#497,#498,#499));
#4693=EDGE_LOOP('',(#500,#501,#502,#503));
#4694=EDGE_LOOP('',(#504,#505,#506,#507));
#4695=EDGE_LOOP('',(#508,#509,#510,#511));
#4696=EDGE_LOOP('',(#512,#513,#514,#515));
#4697=EDGE_LOOP('',(#516,#517,#518,#519));
#4698=EDGE_LOOP('',(#520,#521,#522,#523));
#4699=EDGE_LOOP('',(#524,#525,#526,#527));
#4700=EDGE_LOOP('',(#528,#529,#530,#531));
#4701=EDGE_LOOP('',(#532,#533,#534,#535));
#4702=EDGE_LOOP('',(#536,#537,#538,#539));
#4703=EDGE_LOOP('',(#540,#541,#542,#543));
#4704=EDGE_LOOP('',(#544,#545,#546,#547));
#4705=EDGE_LOOP('',(#548,#549,#550,#551));
#4706=EDGE_LOOP('',(#552,#553,#554,#555));
#4707=EDGE_LOOP('',(#556,#557,#558,#559));
#4708=EDGE_LOOP('',(#560,#561,#562,#563));
#4709=EDGE_LOOP('',(#564,#565,#566,#567));
#4710=EDGE_LOOP('',(#568,#569,#570,#571));
#4711=EDGE_LOOP('',(#572,#573,#574,#575));
#4712=EDGE_LOOP('',(#576,#577,#578,#579));
#4713=EDGE_LOOP('',(#580,#581,#582,#583));
#4714=EDGE_LOOP('',(#584,#585,#586,#587));
#4715=EDGE_LOOP('',(#588,#589,#590,#591));
#4716=EDGE_LOOP('',(#592,#593,#594,#595));
#4717=EDGE_LOOP('',(#596,#597,#598,#599));
#4718=EDGE_LOOP('',(#600,#601,#602,#603));
#4719=EDGE_LOOP('',(#604,#605,#606,#607));
#4720=EDGE_LOOP('',(#608,#609,#610,#611));
#4721=EDGE_LOOP('',(#612,#613,#614,#615));
#4722=EDGE_LOOP('',(#616,#617,#618,#619));
#4723=EDGE_LOOP('',(#620,#621,#622,#623));
#4724=EDGE_LOOP('',(#624,#625,#626,#627));
#4725=EDGE_LOOP('',(#628,#629,#630,#631));
#4726=EDGE_LOOP('',(#632,#633,#634,#635));
#4727=EDGE_LOOP('',(#636));
#4728=EDGE_LOOP('',(#637,#638,#639,#640));
#4729=EDGE_LOOP('',(#641));
#4730=EDGE_LOOP('',(#642,#643,#644,#645));
#4731=EDGE_LOOP('',(#646));
#4732=EDGE_LOOP('',(#647,#648,#649,#650));
#4733=EDGE_LOOP('',(#651));
#4734=EDGE_LOOP('',(#652));
#4735=EDGE_LOOP('',(#653));
#4736=EDGE_LOOP('',(#654,#655,#656,#657,#658,#659,#660,#661));
#4737=EDGE_LOOP('',(#662,#663,#664,#665));
#4738=EDGE_LOOP('',(#666,#667,#668,#669));
#4739=EDGE_LOOP('',(#670,#671,#672,#673));
#4740=EDGE_LOOP('',(#674,#675,#676,#677));
#4741=EDGE_LOOP('',(#678,#679,#680,#681));
#4742=EDGE_LOOP('',(#682,#683,#684,#685));
#4743=EDGE_LOOP('',(#686,#687,#688,#689));
#4744=EDGE_LOOP('',(#690,#691,#692,#693));
#4745=EDGE_LOOP('',(#694,#695,#696,#697));
#4746=EDGE_LOOP('',(#698,#699,#700,#701,#702,#703,#704,#705));
#4747=EDGE_LOOP('',(#706));
#4748=EDGE_LOOP('',(#707,#708,#709,#710,#711,#712,#713,#714));
#4749=EDGE_LOOP('',(#715));
#4750=EDGE_LOOP('',(#716));
#4751=EDGE_LOOP('',(#717));
#4752=EDGE_LOOP('',(#718));
#4753=EDGE_LOOP('',(#719,#720,#721,#722));
#4754=EDGE_LOOP('',(#723,#724,#725,#726));
#4755=EDGE_LOOP('',(#727,#728,#729,#730));
#4756=EDGE_LOOP('',(#731,#732,#733,#734));
#4757=EDGE_LOOP('',(#735,#736,#737,#738));
#4758=EDGE_LOOP('',(#739,#740,#741,#742));
#4759=EDGE_LOOP('',(#743,#744,#745,#746));
#4760=EDGE_LOOP('',(#747,#748,#749,#750));
#4761=EDGE_LOOP('',(#751,#752,#753,#754));
#4762=EDGE_LOOP('',(#755,#756,#757,#758,#759,#760,#761,#762));
#4763=EDGE_LOOP('',(#763));
#4764=EDGE_LOOP('',(#764,#765,#766,#767,#768,#769));
#4765=EDGE_LOOP('',(#770,#771,#772,#773,#774,#775));
#4766=EDGE_LOOP('',(#776,#777,#778,#779,#780,#781));
#4767=EDGE_LOOP('',(#782,#783,#784,#785,#786,#787));
#4768=EDGE_LOOP('',(#788,#789,#790,#791));
#4769=EDGE_LOOP('',(#792,#793,#794,#795));
#4770=EDGE_LOOP('',(#796,#797,#798,#799));
#4771=EDGE_LOOP('',(#800,#801,#802,#803));
#4772=EDGE_LOOP('',(#804,#805,#806,#807));
#4773=EDGE_LOOP('',(#808,#809,#810,#811));
#4774=EDGE_LOOP('',(#812,#813,#814,#815));
#4775=EDGE_LOOP('',(#816,#817,#818,#819));
#4776=EDGE_LOOP('',(#820,#821,#822,#823));
#4777=EDGE_LOOP('',(#824,#825,#826,#827));
#4778=EDGE_LOOP('',(#828,#829,#830,#831));
#4779=EDGE_LOOP('',(#832,#833,#834,#835));
#4780=EDGE_LOOP('',(#836,#837,#838,#839));
#4781=EDGE_LOOP('',(#840,#841,#842,#843));
#4782=EDGE_LOOP('',(#844,#845,#846,#847));
#4783=EDGE_LOOP('',(#848,#849,#850,#851));
#4784=EDGE_LOOP('',(#852,#853,#854,#855));
#4785=EDGE_LOOP('',(#856,#857,#858,#859));
#4786=EDGE_LOOP('',(#860,#861,#862,#863));
#4787=EDGE_LOOP('',(#864,#865,#866,#867));
#4788=EDGE_LOOP('',(#868,#869,#870,#871));
#4789=EDGE_LOOP('',(#872,#873,#874,#875));
#4790=EDGE_LOOP('',(#876,#877,#878,#879,#880,#881,#882,#883,#884,#885,#886,
#887,#888,#889));
#4791=EDGE_LOOP('',(#890,#891,#892,#893,#894,#895,#896,#897,#898,#899,#900,
#901,#902,#903));
#4792=EDGE_LOOP('',(#904,#905,#906,#907));
#4793=EDGE_LOOP('',(#908,#909,#910,#911));
#4794=EDGE_LOOP('',(#912,#913,#914,#915));
#4795=EDGE_LOOP('',(#916,#917,#918,#919));
#4796=EDGE_LOOP('',(#920,#921,#922,#923));
#4797=EDGE_LOOP('',(#924,#925,#926,#927));
#4798=EDGE_LOOP('',(#928,#929,#930,#931));
#4799=EDGE_LOOP('',(#932,#933,#934,#935));
#4800=EDGE_LOOP('',(#936,#937,#938,#939));
#4801=EDGE_LOOP('',(#940,#941,#942,#943));
#4802=EDGE_LOOP('',(#944,#945,#946,#947));
#4803=EDGE_LOOP('',(#948,#949,#950,#951));
#4804=EDGE_LOOP('',(#952,#953,#954,#955));
#4805=EDGE_LOOP('',(#956,#957,#958,#959));
#4806=EDGE_LOOP('',(#960,#961,#962,#963));
#4807=EDGE_LOOP('',(#964,#965,#966,#967));
#4808=EDGE_LOOP('',(#968,#969,#970,#971));
#4809=EDGE_LOOP('',(#972,#973,#974,#975));
#4810=EDGE_LOOP('',(#976,#977,#978,#979));
#4811=EDGE_LOOP('',(#980,#981,#982,#983));
#4812=EDGE_LOOP('',(#984,#985,#986,#987));
#4813=EDGE_LOOP('',(#988,#989,#990,#991));
#4814=EDGE_LOOP('',(#992,#993,#994,#995));
#4815=EDGE_LOOP('',(#996,#997,#998,#999));
#4816=EDGE_LOOP('',(#1000,#1001,#1002,#1003));
#4817=EDGE_LOOP('',(#1004,#1005,#1006,#1007));
#4818=EDGE_LOOP('',(#1008,#1009,#1010,#1011));
#4819=EDGE_LOOP('',(#1012,#1013,#1014,#1015));
#4820=EDGE_LOOP('',(#1016,#1017,#1018,#1019));
#4821=EDGE_LOOP('',(#1020,#1021,#1022,#1023));
#4822=EDGE_LOOP('',(#1024,#1025,#1026,#1027));
#4823=EDGE_LOOP('',(#1028,#1029,#1030,#1031));
#4824=EDGE_LOOP('',(#1032,#1033,#1034,#1035,#1036,#1037,#1038,#1039,#1040,
#1041,#1042,#1043));
#4825=EDGE_LOOP('',(#1044,#1045,#1046,#1047,#1048,#1049,#1050,#1051));
#4826=EDGE_LOOP('',(#1052,#1053,#1054,#1055,#1056,#1057,#1058,#1059,#1060,
#1061,#1062,#1063));
#4827=EDGE_LOOP('',(#1064,#1065,#1066,#1067,#1068,#1069,#1070,#1071));
#4828=EDGE_LOOP('',(#1072,#1073,#1074,#1075));
#4829=EDGE_LOOP('',(#1076,#1077,#1078,#1079));
#4830=EDGE_LOOP('',(#1080,#1081,#1082,#1083));
#4831=EDGE_LOOP('',(#1084,#1085,#1086,#1087));
#4832=EDGE_LOOP('',(#1088,#1089,#1090,#1091));
#4833=EDGE_LOOP('',(#1092,#1093,#1094,#1095));
#4834=EDGE_LOOP('',(#1096,#1097,#1098,#1099));
#4835=EDGE_LOOP('',(#1100,#1101,#1102,#1103));
#4836=EDGE_LOOP('',(#1104,#1105,#1106,#1107));
#4837=EDGE_LOOP('',(#1108,#1109,#1110,#1111));
#4838=EDGE_LOOP('',(#1112,#1113,#1114,#1115));
#4839=EDGE_LOOP('',(#1116,#1117,#1118,#1119));
#4840=EDGE_LOOP('',(#1120,#1121,#1122,#1123));
#4841=EDGE_LOOP('',(#1124,#1125,#1126,#1127));
#4842=EDGE_LOOP('',(#1128,#1129,#1130,#1131));
#4843=EDGE_LOOP('',(#1132,#1133,#1134,#1135));
#4844=EDGE_LOOP('',(#1136,#1137,#1138,#1139));
#4845=EDGE_LOOP('',(#1140,#1141,#1142,#1143));
#4846=EDGE_LOOP('',(#1144,#1145,#1146,#1147));
#4847=EDGE_LOOP('',(#1148,#1149,#1150,#1151));
#4848=EDGE_LOOP('',(#1152,#1153,#1154,#1155,#1156,#1157,#1158,#1159,#1160,
#1161,#1162,#1163,#1164,#1165,#1166,#1167));
#4849=EDGE_LOOP('',(#1168,#1169,#1170,#1171));
#4850=EDGE_LOOP('',(#1172,#1173,#1174,#1175,#1176,#1177,#1178,#1179,#1180,
#1181,#1182,#1183,#1184,#1185,#1186,#1187));
#4851=EDGE_LOOP('',(#1188,#1189,#1190,#1191));
#4852=EDGE_LOOP('',(#1192,#1193,#1194,#1195));
#4853=EDGE_LOOP('',(#1196,#1197,#1198,#1199));
#4854=EDGE_LOOP('',(#1200,#1201,#1202,#1203));
#4855=EDGE_LOOP('',(#1204,#1205,#1206,#1207));
#4856=EDGE_LOOP('',(#1208,#1209,#1210,#1211));
#4857=EDGE_LOOP('',(#1212,#1213,#1214,#1215));
#4858=EDGE_LOOP('',(#1216,#1217,#1218,#1219));
#4859=EDGE_LOOP('',(#1220,#1221,#1222,#1223));
#4860=EDGE_LOOP('',(#1224,#1225,#1226,#1227));
#4861=EDGE_LOOP('',(#1228,#1229,#1230,#1231));
#4862=EDGE_LOOP('',(#1232,#1233,#1234,#1235));
#4863=EDGE_LOOP('',(#1236,#1237,#1238,#1239));
#4864=EDGE_LOOP('',(#1240,#1241,#1242,#1243));
#4865=EDGE_LOOP('',(#1244,#1245,#1246,#1247));
#4866=EDGE_LOOP('',(#1248,#1249,#1250,#1251));
#4867=EDGE_LOOP('',(#1252,#1253,#1254,#1255));
#4868=EDGE_LOOP('',(#1256,#1257,#1258,#1259));
#4869=EDGE_LOOP('',(#1260,#1261,#1262,#1263));
#4870=EDGE_LOOP('',(#1264,#1265,#1266,#1267));
#4871=EDGE_LOOP('',(#1268,#1269,#1270,#1271));
#4872=EDGE_LOOP('',(#1272,#1273,#1274,#1275));
#4873=EDGE_LOOP('',(#1276,#1277,#1278,#1279));
#4874=EDGE_LOOP('',(#1280,#1281,#1282,#1283,#1284,#1285,#1286,#1287,#1288,
#1289,#1290,#1291,#1292,#1293,#1294));
#4875=EDGE_LOOP('',(#1295,#1296,#1297,#1298,#1299,#1300,#1301));
#4876=EDGE_LOOP('',(#1302,#1303,#1304,#1305,#1306,#1307,#1308,#1309,#1310,
#1311,#1312,#1313,#1314,#1315,#1316));
#4877=EDGE_LOOP('',(#1317,#1318,#1319,#1320,#1321,#1322,#1323));
#4878=EDGE_LOOP('',(#1324,#1325,#1326,#1327));
#4879=EDGE_LOOP('',(#1328,#1329,#1330,#1331));
#4880=EDGE_LOOP('',(#1332,#1333,#1334,#1335));
#4881=EDGE_LOOP('',(#1336,#1337,#1338,#1339));
#4882=EDGE_LOOP('',(#1340,#1341,#1342,#1343));
#4883=EDGE_LOOP('',(#1344,#1345,#1346,#1347));
#4884=EDGE_LOOP('',(#1348,#1349,#1350,#1351));
#4885=EDGE_LOOP('',(#1352,#1353,#1354,#1355));
#4886=EDGE_LOOP('',(#1356,#1357,#1358,#1359));
#4887=EDGE_LOOP('',(#1360,#1361,#1362,#1363));
#4888=EDGE_LOOP('',(#1364,#1365,#1366,#1367));
#4889=EDGE_LOOP('',(#1368,#1369,#1370,#1371));
#4890=EDGE_LOOP('',(#1372,#1373,#1374,#1375));
#4891=EDGE_LOOP('',(#1376,#1377,#1378,#1379));
#4892=EDGE_LOOP('',(#1380,#1381,#1382,#1383));
#4893=EDGE_LOOP('',(#1384,#1385,#1386,#1387));
#4894=EDGE_LOOP('',(#1388,#1389,#1390,#1391));
#4895=EDGE_LOOP('',(#1392,#1393,#1394,#1395));
#4896=EDGE_LOOP('',(#1396,#1397,#1398,#1399));
#4897=EDGE_LOOP('',(#1400,#1401,#1402,#1403));
#4898=EDGE_LOOP('',(#1404,#1405,#1406,#1407));
#4899=EDGE_LOOP('',(#1408,#1409,#1410,#1411));
#4900=EDGE_LOOP('',(#1412,#1413,#1414,#1415));
#4901=EDGE_LOOP('',(#1416,#1417,#1418,#1419));
#4902=EDGE_LOOP('',(#1420,#1421,#1422,#1423));
#4903=EDGE_LOOP('',(#1424,#1425,#1426,#1427));
#4904=EDGE_LOOP('',(#1428,#1429,#1430,#1431,#1432,#1433,#1434,#1435,#1436,
#1437,#1438,#1439,#1440,#1441,#1442,#1443,#1444,#1445,#1446,#1447));
#4905=EDGE_LOOP('',(#1448,#1449,#1450,#1451,#1452,#1453,#1454,#1455,#1456,
#1457,#1458,#1459,#1460,#1461,#1462,#1463,#1464,#1465,#1466,#1467));
#4906=EDGE_LOOP('',(#1468,#1469,#1470,#1471));
#4907=EDGE_LOOP('',(#1472,#1473,#1474,#1475));
#4908=EDGE_LOOP('',(#1476,#1477,#1478,#1479));
#4909=EDGE_LOOP('',(#1480,#1481,#1482,#1483));
#4910=EDGE_LOOP('',(#1484,#1485,#1486,#1487));
#4911=EDGE_LOOP('',(#1488,#1489,#1490,#1491));
#4912=EDGE_LOOP('',(#1492,#1493,#1494,#1495));
#4913=EDGE_LOOP('',(#1496,#1497,#1498,#1499));
#4914=EDGE_LOOP('',(#1500,#1501,#1502,#1503));
#4915=EDGE_LOOP('',(#1504,#1505,#1506,#1507));
#4916=EDGE_LOOP('',(#1508,#1509,#1510,#1511));
#4917=EDGE_LOOP('',(#1512,#1513,#1514,#1515));
#4918=EDGE_LOOP('',(#1516,#1517,#1518,#1519));
#4919=EDGE_LOOP('',(#1520,#1521,#1522,#1523));
#4920=EDGE_LOOP('',(#1524,#1525,#1526,#1527));
#4921=EDGE_LOOP('',(#1528,#1529,#1530,#1531));
#4922=EDGE_LOOP('',(#1532,#1533,#1534,#1535));
#4923=EDGE_LOOP('',(#1536,#1537,#1538,#1539));
#4924=EDGE_LOOP('',(#1540,#1541,#1542,#1543));
#4925=EDGE_LOOP('',(#1544,#1545,#1546,#1547));
#4926=EDGE_LOOP('',(#1548,#1549,#1550,#1551,#1552,#1553,#1554,#1555,#1556,
#1557,#1558,#1559,#1560,#1561,#1562,#1563));
#4927=EDGE_LOOP('',(#1564,#1565,#1566,#1567));
#4928=EDGE_LOOP('',(#1568,#1569,#1570,#1571,#1572,#1573,#1574,#1575,#1576,
#1577,#1578,#1579,#1580,#1581,#1582,#1583));
#4929=EDGE_LOOP('',(#1584,#1585,#1586,#1587));
#4930=EDGE_LOOP('',(#1588,#1589,#1590,#1591));
#4931=EDGE_LOOP('',(#1592,#1593,#1594,#1595));
#4932=EDGE_LOOP('',(#1596,#1597,#1598,#1599));
#4933=EDGE_LOOP('',(#1600,#1601,#1602,#1603));
#4934=EDGE_LOOP('',(#1604));
#4935=EDGE_LOOP('',(#1605));
#4936=EDGE_LOOP('',(#1606));
#4937=EDGE_LOOP('',(#1607));
#4938=EDGE_LOOP('',(#1608));
#4939=EDGE_LOOP('',(#1609));
#4940=EDGE_LOOP('',(#1610));
#4941=EDGE_LOOP('',(#1611));
#4942=EDGE_LOOP('',(#1612,#1613,#1614,#1615));
#4943=EDGE_LOOP('',(#1616,#1617,#1618,#1619,#1620,#1621,#1622,#1623));
#4944=EDGE_LOOP('',(#1624));
#4945=EDGE_LOOP('',(#1625));
#4946=EDGE_LOOP('',(#1626));
#4947=EDGE_LOOP('',(#1627));
#4948=EDGE_LOOP('',(#1628,#1629,#1630,#1631));
#4949=EDGE_LOOP('',(#1632,#1633,#1634,#1635));
#4950=EDGE_LOOP('',(#1636,#1637,#1638,#1639));
#4951=EDGE_LOOP('',(#1640,#1641,#1642,#1643,#1644,#1645,#1646,#1647));
#4952=EDGE_LOOP('',(#1648,#1649,#1650,#1651));
#4953=EDGE_LOOP('',(#1652));
#4954=EDGE_LOOP('',(#1653));
#4955=EDGE_LOOP('',(#1654));
#4956=EDGE_LOOP('',(#1655));
#4957=EDGE_LOOP('',(#1656,#1657,#1658,#1659,#1660,#1661,#1662,#1663));
#4958=EDGE_LOOP('',(#1664,#1665,#1666,#1667,#1668,#1669,#1670,#1671));
#4959=EDGE_LOOP('',(#1672,#1673,#1674,#1675));
#4960=EDGE_LOOP('',(#1676,#1677,#1678,#1679));
#4961=EDGE_LOOP('',(#1680,#1681,#1682,#1683));
#4962=EDGE_LOOP('',(#1684,#1685,#1686,#1687));
#4963=EDGE_LOOP('',(#1688,#1689,#1690,#1691));
#4964=EDGE_LOOP('',(#1692,#1693,#1694,#1695,#1696,#1697));
#4965=EDGE_LOOP('',(#1698,#1699,#1700,#1701));
#4966=EDGE_LOOP('',(#1702,#1703,#1704,#1705,#1706,#1707));
#4967=EDGE_LOOP('',(#1708,#1709,#1710,#1711));
#4968=EDGE_LOOP('',(#1712,#1713,#1714,#1715));
#4969=EDGE_LOOP('',(#1716,#1717,#1718,#1719));
#4970=EDGE_LOOP('',(#1720,#1721,#1722,#1723));
#4971=EDGE_LOOP('',(#1724,#1725,#1726,#1727));
#4972=EDGE_LOOP('',(#1728));
#4973=EDGE_LOOP('',(#1729));
#4974=EDGE_LOOP('',(#1730));
#4975=EDGE_LOOP('',(#1731));
#4976=EDGE_LOOP('',(#1732));
#4977=EDGE_LOOP('',(#1733));
#4978=EDGE_LOOP('',(#1734));
#4979=EDGE_LOOP('',(#1735));
#4980=EDGE_LOOP('',(#1736));
#4981=EDGE_LOOP('',(#1737));
#4982=EDGE_LOOP('',(#1738));
#4983=EDGE_LOOP('',(#1739));
#4984=EDGE_LOOP('',(#1740));
#4985=EDGE_LOOP('',(#1741));
#4986=EDGE_LOOP('',(#1742));
#4987=EDGE_LOOP('',(#1743));
#4988=EDGE_LOOP('',(#1744));
#4989=EDGE_LOOP('',(#1745));
#4990=EDGE_LOOP('',(#1746));
#4991=EDGE_LOOP('',(#1747));
#4992=EDGE_LOOP('',(#1748));
#4993=EDGE_LOOP('',(#1749));
#4994=EDGE_LOOP('',(#1750));
#4995=EDGE_LOOP('',(#1751));
#4996=EDGE_LOOP('',(#1752));
#4997=EDGE_LOOP('',(#1753));
#4998=EDGE_LOOP('',(#1754));
#4999=EDGE_LOOP('',(#1755));
#5000=EDGE_LOOP('',(#1756));
#5001=EDGE_LOOP('',(#1757));
#5002=EDGE_LOOP('',(#1758));
#5003=EDGE_LOOP('',(#1759));
#5004=EDGE_LOOP('',(#1760));
#5005=EDGE_LOOP('',(#1761));
#5006=EDGE_LOOP('',(#1762));
#5007=EDGE_LOOP('',(#1763));
#5008=EDGE_LOOP('',(#1764));
#5009=EDGE_LOOP('',(#1765));
#5010=EDGE_LOOP('',(#1766));
#5011=EDGE_LOOP('',(#1767));
#5012=EDGE_LOOP('',(#1768));
#5013=EDGE_LOOP('',(#1769));
#5014=EDGE_LOOP('',(#1770));
#5015=EDGE_LOOP('',(#1771));
#5016=EDGE_LOOP('',(#1772));
#5017=EDGE_LOOP('',(#1773));
#5018=EDGE_LOOP('',(#1774));
#5019=EDGE_LOOP('',(#1775));
#5020=EDGE_LOOP('',(#1776));
#5021=EDGE_LOOP('',(#1777));
#5022=EDGE_LOOP('',(#1778));
#5023=EDGE_LOOP('',(#1779));
#5024=EDGE_LOOP('',(#1780));
#5025=EDGE_LOOP('',(#1781));
#5026=EDGE_LOOP('',(#1782));
#5027=EDGE_LOOP('',(#1783));
#5028=EDGE_LOOP('',(#1784));
#5029=EDGE_LOOP('',(#1785));
#5030=EDGE_LOOP('',(#1786));
#5031=EDGE_LOOP('',(#1787));
#5032=EDGE_LOOP('',(#1788));
#5033=EDGE_LOOP('',(#1789));
#5034=EDGE_LOOP('',(#1790));
#5035=EDGE_LOOP('',(#1791));
#5036=EDGE_LOOP('',(#1792));
#5037=EDGE_LOOP('',(#1793));
#5038=EDGE_LOOP('',(#1794));
#5039=EDGE_LOOP('',(#1795));
#5040=EDGE_LOOP('',(#1796));
#5041=EDGE_LOOP('',(#1797));
#5042=EDGE_LOOP('',(#1798));
#5043=EDGE_LOOP('',(#1799));
#5044=EDGE_LOOP('',(#1800));
#5045=EDGE_LOOP('',(#1801));
#5046=EDGE_LOOP('',(#1802));
#5047=EDGE_LOOP('',(#1803));
#5048=EDGE_LOOP('',(#1804));
#5049=EDGE_LOOP('',(#1805));
#5050=EDGE_LOOP('',(#1806));
#5051=EDGE_LOOP('',(#1807));
#5052=EDGE_LOOP('',(#1808));
#5053=EDGE_LOOP('',(#1809));
#5054=EDGE_LOOP('',(#1810));
#5055=EDGE_LOOP('',(#1811));
#5056=EDGE_LOOP('',(#1812));
#5057=EDGE_LOOP('',(#1813));
#5058=EDGE_LOOP('',(#1814));
#5059=EDGE_LOOP('',(#1815,#1816,#1817,#1818));
#5060=EDGE_LOOP('',(#1819,#1820,#1821,#1822));
#5061=EDGE_LOOP('',(#1823));
#5062=EDGE_LOOP('',(#1824));
#5063=EDGE_LOOP('',(#1825));
#5064=EDGE_LOOP('',(#1826,#1827,#1828,#1829));
#5065=EDGE_LOOP('',(#1830));
#5066=EDGE_LOOP('',(#1831));
#5067=EDGE_LOOP('',(#1832));
#5068=EDGE_LOOP('',(#1833));
#5069=EDGE_LOOP('',(#1834));
#5070=EDGE_LOOP('',(#1835));
#5071=EDGE_LOOP('',(#1836));
#5072=EDGE_LOOP('',(#1837));
#5073=EDGE_LOOP('',(#1838));
#5074=EDGE_LOOP('',(#1839));
#5075=EDGE_LOOP('',(#1840));
#5076=EDGE_LOOP('',(#1841));
#5077=EDGE_LOOP('',(#1842));
#5078=EDGE_LOOP('',(#1843));
#5079=EDGE_LOOP('',(#1844));
#5080=EDGE_LOOP('',(#1845));
#5081=EDGE_LOOP('',(#1846));
#5082=EDGE_LOOP('',(#1847));
#5083=EDGE_LOOP('',(#1848));
#5084=EDGE_LOOP('',(#1849));
#5085=EDGE_LOOP('',(#1850));
#5086=EDGE_LOOP('',(#1851));
#5087=EDGE_LOOP('',(#1852));
#5088=EDGE_LOOP('',(#1853));
#5089=EDGE_LOOP('',(#1854));
#5090=EDGE_LOOP('',(#1855));
#5091=EDGE_LOOP('',(#1856));
#5092=EDGE_LOOP('',(#1857));
#5093=EDGE_LOOP('',(#1858));
#5094=EDGE_LOOP('',(#1859));
#5095=EDGE_LOOP('',(#1860));
#5096=EDGE_LOOP('',(#1861));
#5097=EDGE_LOOP('',(#1862));
#5098=EDGE_LOOP('',(#1863));
#5099=EDGE_LOOP('',(#1864));
#5100=EDGE_LOOP('',(#1865));
#5101=EDGE_LOOP('',(#1866));
#5102=EDGE_LOOP('',(#1867));
#5103=EDGE_LOOP('',(#1868));
#5104=EDGE_LOOP('',(#1869));
#5105=EDGE_LOOP('',(#1870));
#5106=EDGE_LOOP('',(#1871));
#5107=EDGE_LOOP('',(#1872));
#5108=EDGE_LOOP('',(#1873));
#5109=EDGE_LOOP('',(#1874));
#5110=EDGE_LOOP('',(#1875));
#5111=EDGE_LOOP('',(#1876));
#5112=EDGE_LOOP('',(#1877));
#5113=EDGE_LOOP('',(#1878));
#5114=EDGE_LOOP('',(#1879));
#5115=EDGE_LOOP('',(#1880));
#5116=EDGE_LOOP('',(#1881));
#5117=EDGE_LOOP('',(#1882));
#5118=EDGE_LOOP('',(#1883));
#5119=EDGE_LOOP('',(#1884));
#5120=EDGE_LOOP('',(#1885));
#5121=EDGE_LOOP('',(#1886));
#5122=EDGE_LOOP('',(#1887));
#5123=EDGE_LOOP('',(#1888));
#5124=EDGE_LOOP('',(#1889));
#5125=EDGE_LOOP('',(#1890));
#5126=EDGE_LOOP('',(#1891));
#5127=EDGE_LOOP('',(#1892));
#5128=EDGE_LOOP('',(#1893));
#5129=EDGE_LOOP('',(#1894));
#5130=EDGE_LOOP('',(#1895));
#5131=EDGE_LOOP('',(#1896));
#5132=EDGE_LOOP('',(#1897));
#5133=EDGE_LOOP('',(#1898));
#5134=EDGE_LOOP('',(#1899));
#5135=EDGE_LOOP('',(#1900));
#5136=EDGE_LOOP('',(#1901));
#5137=EDGE_LOOP('',(#1902));
#5138=EDGE_LOOP('',(#1903));
#5139=EDGE_LOOP('',(#1904));
#5140=EDGE_LOOP('',(#1905));
#5141=EDGE_LOOP('',(#1906));
#5142=EDGE_LOOP('',(#1907));
#5143=EDGE_LOOP('',(#1908));
#5144=EDGE_LOOP('',(#1909));
#5145=EDGE_LOOP('',(#1910));
#5146=EDGE_LOOP('',(#1911));
#5147=EDGE_LOOP('',(#1912));
#5148=EDGE_LOOP('',(#1913));
#5149=EDGE_LOOP('',(#1914));
#5150=EDGE_LOOP('',(#1915));
#5151=EDGE_LOOP('',(#1916));
#5152=EDGE_LOOP('',(#1917,#1918,#1919,#1920));
#5153=EDGE_LOOP('',(#1921,#1922,#1923,#1924));
#5154=EDGE_LOOP('',(#1925));
#5155=EDGE_LOOP('',(#1926));
#5156=EDGE_LOOP('',(#1927));
#5157=EDGE_LOOP('',(#1928,#1929,#1930,#1931));
#5158=EDGE_LOOP('',(#1932));
#5159=EDGE_LOOP('',(#1933));
#5160=EDGE_LOOP('',(#1934));
#5161=EDGE_LOOP('',(#1935));
#5162=EDGE_LOOP('',(#1936));
#5163=EDGE_LOOP('',(#1937));
#5164=EDGE_LOOP('',(#1938));
#5165=EDGE_LOOP('',(#1939));
#5166=EDGE_LOOP('',(#1940));
#5167=EDGE_LOOP('',(#1941));
#5168=EDGE_LOOP('',(#1942));
#5169=EDGE_LOOP('',(#1943));
#5170=EDGE_LOOP('',(#1944));
#5171=EDGE_LOOP('',(#1945));
#5172=EDGE_LOOP('',(#1946));
#5173=EDGE_LOOP('',(#1947));
#5174=EDGE_LOOP('',(#1948));
#5175=EDGE_LOOP('',(#1949));
#5176=EDGE_LOOP('',(#1950));
#5177=EDGE_LOOP('',(#1951));
#5178=EDGE_LOOP('',(#1952));
#5179=EDGE_LOOP('',(#1953));
#5180=EDGE_LOOP('',(#1954));
#5181=EDGE_LOOP('',(#1955));
#5182=EDGE_LOOP('',(#1956));
#5183=EDGE_LOOP('',(#1957));
#5184=EDGE_LOOP('',(#1958));
#5185=EDGE_LOOP('',(#1959));
#5186=EDGE_LOOP('',(#1960));
#5187=EDGE_LOOP('',(#1961));
#5188=EDGE_LOOP('',(#1962));
#5189=EDGE_LOOP('',(#1963));
#5190=EDGE_LOOP('',(#1964));
#5191=EDGE_LOOP('',(#1965));
#5192=EDGE_LOOP('',(#1966));
#5193=EDGE_LOOP('',(#1967));
#5194=EDGE_LOOP('',(#1968));
#5195=EDGE_LOOP('',(#1969));
#5196=EDGE_LOOP('',(#1970));
#5197=EDGE_LOOP('',(#1971));
#5198=EDGE_LOOP('',(#1972));
#5199=EDGE_LOOP('',(#1973));
#5200=EDGE_LOOP('',(#1974));
#5201=EDGE_LOOP('',(#1975));
#5202=EDGE_LOOP('',(#1976));
#5203=EDGE_LOOP('',(#1977));
#5204=EDGE_LOOP('',(#1978));
#5205=EDGE_LOOP('',(#1979));
#5206=EDGE_LOOP('',(#1980));
#5207=EDGE_LOOP('',(#1981));
#5208=EDGE_LOOP('',(#1982));
#5209=EDGE_LOOP('',(#1983));
#5210=EDGE_LOOP('',(#1984));
#5211=EDGE_LOOP('',(#1985));
#5212=EDGE_LOOP('',(#1986));
#5213=EDGE_LOOP('',(#1987));
#5214=EDGE_LOOP('',(#1988));
#5215=EDGE_LOOP('',(#1989));
#5216=EDGE_LOOP('',(#1990));
#5217=EDGE_LOOP('',(#1991));
#5218=EDGE_LOOP('',(#1992));
#5219=EDGE_LOOP('',(#1993));
#5220=EDGE_LOOP('',(#1994));
#5221=EDGE_LOOP('',(#1995));
#5222=EDGE_LOOP('',(#1996));
#5223=EDGE_LOOP('',(#1997));
#5224=EDGE_LOOP('',(#1998));
#5225=EDGE_LOOP('',(#1999));
#5226=EDGE_LOOP('',(#2000));
#5227=EDGE_LOOP('',(#2001));
#5228=EDGE_LOOP('',(#2002));
#5229=EDGE_LOOP('',(#2003));
#5230=EDGE_LOOP('',(#2004));
#5231=EDGE_LOOP('',(#2005));
#5232=EDGE_LOOP('',(#2006));
#5233=EDGE_LOOP('',(#2007));
#5234=EDGE_LOOP('',(#2008));
#5235=EDGE_LOOP('',(#2009));
#5236=EDGE_LOOP('',(#2010));
#5237=EDGE_LOOP('',(#2011));
#5238=EDGE_LOOP('',(#2012));
#5239=EDGE_LOOP('',(#2013));
#5240=EDGE_LOOP('',(#2014));
#5241=EDGE_LOOP('',(#2015));
#5242=EDGE_LOOP('',(#2016));
#5243=EDGE_LOOP('',(#2017));
#5244=EDGE_LOOP('',(#2018));
#5245=EDGE_LOOP('',(#2019));
#5246=EDGE_LOOP('',(#2020));
#5247=EDGE_LOOP('',(#2021));
#5248=EDGE_LOOP('',(#2022));
#5249=EDGE_LOOP('',(#2023));
#5250=EDGE_LOOP('',(#2024));
#5251=EDGE_LOOP('',(#2025));
#5252=EDGE_LOOP('',(#2026));
#5253=EDGE_LOOP('',(#2027));
#5254=EDGE_LOOP('',(#2028));
#5255=EDGE_LOOP('',(#2029));
#5256=EDGE_LOOP('',(#2030));
#5257=EDGE_LOOP('',(#2031));
#5258=EDGE_LOOP('',(#2032));
#5259=EDGE_LOOP('',(#2033));
#5260=EDGE_LOOP('',(#2034));
#5261=EDGE_LOOP('',(#2035));
#5262=EDGE_LOOP('',(#2036));
#5263=EDGE_LOOP('',(#2037));
#5264=EDGE_LOOP('',(#2038));
#5265=EDGE_LOOP('',(#2039));
#5266=EDGE_LOOP('',(#2040));
#5267=EDGE_LOOP('',(#2041));
#5268=EDGE_LOOP('',(#2042));
#5269=EDGE_LOOP('',(#2043));
#5270=EDGE_LOOP('',(#2044));
#5271=EDGE_LOOP('',(#2045));
#5272=EDGE_LOOP('',(#2046));
#5273=EDGE_LOOP('',(#2047));
#5274=EDGE_LOOP('',(#2048));
#5275=EDGE_LOOP('',(#2049));
#5276=EDGE_LOOP('',(#2050));
#5277=EDGE_LOOP('',(#2051));
#5278=EDGE_LOOP('',(#2052));
#5279=EDGE_LOOP('',(#2053));
#5280=EDGE_LOOP('',(#2054));
#5281=EDGE_LOOP('',(#2055));
#5282=EDGE_LOOP('',(#2056));
#5283=EDGE_LOOP('',(#2057));
#5284=EDGE_LOOP('',(#2058));
#5285=EDGE_LOOP('',(#2059));
#5286=EDGE_LOOP('',(#2060));
#5287=EDGE_LOOP('',(#2061));
#5288=EDGE_LOOP('',(#2062));
#5289=EDGE_LOOP('',(#2063));
#5290=EDGE_LOOP('',(#2064));
#5291=EDGE_LOOP('',(#2065));
#5292=EDGE_LOOP('',(#2066));
#5293=EDGE_LOOP('',(#2067));
#5294=EDGE_LOOP('',(#2068));
#5295=EDGE_LOOP('',(#2069));
#5296=EDGE_LOOP('',(#2070));
#5297=EDGE_LOOP('',(#2071));
#5298=EDGE_LOOP('',(#2072));
#5299=EDGE_LOOP('',(#2073));
#5300=EDGE_LOOP('',(#2074));
#5301=EDGE_LOOP('',(#2075));
#5302=EDGE_LOOP('',(#2076));
#5303=EDGE_LOOP('',(#2077));
#5304=EDGE_LOOP('',(#2078));
#5305=EDGE_LOOP('',(#2079));
#5306=EDGE_LOOP('',(#2080));
#5307=EDGE_LOOP('',(#2081));
#5308=EDGE_LOOP('',(#2082));
#5309=EDGE_LOOP('',(#2083));
#5310=EDGE_LOOP('',(#2084));
#5311=EDGE_LOOP('',(#2085));
#5312=EDGE_LOOP('',(#2086));
#5313=EDGE_LOOP('',(#2087));
#5314=EDGE_LOOP('',(#2088));
#5315=EDGE_LOOP('',(#2089));
#5316=EDGE_LOOP('',(#2090));
#5317=EDGE_LOOP('',(#2091));
#5318=EDGE_LOOP('',(#2092));
#5319=EDGE_LOOP('',(#2093));
#5320=EDGE_LOOP('',(#2094));
#5321=EDGE_LOOP('',(#2095));
#5322=EDGE_LOOP('',(#2096));
#5323=EDGE_LOOP('',(#2097));
#5324=EDGE_LOOP('',(#2098));
#5325=EDGE_LOOP('',(#2099));
#5326=EDGE_LOOP('',(#2100));
#5327=EDGE_LOOP('',(#2101));
#5328=EDGE_LOOP('',(#2102));
#5329=EDGE_LOOP('',(#2103));
#5330=EDGE_LOOP('',(#2104));
#5331=EDGE_LOOP('',(#2105));
#5332=EDGE_LOOP('',(#2106,#2107,#2108,#2109));
#5333=EDGE_LOOP('',(#2110,#2111,#2112,#2113));
#5334=EDGE_LOOP('',(#2114,#2115,#2116,#2117));
#5335=EDGE_LOOP('',(#2118,#2119,#2120,#2121));
#5336=EDGE_LOOP('',(#2122,#2123,#2124,#2125));
#5337=EDGE_LOOP('',(#2126,#2127,#2128,#2129));
#5338=EDGE_LOOP('',(#2130,#2131,#2132,#2133));
#5339=EDGE_LOOP('',(#2134,#2135,#2136,#2137));
#5340=EDGE_LOOP('',(#2138));
#5341=EDGE_LOOP('',(#2139));
#5342=EDGE_LOOP('',(#2140));
#5343=EDGE_LOOP('',(#2141));
#5344=EDGE_LOOP('',(#2142));
#5345=EDGE_LOOP('',(#2143));
#5346=FACE_BOUND('',#4686,.T.);
#5347=FACE_BOUND('',#4687,.T.);
#5348=FACE_BOUND('',#4688,.T.);
#5349=FACE_BOUND('',#4689,.T.);
#5350=FACE_BOUND('',#4690,.T.);
#5351=FACE_BOUND('',#4691,.T.);
#5352=FACE_BOUND('',#4692,.T.);
#5353=FACE_BOUND('',#4693,.T.);
#5354=FACE_BOUND('',#4694,.T.);
#5355=FACE_BOUND('',#4695,.T.);
#5356=FACE_BOUND('',#4696,.T.);
#5357=FACE_BOUND('',#4697,.T.);
#5358=FACE_BOUND('',#4698,.T.);
#5359=FACE_BOUND('',#4699,.T.);
#5360=FACE_BOUND('',#4700,.T.);
#5361=FACE_BOUND('',#4701,.T.);
#5362=FACE_BOUND('',#4702,.T.);
#5363=FACE_BOUND('',#4703,.T.);
#5364=FACE_BOUND('',#4704,.T.);
#5365=FACE_BOUND('',#4705,.T.);
#5366=FACE_BOUND('',#4706,.T.);
#5367=FACE_BOUND('',#4707,.T.);
#5368=FACE_BOUND('',#4708,.T.);
#5369=FACE_BOUND('',#4709,.T.);
#5370=FACE_BOUND('',#4710,.T.);
#5371=FACE_BOUND('',#4711,.T.);
#5372=FACE_BOUND('',#4712,.T.);
#5373=FACE_BOUND('',#4713,.T.);
#5374=FACE_BOUND('',#4714,.T.);
#5375=FACE_BOUND('',#4715,.T.);
#5376=FACE_BOUND('',#4716,.T.);
#5377=FACE_BOUND('',#4717,.T.);
#5378=FACE_BOUND('',#4718,.T.);
#5379=FACE_BOUND('',#4719,.T.);
#5380=FACE_BOUND('',#4720,.T.);
#5381=FACE_BOUND('',#4721,.T.);
#5382=FACE_BOUND('',#4722,.T.);
#5383=FACE_BOUND('',#4723,.T.);
#5384=FACE_BOUND('',#4724,.T.);
#5385=FACE_BOUND('',#4725,.T.);
#5386=FACE_BOUND('',#4726,.T.);
#5387=FACE_BOUND('',#4727,.T.);
#5388=FACE_BOUND('',#4728,.T.);
#5389=FACE_BOUND('',#4729,.T.);
#5390=FACE_BOUND('',#4730,.T.);
#5391=FACE_BOUND('',#4731,.T.);
#5392=FACE_BOUND('',#4732,.T.);
#5393=FACE_BOUND('',#4733,.T.);
#5394=FACE_BOUND('',#4734,.T.);
#5395=FACE_BOUND('',#4735,.T.);
#5396=FACE_BOUND('',#4736,.T.);
#5397=FACE_BOUND('',#4737,.T.);
#5398=FACE_BOUND('',#4738,.T.);
#5399=FACE_BOUND('',#4739,.T.);
#5400=FACE_BOUND('',#4740,.T.);
#5401=FACE_BOUND('',#4741,.T.);
#5402=FACE_BOUND('',#4742,.T.);
#5403=FACE_BOUND('',#4743,.T.);
#5404=FACE_BOUND('',#4744,.T.);
#5405=FACE_BOUND('',#4745,.T.);
#5406=FACE_BOUND('',#4746,.T.);
#5407=FACE_BOUND('',#4747,.T.);
#5408=FACE_BOUND('',#4748,.T.);
#5409=FACE_BOUND('',#4749,.T.);
#5410=FACE_BOUND('',#4750,.T.);
#5411=FACE_BOUND('',#4751,.T.);
#5412=FACE_BOUND('',#4752,.T.);
#5413=FACE_BOUND('',#4753,.T.);
#5414=FACE_BOUND('',#4754,.T.);
#5415=FACE_BOUND('',#4755,.T.);
#5416=FACE_BOUND('',#4756,.T.);
#5417=FACE_BOUND('',#4757,.T.);
#5418=FACE_BOUND('',#4758,.T.);
#5419=FACE_BOUND('',#4759,.T.);
#5420=FACE_BOUND('',#4760,.T.);
#5421=FACE_BOUND('',#4761,.T.);
#5422=FACE_BOUND('',#4762,.T.);
#5423=FACE_BOUND('',#4763,.T.);
#5424=FACE_BOUND('',#4764,.T.);
#5425=FACE_BOUND('',#4765,.T.);
#5426=FACE_BOUND('',#4766,.T.);
#5427=FACE_BOUND('',#4767,.T.);
#5428=FACE_BOUND('',#4768,.T.);
#5429=FACE_BOUND('',#4769,.T.);
#5430=FACE_BOUND('',#4770,.T.);
#5431=FACE_BOUND('',#4771,.T.);
#5432=FACE_BOUND('',#4772,.T.);
#5433=FACE_BOUND('',#4773,.T.);
#5434=FACE_BOUND('',#4774,.T.);
#5435=FACE_BOUND('',#4775,.T.);
#5436=FACE_BOUND('',#4776,.T.);
#5437=FACE_BOUND('',#4777,.T.);
#5438=FACE_BOUND('',#4778,.T.);
#5439=FACE_BOUND('',#4779,.T.);
#5440=FACE_BOUND('',#4780,.T.);
#5441=FACE_BOUND('',#4781,.T.);
#5442=FACE_BOUND('',#4782,.T.);
#5443=FACE_BOUND('',#4783,.T.);
#5444=FACE_BOUND('',#4784,.T.);
#5445=FACE_BOUND('',#4785,.T.);
#5446=FACE_BOUND('',#4786,.T.);
#5447=FACE_BOUND('',#4787,.T.);
#5448=FACE_BOUND('',#4788,.T.);
#5449=FACE_BOUND('',#4789,.T.);
#5450=FACE_BOUND('',#4790,.T.);
#5451=FACE_BOUND('',#4791,.T.);
#5452=FACE_BOUND('',#4792,.T.);
#5453=FACE_BOUND('',#4793,.T.);
#5454=FACE_BOUND('',#4794,.T.);
#5455=FACE_BOUND('',#4795,.T.);
#5456=FACE_BOUND('',#4796,.T.);
#5457=FACE_BOUND('',#4797,.T.);
#5458=FACE_BOUND('',#4798,.T.);
#5459=FACE_BOUND('',#4799,.T.);
#5460=FACE_BOUND('',#4800,.T.);
#5461=FACE_BOUND('',#4801,.T.);
#5462=FACE_BOUND('',#4802,.T.);
#5463=FACE_BOUND('',#4803,.T.);
#5464=FACE_BOUND('',#4804,.T.);
#5465=FACE_BOUND('',#4805,.T.);
#5466=FACE_BOUND('',#4806,.T.);
#5467=FACE_BOUND('',#4807,.T.);
#5468=FACE_BOUND('',#4808,.T.);
#5469=FACE_BOUND('',#4809,.T.);
#5470=FACE_BOUND('',#4810,.T.);
#5471=FACE_BOUND('',#4811,.T.);
#5472=FACE_BOUND('',#4812,.T.);
#5473=FACE_BOUND('',#4813,.T.);
#5474=FACE_BOUND('',#4814,.T.);
#5475=FACE_BOUND('',#4815,.T.);
#5476=FACE_BOUND('',#4816,.T.);
#5477=FACE_BOUND('',#4817,.T.);
#5478=FACE_BOUND('',#4818,.T.);
#5479=FACE_BOUND('',#4819,.T.);
#5480=FACE_BOUND('',#4820,.T.);
#5481=FACE_BOUND('',#4821,.T.);
#5482=FACE_BOUND('',#4822,.T.);
#5483=FACE_BOUND('',#4823,.T.);
#5484=FACE_BOUND('',#4824,.T.);
#5485=FACE_BOUND('',#4825,.T.);
#5486=FACE_BOUND('',#4826,.T.);
#5487=FACE_BOUND('',#4827,.T.);
#5488=FACE_BOUND('',#4828,.T.);
#5489=FACE_BOUND('',#4829,.T.);
#5490=FACE_BOUND('',#4830,.T.);
#5491=FACE_BOUND('',#4831,.T.);
#5492=FACE_BOUND('',#4832,.T.);
#5493=FACE_BOUND('',#4833,.T.);
#5494=FACE_BOUND('',#4834,.T.);
#5495=FACE_BOUND('',#4835,.T.);
#5496=FACE_BOUND('',#4836,.T.);
#5497=FACE_BOUND('',#4837,.T.);
#5498=FACE_BOUND('',#4838,.T.);
#5499=FACE_BOUND('',#4839,.T.);
#5500=FACE_BOUND('',#4840,.T.);
#5501=FACE_BOUND('',#4841,.T.);
#5502=FACE_BOUND('',#4842,.T.);
#5503=FACE_BOUND('',#4843,.T.);
#5504=FACE_BOUND('',#4844,.T.);
#5505=FACE_BOUND('',#4845,.T.);
#5506=FACE_BOUND('',#4846,.T.);
#5507=FACE_BOUND('',#4847,.T.);
#5508=FACE_BOUND('',#4848,.T.);
#5509=FACE_BOUND('',#4849,.T.);
#5510=FACE_BOUND('',#4850,.T.);
#5511=FACE_BOUND('',#4851,.T.);
#5512=FACE_BOUND('',#4852,.T.);
#5513=FACE_BOUND('',#4853,.T.);
#5514=FACE_BOUND('',#4854,.T.);
#5515=FACE_BOUND('',#4855,.T.);
#5516=FACE_BOUND('',#4856,.T.);
#5517=FACE_BOUND('',#4857,.T.);
#5518=FACE_BOUND('',#4858,.T.);
#5519=FACE_BOUND('',#4859,.T.);
#5520=FACE_BOUND('',#4860,.T.);
#5521=FACE_BOUND('',#4861,.T.);
#5522=FACE_BOUND('',#4862,.T.);
#5523=FACE_BOUND('',#4863,.T.);
#5524=FACE_BOUND('',#4864,.T.);
#5525=FACE_BOUND('',#4865,.T.);
#5526=FACE_BOUND('',#4866,.T.);
#5527=FACE_BOUND('',#4867,.T.);
#5528=FACE_BOUND('',#4868,.T.);
#5529=FACE_BOUND('',#4869,.T.);
#5530=FACE_BOUND('',#4870,.T.);
#5531=FACE_BOUND('',#4871,.T.);
#5532=FACE_BOUND('',#4872,.T.);
#5533=FACE_BOUND('',#4873,.T.);
#5534=FACE_BOUND('',#4874,.T.);
#5535=FACE_BOUND('',#4875,.T.);
#5536=FACE_BOUND('',#4876,.T.);
#5537=FACE_BOUND('',#4877,.T.);
#5538=FACE_BOUND('',#4878,.T.);
#5539=FACE_BOUND('',#4879,.T.);
#5540=FACE_BOUND('',#4880,.T.);
#5541=FACE_BOUND('',#4881,.T.);
#5542=FACE_BOUND('',#4882,.T.);
#5543=FACE_BOUND('',#4883,.T.);
#5544=FACE_BOUND('',#4884,.T.);
#5545=FACE_BOUND('',#4885,.T.);
#5546=FACE_BOUND('',#4886,.T.);
#5547=FACE_BOUND('',#4887,.T.);
#5548=FACE_BOUND('',#4888,.T.);
#5549=FACE_BOUND('',#4889,.T.);
#5550=FACE_BOUND('',#4890,.T.);
#5551=FACE_BOUND('',#4891,.T.);
#5552=FACE_BOUND('',#4892,.T.);
#5553=FACE_BOUND('',#4893,.T.);
#5554=FACE_BOUND('',#4894,.T.);
#5555=FACE_BOUND('',#4895,.T.);
#5556=FACE_BOUND('',#4896,.T.);
#5557=FACE_BOUND('',#4897,.T.);
#5558=FACE_BOUND('',#4898,.T.);
#5559=FACE_BOUND('',#4899,.T.);
#5560=FACE_BOUND('',#4900,.T.);
#5561=FACE_BOUND('',#4901,.T.);
#5562=FACE_BOUND('',#4902,.T.);
#5563=FACE_BOUND('',#4903,.T.);
#5564=FACE_BOUND('',#4904,.T.);
#5565=FACE_BOUND('',#4905,.T.);
#5566=FACE_BOUND('',#4906,.T.);
#5567=FACE_BOUND('',#4907,.T.);
#5568=FACE_BOUND('',#4908,.T.);
#5569=FACE_BOUND('',#4909,.T.);
#5570=FACE_BOUND('',#4910,.T.);
#5571=FACE_BOUND('',#4911,.T.);
#5572=FACE_BOUND('',#4912,.T.);
#5573=FACE_BOUND('',#4913,.T.);
#5574=FACE_BOUND('',#4914,.T.);
#5575=FACE_BOUND('',#4915,.T.);
#5576=FACE_BOUND('',#4916,.T.);
#5577=FACE_BOUND('',#4917,.T.);
#5578=FACE_BOUND('',#4918,.T.);
#5579=FACE_BOUND('',#4919,.T.);
#5580=FACE_BOUND('',#4920,.T.);
#5581=FACE_BOUND('',#4921,.T.);
#5582=FACE_BOUND('',#4922,.T.);
#5583=FACE_BOUND('',#4923,.T.);
#5584=FACE_BOUND('',#4924,.T.);
#5585=FACE_BOUND('',#4925,.T.);
#5586=FACE_BOUND('',#4926,.T.);
#5587=FACE_BOUND('',#4927,.T.);
#5588=FACE_BOUND('',#4928,.T.);
#5589=FACE_BOUND('',#4929,.T.);
#5590=FACE_BOUND('',#4930,.T.);
#5591=FACE_BOUND('',#4931,.T.);
#5592=FACE_BOUND('',#4932,.T.);
#5593=FACE_BOUND('',#4933,.T.);
#5594=FACE_BOUND('',#4934,.T.);
#5595=FACE_BOUND('',#4935,.T.);
#5596=FACE_BOUND('',#4936,.T.);
#5597=FACE_BOUND('',#4937,.T.);
#5598=FACE_BOUND('',#4938,.T.);
#5599=FACE_BOUND('',#4939,.T.);
#5600=FACE_BOUND('',#4940,.T.);
#5601=FACE_BOUND('',#4941,.T.);
#5602=FACE_BOUND('',#4942,.T.);
#5603=FACE_BOUND('',#4943,.T.);
#5604=FACE_BOUND('',#4944,.T.);
#5605=FACE_BOUND('',#4945,.T.);
#5606=FACE_BOUND('',#4946,.T.);
#5607=FACE_BOUND('',#4947,.T.);
#5608=FACE_BOUND('',#4948,.T.);
#5609=FACE_BOUND('',#4949,.T.);
#5610=FACE_BOUND('',#4950,.T.);
#5611=FACE_BOUND('',#4951,.T.);
#5612=FACE_BOUND('',#4952,.T.);
#5613=FACE_BOUND('',#4953,.T.);
#5614=FACE_BOUND('',#4954,.T.);
#5615=FACE_BOUND('',#4955,.T.);
#5616=FACE_BOUND('',#4956,.T.);
#5617=FACE_BOUND('',#4957,.T.);
#5618=FACE_BOUND('',#4958,.T.);
#5619=FACE_BOUND('',#4959,.T.);
#5620=FACE_BOUND('',#4960,.T.);
#5621=FACE_BOUND('',#4961,.T.);
#5622=FACE_BOUND('',#4962,.T.);
#5623=FACE_BOUND('',#4963,.T.);
#5624=FACE_BOUND('',#4964,.T.);
#5625=FACE_BOUND('',#4965,.T.);
#5626=FACE_BOUND('',#4966,.T.);
#5627=FACE_BOUND('',#4967,.T.);
#5628=FACE_BOUND('',#4968,.T.);
#5629=FACE_BOUND('',#4969,.T.);
#5630=FACE_BOUND('',#4970,.T.);
#5631=FACE_BOUND('',#4971,.T.);
#5632=FACE_BOUND('',#4972,.T.);
#5633=FACE_BOUND('',#4973,.T.);
#5634=FACE_BOUND('',#4974,.T.);
#5635=FACE_BOUND('',#4975,.T.);
#5636=FACE_BOUND('',#4976,.T.);
#5637=FACE_BOUND('',#4977,.T.);
#5638=FACE_BOUND('',#4978,.T.);
#5639=FACE_BOUND('',#4979,.T.);
#5640=FACE_BOUND('',#4980,.T.);
#5641=FACE_BOUND('',#4981,.T.);
#5642=FACE_BOUND('',#4982,.T.);
#5643=FACE_BOUND('',#4983,.T.);
#5644=FACE_BOUND('',#4984,.T.);
#5645=FACE_BOUND('',#4985,.T.);
#5646=FACE_BOUND('',#4986,.T.);
#5647=FACE_BOUND('',#4987,.T.);
#5648=FACE_BOUND('',#4988,.T.);
#5649=FACE_BOUND('',#4989,.T.);
#5650=FACE_BOUND('',#4990,.T.);
#5651=FACE_BOUND('',#4991,.T.);
#5652=FACE_BOUND('',#4992,.T.);
#5653=FACE_BOUND('',#4993,.T.);
#5654=FACE_BOUND('',#4994,.T.);
#5655=FACE_BOUND('',#4995,.T.);
#5656=FACE_BOUND('',#4996,.T.);
#5657=FACE_BOUND('',#4997,.T.);
#5658=FACE_BOUND('',#4998,.T.);
#5659=FACE_BOUND('',#4999,.T.);
#5660=FACE_BOUND('',#5000,.T.);
#5661=FACE_BOUND('',#5001,.T.);
#5662=FACE_BOUND('',#5002,.T.);
#5663=FACE_BOUND('',#5003,.T.);
#5664=FACE_BOUND('',#5004,.T.);
#5665=FACE_BOUND('',#5005,.T.);
#5666=FACE_BOUND('',#5006,.T.);
#5667=FACE_BOUND('',#5007,.T.);
#5668=FACE_BOUND('',#5008,.T.);
#5669=FACE_BOUND('',#5009,.T.);
#5670=FACE_BOUND('',#5010,.T.);
#5671=FACE_BOUND('',#5011,.T.);
#5672=FACE_BOUND('',#5012,.T.);
#5673=FACE_BOUND('',#5013,.T.);
#5674=FACE_BOUND('',#5014,.T.);
#5675=FACE_BOUND('',#5015,.T.);
#5676=FACE_BOUND('',#5016,.T.);
#5677=FACE_BOUND('',#5017,.T.);
#5678=FACE_BOUND('',#5018,.T.);
#5679=FACE_BOUND('',#5019,.T.);
#5680=FACE_BOUND('',#5020,.T.);
#5681=FACE_BOUND('',#5021,.T.);
#5682=FACE_BOUND('',#5022,.T.);
#5683=FACE_BOUND('',#5023,.T.);
#5684=FACE_BOUND('',#5024,.T.);
#5685=FACE_BOUND('',#5025,.T.);
#5686=FACE_BOUND('',#5026,.T.);
#5687=FACE_BOUND('',#5027,.T.);
#5688=FACE_BOUND('',#5028,.T.);
#5689=FACE_BOUND('',#5029,.T.);
#5690=FACE_BOUND('',#5030,.T.);
#5691=FACE_BOUND('',#5031,.T.);
#5692=FACE_BOUND('',#5032,.T.);
#5693=FACE_BOUND('',#5033,.T.);
#5694=FACE_BOUND('',#5034,.T.);
#5695=FACE_BOUND('',#5035,.T.);
#5696=FACE_BOUND('',#5036,.T.);
#5697=FACE_BOUND('',#5037,.T.);
#5698=FACE_BOUND('',#5038,.T.);
#5699=FACE_BOUND('',#5039,.T.);
#5700=FACE_BOUND('',#5040,.T.);
#5701=FACE_BOUND('',#5041,.T.);
#5702=FACE_BOUND('',#5042,.T.);
#5703=FACE_BOUND('',#5043,.T.);
#5704=FACE_BOUND('',#5044,.T.);
#5705=FACE_BOUND('',#5045,.T.);
#5706=FACE_BOUND('',#5046,.T.);
#5707=FACE_BOUND('',#5047,.T.);
#5708=FACE_BOUND('',#5048,.T.);
#5709=FACE_BOUND('',#5049,.T.);
#5710=FACE_BOUND('',#5050,.T.);
#5711=FACE_BOUND('',#5051,.T.);
#5712=FACE_BOUND('',#5052,.T.);
#5713=FACE_BOUND('',#5053,.T.);
#5714=FACE_BOUND('',#5054,.T.);
#5715=FACE_BOUND('',#5055,.T.);
#5716=FACE_BOUND('',#5056,.T.);
#5717=FACE_BOUND('',#5057,.T.);
#5718=FACE_BOUND('',#5058,.T.);
#5719=FACE_BOUND('',#5059,.T.);
#5720=FACE_BOUND('',#5060,.T.);
#5721=FACE_BOUND('',#5061,.T.);
#5722=FACE_BOUND('',#5062,.T.);
#5723=FACE_BOUND('',#5063,.T.);
#5724=FACE_BOUND('',#5064,.T.);
#5725=FACE_BOUND('',#5065,.T.);
#5726=FACE_BOUND('',#5066,.T.);
#5727=FACE_BOUND('',#5067,.T.);
#5728=FACE_BOUND('',#5068,.T.);
#5729=FACE_BOUND('',#5069,.T.);
#5730=FACE_BOUND('',#5070,.T.);
#5731=FACE_BOUND('',#5071,.T.);
#5732=FACE_BOUND('',#5072,.T.);
#5733=FACE_BOUND('',#5073,.T.);
#5734=FACE_BOUND('',#5074,.T.);
#5735=FACE_BOUND('',#5075,.T.);
#5736=FACE_BOUND('',#5076,.T.);
#5737=FACE_BOUND('',#5077,.T.);
#5738=FACE_BOUND('',#5078,.T.);
#5739=FACE_BOUND('',#5079,.T.);
#5740=FACE_BOUND('',#5080,.T.);
#5741=FACE_BOUND('',#5081,.T.);
#5742=FACE_BOUND('',#5082,.T.);
#5743=FACE_BOUND('',#5083,.T.);
#5744=FACE_BOUND('',#5084,.T.);
#5745=FACE_BOUND('',#5085,.T.);
#5746=FACE_BOUND('',#5086,.T.);
#5747=FACE_BOUND('',#5087,.T.);
#5748=FACE_BOUND('',#5088,.T.);
#5749=FACE_BOUND('',#5089,.T.);
#5750=FACE_BOUND('',#5090,.T.);
#5751=FACE_BOUND('',#5091,.T.);
#5752=FACE_BOUND('',#5092,.T.);
#5753=FACE_BOUND('',#5093,.T.);
#5754=FACE_BOUND('',#5094,.T.);
#5755=FACE_BOUND('',#5095,.T.);
#5756=FACE_BOUND('',#5096,.T.);
#5757=FACE_BOUND('',#5097,.T.);
#5758=FACE_BOUND('',#5098,.T.);
#5759=FACE_BOUND('',#5099,.T.);
#5760=FACE_BOUND('',#5100,.T.);
#5761=FACE_BOUND('',#5101,.T.);
#5762=FACE_BOUND('',#5102,.T.);
#5763=FACE_BOUND('',#5103,.T.);
#5764=FACE_BOUND('',#5104,.T.);
#5765=FACE_BOUND('',#5105,.T.);
#5766=FACE_BOUND('',#5106,.T.);
#5767=FACE_BOUND('',#5107,.T.);
#5768=FACE_BOUND('',#5108,.T.);
#5769=FACE_BOUND('',#5109,.T.);
#5770=FACE_BOUND('',#5110,.T.);
#5771=FACE_BOUND('',#5111,.T.);
#5772=FACE_BOUND('',#5112,.T.);
#5773=FACE_BOUND('',#5113,.T.);
#5774=FACE_BOUND('',#5114,.T.);
#5775=FACE_BOUND('',#5115,.T.);
#5776=FACE_BOUND('',#5116,.T.);
#5777=FACE_BOUND('',#5117,.T.);
#5778=FACE_BOUND('',#5118,.T.);
#5779=FACE_BOUND('',#5119,.T.);
#5780=FACE_BOUND('',#5120,.T.);
#5781=FACE_BOUND('',#5121,.T.);
#5782=FACE_BOUND('',#5122,.T.);
#5783=FACE_BOUND('',#5123,.T.);
#5784=FACE_BOUND('',#5124,.T.);
#5785=FACE_BOUND('',#5125,.T.);
#5786=FACE_BOUND('',#5126,.T.);
#5787=FACE_BOUND('',#5127,.T.);
#5788=FACE_BOUND('',#5128,.T.);
#5789=FACE_BOUND('',#5129,.T.);
#5790=FACE_BOUND('',#5130,.T.);
#5791=FACE_BOUND('',#5131,.T.);
#5792=FACE_BOUND('',#5132,.T.);
#5793=FACE_BOUND('',#5133,.T.);
#5794=FACE_BOUND('',#5134,.T.);
#5795=FACE_BOUND('',#5135,.T.);
#5796=FACE_BOUND('',#5136,.T.);
#5797=FACE_BOUND('',#5137,.T.);
#5798=FACE_BOUND('',#5138,.T.);
#5799=FACE_BOUND('',#5139,.T.);
#5800=FACE_BOUND('',#5140,.T.);
#5801=FACE_BOUND('',#5141,.T.);
#5802=FACE_BOUND('',#5142,.T.);
#5803=FACE_BOUND('',#5143,.T.);
#5804=FACE_BOUND('',#5144,.T.);
#5805=FACE_BOUND('',#5145,.T.);
#5806=FACE_BOUND('',#5146,.T.);
#5807=FACE_BOUND('',#5147,.T.);
#5808=FACE_BOUND('',#5148,.T.);
#5809=FACE_BOUND('',#5149,.T.);
#5810=FACE_BOUND('',#5150,.T.);
#5811=FACE_BOUND('',#5151,.T.);
#5812=FACE_BOUND('',#5152,.T.);
#5813=FACE_BOUND('',#5153,.T.);
#5814=FACE_BOUND('',#5154,.T.);
#5815=FACE_BOUND('',#5155,.T.);
#5816=FACE_BOUND('',#5156,.T.);
#5817=FACE_BOUND('',#5157,.T.);
#5818=FACE_BOUND('',#5158,.T.);
#5819=FACE_BOUND('',#5159,.T.);
#5820=FACE_BOUND('',#5160,.T.);
#5821=FACE_BOUND('',#5161,.T.);
#5822=FACE_BOUND('',#5162,.T.);
#5823=FACE_BOUND('',#5163,.T.);
#5824=FACE_BOUND('',#5164,.T.);
#5825=FACE_BOUND('',#5165,.T.);
#5826=FACE_BOUND('',#5166,.T.);
#5827=FACE_BOUND('',#5167,.T.);
#5828=FACE_BOUND('',#5168,.T.);
#5829=FACE_BOUND('',#5169,.T.);
#5830=FACE_BOUND('',#5170,.T.);
#5831=FACE_BOUND('',#5171,.T.);
#5832=FACE_BOUND('',#5172,.T.);
#5833=FACE_BOUND('',#5173,.T.);
#5834=FACE_BOUND('',#5174,.T.);
#5835=FACE_BOUND('',#5175,.T.);
#5836=FACE_BOUND('',#5176,.T.);
#5837=FACE_BOUND('',#5177,.T.);
#5838=FACE_BOUND('',#5178,.T.);
#5839=FACE_BOUND('',#5179,.T.);
#5840=FACE_BOUND('',#5180,.T.);
#5841=FACE_BOUND('',#5181,.T.);
#5842=FACE_BOUND('',#5182,.T.);
#5843=FACE_BOUND('',#5183,.T.);
#5844=FACE_BOUND('',#5184,.T.);
#5845=FACE_BOUND('',#5185,.T.);
#5846=FACE_BOUND('',#5186,.T.);
#5847=FACE_BOUND('',#5187,.T.);
#5848=FACE_BOUND('',#5188,.T.);
#5849=FACE_BOUND('',#5189,.T.);
#5850=FACE_BOUND('',#5190,.T.);
#5851=FACE_BOUND('',#5191,.T.);
#5852=FACE_BOUND('',#5192,.T.);
#5853=FACE_BOUND('',#5193,.T.);
#5854=FACE_BOUND('',#5194,.T.);
#5855=FACE_BOUND('',#5195,.T.);
#5856=FACE_BOUND('',#5196,.T.);
#5857=FACE_BOUND('',#5197,.T.);
#5858=FACE_BOUND('',#5198,.T.);
#5859=FACE_BOUND('',#5199,.T.);
#5860=FACE_BOUND('',#5200,.T.);
#5861=FACE_BOUND('',#5201,.T.);
#5862=FACE_BOUND('',#5202,.T.);
#5863=FACE_BOUND('',#5203,.T.);
#5864=FACE_BOUND('',#5204,.T.);
#5865=FACE_BOUND('',#5205,.T.);
#5866=FACE_BOUND('',#5206,.T.);
#5867=FACE_BOUND('',#5207,.T.);
#5868=FACE_BOUND('',#5208,.T.);
#5869=FACE_BOUND('',#5209,.T.);
#5870=FACE_BOUND('',#5210,.T.);
#5871=FACE_BOUND('',#5211,.T.);
#5872=FACE_BOUND('',#5212,.T.);
#5873=FACE_BOUND('',#5213,.T.);
#5874=FACE_BOUND('',#5214,.T.);
#5875=FACE_BOUND('',#5215,.T.);
#5876=FACE_BOUND('',#5216,.T.);
#5877=FACE_BOUND('',#5217,.T.);
#5878=FACE_BOUND('',#5218,.T.);
#5879=FACE_BOUND('',#5219,.T.);
#5880=FACE_BOUND('',#5220,.T.);
#5881=FACE_BOUND('',#5221,.T.);
#5882=FACE_BOUND('',#5222,.T.);
#5883=FACE_BOUND('',#5223,.T.);
#5884=FACE_BOUND('',#5224,.T.);
#5885=FACE_BOUND('',#5225,.T.);
#5886=FACE_BOUND('',#5226,.T.);
#5887=FACE_BOUND('',#5227,.T.);
#5888=FACE_BOUND('',#5228,.T.);
#5889=FACE_BOUND('',#5229,.T.);
#5890=FACE_BOUND('',#5230,.T.);
#5891=FACE_BOUND('',#5231,.T.);
#5892=FACE_BOUND('',#5232,.T.);
#5893=FACE_BOUND('',#5233,.T.);
#5894=FACE_BOUND('',#5234,.T.);
#5895=FACE_BOUND('',#5235,.T.);
#5896=FACE_BOUND('',#5236,.T.);
#5897=FACE_BOUND('',#5237,.T.);
#5898=FACE_BOUND('',#5238,.T.);
#5899=FACE_BOUND('',#5239,.T.);
#5900=FACE_BOUND('',#5240,.T.);
#5901=FACE_BOUND('',#5241,.T.);
#5902=FACE_BOUND('',#5242,.T.);
#5903=FACE_BOUND('',#5243,.T.);
#5904=FACE_BOUND('',#5244,.T.);
#5905=FACE_BOUND('',#5245,.T.);
#5906=FACE_BOUND('',#5246,.T.);
#5907=FACE_BOUND('',#5247,.T.);
#5908=FACE_BOUND('',#5248,.T.);
#5909=FACE_BOUND('',#5249,.T.);
#5910=FACE_BOUND('',#5250,.T.);
#5911=FACE_BOUND('',#5251,.T.);
#5912=FACE_BOUND('',#5252,.T.);
#5913=FACE_BOUND('',#5253,.T.);
#5914=FACE_BOUND('',#5254,.T.);
#5915=FACE_BOUND('',#5255,.T.);
#5916=FACE_BOUND('',#5256,.T.);
#5917=FACE_BOUND('',#5257,.T.);
#5918=FACE_BOUND('',#5258,.T.);
#5919=FACE_BOUND('',#5259,.T.);
#5920=FACE_BOUND('',#5260,.T.);
#5921=FACE_BOUND('',#5261,.T.);
#5922=FACE_BOUND('',#5262,.T.);
#5923=FACE_BOUND('',#5263,.T.);
#5924=FACE_BOUND('',#5264,.T.);
#5925=FACE_BOUND('',#5265,.T.);
#5926=FACE_BOUND('',#5266,.T.);
#5927=FACE_BOUND('',#5267,.T.);
#5928=FACE_BOUND('',#5268,.T.);
#5929=FACE_BOUND('',#5269,.T.);
#5930=FACE_BOUND('',#5270,.T.);
#5931=FACE_BOUND('',#5271,.T.);
#5932=FACE_BOUND('',#5272,.T.);
#5933=FACE_BOUND('',#5273,.T.);
#5934=FACE_BOUND('',#5274,.T.);
#5935=FACE_BOUND('',#5275,.T.);
#5936=FACE_BOUND('',#5276,.T.);
#5937=FACE_BOUND('',#5277,.T.);
#5938=FACE_BOUND('',#5278,.T.);
#5939=FACE_BOUND('',#5279,.T.);
#5940=FACE_BOUND('',#5280,.T.);
#5941=FACE_BOUND('',#5281,.T.);
#5942=FACE_BOUND('',#5282,.T.);
#5943=FACE_BOUND('',#5283,.T.);
#5944=FACE_BOUND('',#5284,.T.);
#5945=FACE_BOUND('',#5285,.T.);
#5946=FACE_BOUND('',#5286,.T.);
#5947=FACE_BOUND('',#5287,.T.);
#5948=FACE_BOUND('',#5288,.T.);
#5949=FACE_BOUND('',#5289,.T.);
#5950=FACE_BOUND('',#5290,.T.);
#5951=FACE_BOUND('',#5291,.T.);
#5952=FACE_BOUND('',#5292,.T.);
#5953=FACE_BOUND('',#5293,.T.);
#5954=FACE_BOUND('',#5294,.T.);
#5955=FACE_BOUND('',#5295,.T.);
#5956=FACE_BOUND('',#5296,.T.);
#5957=FACE_BOUND('',#5297,.T.);
#5958=FACE_BOUND('',#5298,.T.);
#5959=FACE_BOUND('',#5299,.T.);
#5960=FACE_BOUND('',#5300,.T.);
#5961=FACE_BOUND('',#5301,.T.);
#5962=FACE_BOUND('',#5302,.T.);
#5963=FACE_BOUND('',#5303,.T.);
#5964=FACE_BOUND('',#5304,.T.);
#5965=FACE_BOUND('',#5305,.T.);
#5966=FACE_BOUND('',#5306,.T.);
#5967=FACE_BOUND('',#5307,.T.);
#5968=FACE_BOUND('',#5308,.T.);
#5969=FACE_BOUND('',#5309,.T.);
#5970=FACE_BOUND('',#5310,.T.);
#5971=FACE_BOUND('',#5311,.T.);
#5972=FACE_BOUND('',#5312,.T.);
#5973=FACE_BOUND('',#5313,.T.);
#5974=FACE_BOUND('',#5314,.T.);
#5975=FACE_BOUND('',#5315,.T.);
#5976=FACE_BOUND('',#5316,.T.);
#5977=FACE_BOUND('',#5317,.T.);
#5978=FACE_BOUND('',#5318,.T.);
#5979=FACE_BOUND('',#5319,.T.);
#5980=FACE_BOUND('',#5320,.T.);
#5981=FACE_BOUND('',#5321,.T.);
#5982=FACE_BOUND('',#5322,.T.);
#5983=FACE_BOUND('',#5323,.T.);
#5984=FACE_BOUND('',#5324,.T.);
#5985=FACE_BOUND('',#5325,.T.);
#5986=FACE_BOUND('',#5326,.T.);
#5987=FACE_BOUND('',#5327,.T.);
#5988=FACE_BOUND('',#5328,.T.);
#5989=FACE_BOUND('',#5329,.T.);
#5990=FACE_BOUND('',#5330,.T.);
#5991=FACE_BOUND('',#5331,.T.);
#5992=FACE_BOUND('',#5332,.T.);
#5993=FACE_BOUND('',#5333,.T.);
#5994=FACE_BOUND('',#5334,.T.);
#5995=FACE_BOUND('',#5335,.T.);
#5996=FACE_BOUND('',#5336,.T.);
#5997=FACE_BOUND('',#5337,.T.);
#5998=FACE_BOUND('',#5338,.T.);
#5999=FACE_BOUND('',#5339,.T.);
#6000=FACE_BOUND('',#5340,.T.);
#6001=FACE_BOUND('',#5341,.T.);
#6002=FACE_BOUND('',#5342,.T.);
#6003=FACE_BOUND('',#5343,.T.);
#6004=FACE_BOUND('',#5344,.T.);
#6005=FACE_BOUND('',#5345,.T.);
#6006=PLANE('',#6671);
#6007=PLANE('',#6672);
#6008=PLANE('',#6673);
#6009=PLANE('',#6674);
#6010=PLANE('',#6675);
#6011=PLANE('',#6676);
#6012=PLANE('',#6677);
#6013=PLANE('',#6678);
#6014=PLANE('',#6679);
#6015=PLANE('',#6680);
#6016=PLANE('',#6681);
#6017=PLANE('',#6682);
#6018=PLANE('',#6683);
#6019=PLANE('',#6684);
#6020=PLANE('',#6685);
#6021=PLANE('',#6686);
#6022=PLANE('',#6687);
#6023=PLANE('',#6688);
#6024=PLANE('',#6689);
#6025=PLANE('',#6690);
#6026=PLANE('',#6691);
#6027=PLANE('',#6692);
#6028=PLANE('',#6693);
#6029=PLANE('',#6694);
#6030=PLANE('',#6695);
#6031=PLANE('',#6696);
#6032=PLANE('',#6697);
#6033=PLANE('',#6698);
#6034=PLANE('',#6699);
#6035=PLANE('',#6700);
#6036=PLANE('',#6701);
#6037=PLANE('',#6702);
#6038=PLANE('',#6703);
#6039=PLANE('',#6704);
#6040=PLANE('',#6705);
#6041=PLANE('',#6706);
#6042=PLANE('',#6707);
#6043=PLANE('',#6708);
#6044=PLANE('',#6709);
#6045=PLANE('',#6710);
#6046=PLANE('',#6726);
#6047=PLANE('',#6731);
#6048=PLANE('',#6761);
#6049=PLANE('',#6762);
#6050=PLANE('',#6763);
#6051=PLANE('',#6764);
#6052=PLANE('',#6765);
#6053=PLANE('',#6766);
#6054=PLANE('',#6767);
#6055=PLANE('',#6768);
#6056=PLANE('',#6770);
#6057=PLANE('',#6771);
#6058=PLANE('',#6772);
#6059=PLANE('',#6773);
#6060=PLANE('',#6774);
#6061=PLANE('',#6775);
#6062=PLANE('',#6777);
#6063=PLANE('',#6778);
#6064=PLANE('',#6779);
#6065=PLANE('',#6780);
#6066=PLANE('',#6781);
#6067=PLANE('',#6782);
#6068=PLANE('',#6784);
#6069=PLANE('',#6785);
#6070=PLANE('',#6786);
#6071=PLANE('',#6787);
#6072=PLANE('',#6788);
#6073=PLANE('',#6789);
#6074=PLANE('',#6790);
#6075=PLANE('',#6791);
#6076=PLANE('',#6792);
#6077=PLANE('',#6793);
#6078=PLANE('',#6794);
#6079=PLANE('',#6795);
#6080=PLANE('',#6796);
#6081=PLANE('',#6797);
#6082=PLANE('',#6799);
#6083=PLANE('',#6800);
#6084=PLANE('',#6801);
#6085=PLANE('',#6802);
#6086=PLANE('',#6803);
#6087=PLANE('',#6804);
#6088=PLANE('',#6805);
#6089=PLANE('',#6806);
#6090=PLANE('',#6807);
#6091=PLANE('',#6808);
#6092=PLANE('',#6809);
#6093=PLANE('',#6810);
#6094=PLANE('',#6811);
#6095=PLANE('',#6812);
#6096=PLANE('',#6813);
#6097=PLANE('',#6814);
#6098=PLANE('',#6815);
#6099=PLANE('',#6816);
#6100=PLANE('',#6817);
#6101=PLANE('',#6818);
#6102=PLANE('',#6819);
#6103=PLANE('',#6820);
#6104=PLANE('',#6822);
#6105=PLANE('',#6823);
#6106=PLANE('',#6824);
#6107=PLANE('',#6825);
#6108=PLANE('',#6826);
#6109=PLANE('',#6827);
#6110=PLANE('',#6828);
#6111=PLANE('',#6829);
#6112=PLANE('',#6830);
#6113=PLANE('',#6831);
#6114=PLANE('',#6832);
#6115=PLANE('',#6833);
#6116=PLANE('',#6834);
#6117=PLANE('',#6835);
#6118=PLANE('',#6836);
#6119=PLANE('',#6837);
#6120=PLANE('',#6839);
#6121=PLANE('',#6840);
#6122=PLANE('',#6841);
#6123=PLANE('',#6842);
#6124=PLANE('',#6843);
#6125=PLANE('',#6844);
#6126=PLANE('',#6846);
#6127=PLANE('',#6847);
#6128=PLANE('',#6848);
#6129=PLANE('',#6849);
#6130=PLANE('',#6850);
#6131=PLANE('',#6851);
#6132=PLANE('',#6852);
#6133=PLANE('',#6853);
#6134=PLANE('',#6854);
#6135=PLANE('',#6855);
#6136=PLANE('',#6856);
#6137=PLANE('',#6857);
#6138=PLANE('',#6858);
#6139=PLANE('',#6859);
#6140=PLANE('',#6860);
#6141=PLANE('',#6861);
#6142=PLANE('',#6862);
#6143=PLANE('',#6863);
#6144=PLANE('',#6864);
#6145=PLANE('',#6865);
#6146=PLANE('',#6866);
#6147=PLANE('',#6867);
#6148=PLANE('',#6869);
#6149=PLANE('',#6870);
#6150=PLANE('',#6871);
#6151=PLANE('',#6872);
#6152=PLANE('',#6873);
#6153=PLANE('',#6874);
#6154=PLANE('',#6875);
#6155=PLANE('',#6876);
#6156=PLANE('',#6877);
#6157=PLANE('',#6878);
#6158=PLANE('',#6879);
#6159=PLANE('',#6880);
#6160=PLANE('',#6881);
#6161=PLANE('',#6882);
#6162=PLANE('',#6883);
#6163=PLANE('',#6884);
#6164=PLANE('',#6885);
#6165=PLANE('',#6886);
#6166=PLANE('',#6887);
#6167=PLANE('',#6888);
#6168=PLANE('',#6889);
#6169=PLANE('',#6890);
#6170=PLANE('',#6892);
#6171=PLANE('',#6893);
#6172=PLANE('',#6894);
#6173=PLANE('',#6907);
#6174=PLANE('',#6908);
#6175=PLANE('',#6913);
#6176=PLANE('',#6914);
#6177=PLANE('',#6915);
#6178=PLANE('',#6916);
#6179=PLANE('',#6917);
#6180=PLANE('',#6922);
#6181=PLANE('',#6927);
#6182=PLANE('',#6928);
#6183=PLANE('',#6929);
#6184=PLANE('',#6930);
#6185=PLANE('',#6931);
#6186=PLANE('',#6933);
#6187=PLANE('',#6934);
#6188=PLANE('',#6935);
#6189=PLANE('',#6936);
#6190=PLANE('',#7031);
#6191=PLANE('',#7126);
#6192=PLANE('',#7215);
#6193=PLANE('',#7217);
#6194=PLANE('',#7219);
#6195=PLANE('',#7221);
#6196=ADVANCED_FACE('',(#5346),#6006,.T.);
#6197=ADVANCED_FACE('',(#5347),#6007,.F.);
#6198=ADVANCED_FACE('',(#5348),#6008,.F.);
#6199=ADVANCED_FACE('',(#5349),#6009,.T.);
#6200=ADVANCED_FACE('',(#5350),#6010,.F.);
#6201=ADVANCED_FACE('',(#5351),#6011,.F.);
#6202=ADVANCED_FACE('',(#5352),#6012,.T.);
#6203=ADVANCED_FACE('',(#5353),#6013,.F.);
#6204=ADVANCED_FACE('',(#5354),#6014,.F.);
#6205=ADVANCED_FACE('',(#5355),#6015,.T.);
#6206=ADVANCED_FACE('',(#5356),#6016,.F.);
#6207=ADVANCED_FACE('',(#5357),#6017,.F.);
#6208=ADVANCED_FACE('',(#5358),#6018,.T.);
#6209=ADVANCED_FACE('',(#5359),#6019,.F.);
#6210=ADVANCED_FACE('',(#5360),#6020,.F.);
#6211=ADVANCED_FACE('',(#5361),#6021,.T.);
#6212=ADVANCED_FACE('',(#5362),#6022,.F.);
#6213=ADVANCED_FACE('',(#5363),#6023,.F.);
#6214=ADVANCED_FACE('',(#5364),#6024,.T.);
#6215=ADVANCED_FACE('',(#5365),#6025,.F.);
#6216=ADVANCED_FACE('',(#5366),#6026,.F.);
#6217=ADVANCED_FACE('',(#5367),#6027,.T.);
#6218=ADVANCED_FACE('',(#5368),#6028,.F.);
#6219=ADVANCED_FACE('',(#5369),#6029,.F.);
#6220=ADVANCED_FACE('',(#5370),#6030,.T.);
#6221=ADVANCED_FACE('',(#5371),#6031,.F.);
#6222=ADVANCED_FACE('',(#5372),#6032,.F.);
#6223=ADVANCED_FACE('',(#5373),#6033,.T.);
#6224=ADVANCED_FACE('',(#5374),#6034,.F.);
#6225=ADVANCED_FACE('',(#5375),#6035,.F.);
#6226=ADVANCED_FACE('',(#5376),#6036,.T.);
#6227=ADVANCED_FACE('',(#5377),#6037,.T.);
#6228=ADVANCED_FACE('',(#5378),#6038,.T.);
#6229=ADVANCED_FACE('',(#5379),#6039,.T.);
#6230=ADVANCED_FACE('',(#5380),#6040,.T.);
#6231=ADVANCED_FACE('',(#5381),#6041,.T.);
#6232=ADVANCED_FACE('',(#5382),#6042,.T.);
#6233=ADVANCED_FACE('',(#5383),#6043,.T.);
#6234=ADVANCED_FACE('',(#5384),#6044,.T.);
#6235=ADVANCED_FACE('',(#5385),#6045,.T.);
#6236=ADVANCED_FACE('',(#5386,#5387),#357,.F.);
#6237=ADVANCED_FACE('',(#5388,#5389),#358,.F.);
#6238=ADVANCED_FACE('',(#5390,#5391),#359,.F.);
#6239=ADVANCED_FACE('',(#5392,#5393),#360,.F.);
#6240=ADVANCED_FACE('',(#5394,#5395),#361,.F.);
#6241=ADVANCED_FACE('',(#5396,#5397,#5398,#5399,#5400,#5401,#5402,#5403,
#5404,#5405,#5406,#5407),#6046,.T.);
#6242=ADVANCED_FACE('',(#5408,#5409,#5410,#5411,#5412,#5413,#5414,#5415,
#5416,#5417,#5418,#5419,#5420,#5421,#5422,#5423),#6047,.F.);
#6243=ADVANCED_FACE('',(#5424),#362,.T.);
#6244=ADVANCED_FACE('',(#5425),#363,.T.);
#6245=ADVANCED_FACE('',(#5426),#364,.T.);
#6246=ADVANCED_FACE('',(#5427),#365,.T.);
#6247=ADVANCED_FACE('',(#5428),#366,.F.);
#6248=ADVANCED_FACE('',(#5429),#367,.F.);
#6249=ADVANCED_FACE('',(#5430),#368,.F.);
#6250=ADVANCED_FACE('',(#5431),#369,.F.);
#6251=ADVANCED_FACE('',(#5432),#59,.T.);
#6252=ADVANCED_FACE('',(#5433),#60,.T.);
#6253=ADVANCED_FACE('',(#5434),#61,.T.);
#6254=ADVANCED_FACE('',(#5435),#62,.T.);
#6255=ADVANCED_FACE('',(#5436),#11,.T.);
#6256=ADVANCED_FACE('',(#5437),#6048,.T.);
#6257=ADVANCED_FACE('',(#5438),#12,.T.);
#6258=ADVANCED_FACE('',(#5439),#13,.T.);
#6259=ADVANCED_FACE('',(#5440),#6049,.T.);
#6260=ADVANCED_FACE('',(#5441),#6050,.T.);
#6261=ADVANCED_FACE('',(#5442),#14,.T.);
#6262=ADVANCED_FACE('',(#5443),#15,.T.);
#6263=ADVANCED_FACE('',(#5444),#6051,.T.);
#6264=ADVANCED_FACE('',(#5445),#16,.T.);
#6265=ADVANCED_FACE('',(#5446),#17,.T.);
#6266=ADVANCED_FACE('',(#5447),#6052,.T.);
#6267=ADVANCED_FACE('',(#5448),#6053,.T.);
#6268=ADVANCED_FACE('',(#5449),#18,.T.);
#6269=ADVANCED_FACE('',(#5450),#6054,.T.);
#6270=ADVANCED_FACE('',(#5451),#6055,.F.);
#6271=ADVANCED_FACE('',(#5452),#6056,.T.);
#6272=ADVANCED_FACE('',(#5453),#6057,.T.);
#6273=ADVANCED_FACE('',(#5454),#6058,.T.);
#6274=ADVANCED_FACE('',(#5455),#6059,.T.);
#6275=ADVANCED_FACE('',(#5456),#6060,.T.);
#6276=ADVANCED_FACE('',(#5457),#6061,.F.);
#6277=ADVANCED_FACE('',(#5458),#6062,.T.);
#6278=ADVANCED_FACE('',(#5459),#6063,.T.);
#6279=ADVANCED_FACE('',(#5460),#6064,.T.);
#6280=ADVANCED_FACE('',(#5461),#6065,.T.);
#6281=ADVANCED_FACE('',(#5462),#6066,.T.);
#6282=ADVANCED_FACE('',(#5463),#6067,.F.);
#6283=ADVANCED_FACE('',(#5464),#6068,.T.);
#6284=ADVANCED_FACE('',(#5465),#6069,.T.);
#6285=ADVANCED_FACE('',(#5466),#19,.T.);
#6286=ADVANCED_FACE('',(#5467),#20,.T.);
#6287=ADVANCED_FACE('',(#5468),#6070,.T.);
#6288=ADVANCED_FACE('',(#5469),#21,.T.);
#6289=ADVANCED_FACE('',(#5470),#22,.T.);
#6290=ADVANCED_FACE('',(#5471),#23,.T.);
#6291=ADVANCED_FACE('',(#5472),#6071,.T.);
#6292=ADVANCED_FACE('',(#5473),#6072,.T.);
#6293=ADVANCED_FACE('',(#5474),#6073,.T.);
#6294=ADVANCED_FACE('',(#5475),#6074,.T.);
#6295=ADVANCED_FACE('',(#5476),#6075,.T.);
#6296=ADVANCED_FACE('',(#5477),#6076,.T.);
#6297=ADVANCED_FACE('',(#5478),#6077,.T.);
#6298=ADVANCED_FACE('',(#5479),#24,.T.);
#6299=ADVANCED_FACE('',(#5480),#25,.T.);
#6300=ADVANCED_FACE('',(#5481),#6078,.T.);
#6301=ADVANCED_FACE('',(#5482),#26,.T.);
#6302=ADVANCED_FACE('',(#5483),#6079,.T.);
#6303=ADVANCED_FACE('',(#5484,#5485),#6080,.T.);
#6304=ADVANCED_FACE('',(#5486,#5487),#6081,.F.);
#6305=ADVANCED_FACE('',(#5488),#6082,.T.);
#6306=ADVANCED_FACE('',(#5489),#6083,.T.);
#6307=ADVANCED_FACE('',(#5490),#6084,.T.);
#6308=ADVANCED_FACE('',(#5491),#6085,.T.);
#6309=ADVANCED_FACE('',(#5492),#6086,.T.);
#6310=ADVANCED_FACE('',(#5493),#6087,.T.);
#6311=ADVANCED_FACE('',(#5494),#6088,.T.);
#6312=ADVANCED_FACE('',(#5495),#6089,.T.);
#6313=ADVANCED_FACE('',(#5496),#6090,.T.);
#6314=ADVANCED_FACE('',(#5497),#6091,.T.);
#6315=ADVANCED_FACE('',(#5498),#6092,.T.);
#6316=ADVANCED_FACE('',(#5499),#6093,.T.);
#6317=ADVANCED_FACE('',(#5500),#6094,.T.);
#6318=ADVANCED_FACE('',(#5501),#6095,.T.);
#6319=ADVANCED_FACE('',(#5502),#6096,.T.);
#6320=ADVANCED_FACE('',(#5503),#6097,.T.);
#6321=ADVANCED_FACE('',(#5504),#6098,.T.);
#6322=ADVANCED_FACE('',(#5505),#6099,.T.);
#6323=ADVANCED_FACE('',(#5506),#6100,.T.);
#6324=ADVANCED_FACE('',(#5507),#6101,.T.);
#6325=ADVANCED_FACE('',(#5508,#5509),#6102,.T.);
#6326=ADVANCED_FACE('',(#5510,#5511),#6103,.F.);
#6327=ADVANCED_FACE('',(#5512),#6104,.T.);
#6328=ADVANCED_FACE('',(#5513),#6105,.T.);
#6329=ADVANCED_FACE('',(#5514),#6106,.T.);
#6330=ADVANCED_FACE('',(#5515),#27,.T.);
#6331=ADVANCED_FACE('',(#5516),#28,.T.);
#6332=ADVANCED_FACE('',(#5517),#29,.T.);
#6333=ADVANCED_FACE('',(#5518),#30,.T.);
#6334=ADVANCED_FACE('',(#5519),#6107,.T.);
#6335=ADVANCED_FACE('',(#5520),#6108,.T.);
#6336=ADVANCED_FACE('',(#5521),#6109,.T.);
#6337=ADVANCED_FACE('',(#5522),#6110,.T.);
#6338=ADVANCED_FACE('',(#5523),#6111,.T.);
#6339=ADVANCED_FACE('',(#5524),#6112,.T.);
#6340=ADVANCED_FACE('',(#5525),#6113,.T.);
#6341=ADVANCED_FACE('',(#5526),#6114,.T.);
#6342=ADVANCED_FACE('',(#5527),#6115,.T.);
#6343=ADVANCED_FACE('',(#5528),#6116,.T.);
#6344=ADVANCED_FACE('',(#5529),#6117,.T.);
#6345=ADVANCED_FACE('',(#5530),#31,.T.);
#6346=ADVANCED_FACE('',(#5531),#32,.T.);
#6347=ADVANCED_FACE('',(#5532),#33,.T.);
#6348=ADVANCED_FACE('',(#5533),#34,.T.);
#6349=ADVANCED_FACE('',(#5534,#5535),#6118,.T.);
#6350=ADVANCED_FACE('',(#5536,#5537),#6119,.F.);
#6351=ADVANCED_FACE('',(#5538),#6120,.T.);
#6352=ADVANCED_FACE('',(#5539),#6121,.T.);
#6353=ADVANCED_FACE('',(#5540),#6122,.T.);
#6354=ADVANCED_FACE('',(#5541),#6123,.T.);
#6355=ADVANCED_FACE('',(#5542),#6124,.T.);
#6356=ADVANCED_FACE('',(#5543),#6125,.F.);
#6357=ADVANCED_FACE('',(#5544),#6126,.T.);
#6358=ADVANCED_FACE('',(#5545),#6127,.T.);
#6359=ADVANCED_FACE('',(#5546),#6128,.T.);
#6360=ADVANCED_FACE('',(#5547),#6129,.T.);
#6361=ADVANCED_FACE('',(#5548),#6130,.T.);
#6362=ADVANCED_FACE('',(#5549),#6131,.T.);
#6363=ADVANCED_FACE('',(#5550),#6132,.T.);
#6364=ADVANCED_FACE('',(#5551),#6133,.T.);
#6365=ADVANCED_FACE('',(#5552),#6134,.T.);
#6366=ADVANCED_FACE('',(#5553),#6135,.T.);
#6367=ADVANCED_FACE('',(#5554),#6136,.T.);
#6368=ADVANCED_FACE('',(#5555),#6137,.T.);
#6369=ADVANCED_FACE('',(#5556),#6138,.T.);
#6370=ADVANCED_FACE('',(#5557),#6139,.T.);
#6371=ADVANCED_FACE('',(#5558),#6140,.T.);
#6372=ADVANCED_FACE('',(#5559),#6141,.T.);
#6373=ADVANCED_FACE('',(#5560),#6142,.T.);
#6374=ADVANCED_FACE('',(#5561),#6143,.T.);
#6375=ADVANCED_FACE('',(#5562),#6144,.T.);
#6376=ADVANCED_FACE('',(#5563),#6145,.T.);
#6377=ADVANCED_FACE('',(#5564),#6146,.T.);
#6378=ADVANCED_FACE('',(#5565),#6147,.F.);
#6379=ADVANCED_FACE('',(#5566),#6148,.T.);
#6380=ADVANCED_FACE('',(#5567),#6149,.T.);
#6381=ADVANCED_FACE('',(#5568),#6150,.T.);
#6382=ADVANCED_FACE('',(#5569),#6151,.T.);
#6383=ADVANCED_FACE('',(#5570),#6152,.T.);
#6384=ADVANCED_FACE('',(#5571),#6153,.T.);
#6385=ADVANCED_FACE('',(#5572),#6154,.T.);
#6386=ADVANCED_FACE('',(#5573),#6155,.T.);
#6387=ADVANCED_FACE('',(#5574),#6156,.T.);
#6388=ADVANCED_FACE('',(#5575),#6157,.T.);
#6389=ADVANCED_FACE('',(#5576),#6158,.T.);
#6390=ADVANCED_FACE('',(#5577),#6159,.T.);
#6391=ADVANCED_FACE('',(#5578),#6160,.T.);
#6392=ADVANCED_FACE('',(#5579),#6161,.T.);
#6393=ADVANCED_FACE('',(#5580),#6162,.T.);
#6394=ADVANCED_FACE('',(#5581),#6163,.T.);
#6395=ADVANCED_FACE('',(#5582),#6164,.T.);
#6396=ADVANCED_FACE('',(#5583),#6165,.T.);
#6397=ADVANCED_FACE('',(#5584),#6166,.T.);
#6398=ADVANCED_FACE('',(#5585),#6167,.T.);
#6399=ADVANCED_FACE('',(#5586,#5587),#6168,.T.);
#6400=ADVANCED_FACE('',(#5588,#5589),#6169,.F.);
#6401=ADVANCED_FACE('',(#5590,#5591),#6170,.F.);
#6402=ADVANCED_FACE('',(#5592),#6171,.T.);
#6403=ADVANCED_FACE('',(#5593),#6172,.F.);
#6404=ADVANCED_FACE('',(#5594,#5595),#370,.F.);
#6405=ADVANCED_FACE('',(#5596,#5597),#371,.F.);
#6406=ADVANCED_FACE('',(#5598,#5599),#372,.F.);
#6407=ADVANCED_FACE('',(#5600,#5601),#373,.F.);
#6408=ADVANCED_FACE('',(#5602),#6173,.T.);
#6409=ADVANCED_FACE('',(#5603,#5604,#5605,#5606,#5607),#6174,.F.);
#6410=ADVANCED_FACE('',(#5608),#6175,.T.);
#6411=ADVANCED_FACE('',(#5609),#6176,.F.);
#6412=ADVANCED_FACE('',(#5610),#6177,.F.);
#6413=ADVANCED_FACE('',(#5611),#6178,.T.);
#6414=ADVANCED_FACE('',(#5612,#5613,#5614,#5615,#5616,#5617),#6179,.T.);
#6415=ADVANCED_FACE('',(#5618),#6180,.T.);
#6416=ADVANCED_FACE('',(#5619),#374,.T.);
#6417=ADVANCED_FACE('',(#5620),#375,.T.);
#6418=ADVANCED_FACE('',(#5621),#376,.T.);
#6419=ADVANCED_FACE('',(#5622),#377,.T.);
#6420=ADVANCED_FACE('',(#5623),#6181,.T.);
#6421=ADVANCED_FACE('',(#5624),#6182,.F.);
#6422=ADVANCED_FACE('',(#5625),#6183,.F.);
#6423=ADVANCED_FACE('',(#5626),#6184,.T.);
#6424=ADVANCED_FACE('',(#5627),#6185,.T.);
#6425=ADVANCED_FACE('',(#5628),#6186,.T.);
#6426=ADVANCED_FACE('',(#5629),#6187,.T.);
#6427=ADVANCED_FACE('',(#5630),#6188,.T.);
#6428=ADVANCED_FACE('',(#5631,#5632,#5633,#5634,#5635,#5636,#5637,#5638,
#5639,#5640,#5641,#5642,#5643,#5644,#5645,#5646,#5647,#5648,#5649,#5650,
#5651,#5652,#5653,#5654,#5655,#5656,#5657,#5658,#5659,#5660,#5661,#5662,
#5663,#5664,#5665,#5666,#5667,#5668,#5669,#5670,#5671,#5672,#5673,#5674,
#5675,#5676,#5677,#5678,#5679,#5680,#5681,#5682,#5683,#5684,#5685,#5686,
#5687,#5688,#5689,#5690,#5691,#5692,#5693,#5694,#5695,#5696,#5697,#5698,
#5699,#5700,#5701,#5702,#5703,#5704,#5705,#5706,#5707,#5708,#5709,#5710,
#5711,#5712,#5713,#5714,#5715,#5716,#5717,#5718,#5719,#5720,#5721,#5722,
#5723),#6189,.F.);
#6429=ADVANCED_FACE('',(#5724,#5725,#5726,#5727,#5728,#5729,#5730,#5731,
#5732,#5733,#5734,#5735,#5736,#5737,#5738,#5739,#5740,#5741,#5742,#5743,
#5744,#5745,#5746,#5747,#5748,#5749,#5750,#5751,#5752,#5753,#5754,#5755,
#5756,#5757,#5758,#5759,#5760,#5761,#5762,#5763,#5764,#5765,#5766,#5767,
#5768,#5769,#5770,#5771,#5772,#5773,#5774,#5775,#5776,#5777,#5778,#5779,
#5780,#5781,#5782,#5783,#5784,#5785,#5786,#5787,#5788,#5789,#5790,#5791,
#5792,#5793,#5794,#5795,#5796,#5797,#5798,#5799,#5800,#5801,#5802,#5803,
#5804,#5805,#5806,#5807,#5808,#5809,#5810,#5811,#5812,#5813,#5814,#5815,
#5816),#6190,.T.);
#6430=ADVANCED_FACE('',(#5817),#6191,.T.);
#6431=ADVANCED_FACE('',(#5818,#5819),#378,.F.);
#6432=ADVANCED_FACE('',(#5820,#5821),#379,.F.);
#6433=ADVANCED_FACE('',(#5822,#5823),#380,.F.);
#6434=ADVANCED_FACE('',(#5824,#5825),#381,.F.);
#6435=ADVANCED_FACE('',(#5826,#5827),#382,.F.);
#6436=ADVANCED_FACE('',(#5828,#5829),#383,.F.);
#6437=ADVANCED_FACE('',(#5830,#5831),#384,.F.);
#6438=ADVANCED_FACE('',(#5832,#5833),#385,.F.);
#6439=ADVANCED_FACE('',(#5834,#5835),#386,.F.);
#6440=ADVANCED_FACE('',(#5836,#5837),#387,.F.);
#6441=ADVANCED_FACE('',(#5838,#5839),#388,.F.);
#6442=ADVANCED_FACE('',(#5840,#5841),#389,.F.);
#6443=ADVANCED_FACE('',(#5842,#5843),#390,.F.);
#6444=ADVANCED_FACE('',(#5844,#5845),#391,.F.);
#6445=ADVANCED_FACE('',(#5846,#5847),#392,.F.);
#6446=ADVANCED_FACE('',(#5848,#5849),#393,.F.);
#6447=ADVANCED_FACE('',(#5850,#5851),#394,.F.);
#6448=ADVANCED_FACE('',(#5852,#5853),#395,.F.);
#6449=ADVANCED_FACE('',(#5854,#5855),#396,.F.);
#6450=ADVANCED_FACE('',(#5856,#5857),#397,.F.);
#6451=ADVANCED_FACE('',(#5858,#5859),#398,.F.);
#6452=ADVANCED_FACE('',(#5860,#5861),#399,.F.);
#6453=ADVANCED_FACE('',(#5862,#5863),#400,.F.);
#6454=ADVANCED_FACE('',(#5864,#5865),#401,.F.);
#6455=ADVANCED_FACE('',(#5866,#5867),#402,.F.);
#6456=ADVANCED_FACE('',(#5868,#5869),#403,.F.);
#6457=ADVANCED_FACE('',(#5870,#5871),#404,.F.);
#6458=ADVANCED_FACE('',(#5872,#5873),#405,.F.);
#6459=ADVANCED_FACE('',(#5874,#5875),#406,.F.);
#6460=ADVANCED_FACE('',(#5876,#5877),#407,.F.);
#6461=ADVANCED_FACE('',(#5878,#5879),#408,.F.);
#6462=ADVANCED_FACE('',(#5880,#5881),#409,.F.);
#6463=ADVANCED_FACE('',(#5882,#5883),#410,.F.);
#6464=ADVANCED_FACE('',(#5884,#5885),#411,.F.);
#6465=ADVANCED_FACE('',(#5886,#5887),#412,.F.);
#6466=ADVANCED_FACE('',(#5888,#5889),#413,.F.);
#6467=ADVANCED_FACE('',(#5890,#5891),#414,.F.);
#6468=ADVANCED_FACE('',(#5892,#5893),#415,.F.);
#6469=ADVANCED_FACE('',(#5894,#5895),#416,.F.);
#6470=ADVANCED_FACE('',(#5896,#5897),#417,.F.);
#6471=ADVANCED_FACE('',(#5898,#5899),#418,.F.);
#6472=ADVANCED_FACE('',(#5900,#5901),#419,.F.);
#6473=ADVANCED_FACE('',(#5902,#5903),#420,.F.);
#6474=ADVANCED_FACE('',(#5904,#5905),#421,.F.);
#6475=ADVANCED_FACE('',(#5906,#5907),#422,.F.);
#6476=ADVANCED_FACE('',(#5908,#5909),#423,.F.);
#6477=ADVANCED_FACE('',(#5910,#5911),#424,.F.);
#6478=ADVANCED_FACE('',(#5912,#5913),#425,.F.);
#6479=ADVANCED_FACE('',(#5914,#5915),#426,.F.);
#6480=ADVANCED_FACE('',(#5916,#5917),#427,.F.);
#6481=ADVANCED_FACE('',(#5918,#5919),#428,.F.);
#6482=ADVANCED_FACE('',(#5920,#5921),#429,.F.);
#6483=ADVANCED_FACE('',(#5922,#5923),#430,.F.);
#6484=ADVANCED_FACE('',(#5924,#5925),#431,.F.);
#6485=ADVANCED_FACE('',(#5926,#5927),#432,.F.);
#6486=ADVANCED_FACE('',(#5928,#5929),#433,.F.);
#6487=ADVANCED_FACE('',(#5930,#5931),#434,.F.);
#6488=ADVANCED_FACE('',(#5932,#5933),#435,.F.);
#6489=ADVANCED_FACE('',(#5934,#5935),#436,.F.);
#6490=ADVANCED_FACE('',(#5936,#5937),#437,.F.);
#6491=ADVANCED_FACE('',(#5938,#5939),#438,.F.);
#6492=ADVANCED_FACE('',(#5940,#5941),#439,.F.);
#6493=ADVANCED_FACE('',(#5942,#5943),#440,.F.);
#6494=ADVANCED_FACE('',(#5944,#5945),#441,.F.);
#6495=ADVANCED_FACE('',(#5946,#5947),#442,.F.);
#6496=ADVANCED_FACE('',(#5948,#5949),#443,.F.);
#6497=ADVANCED_FACE('',(#5950,#5951),#444,.F.);
#6498=ADVANCED_FACE('',(#5952,#5953),#445,.F.);
#6499=ADVANCED_FACE('',(#5954,#5955),#446,.F.);
#6500=ADVANCED_FACE('',(#5956,#5957),#447,.F.);
#6501=ADVANCED_FACE('',(#5958,#5959),#448,.F.);
#6502=ADVANCED_FACE('',(#5960,#5961),#449,.F.);
#6503=ADVANCED_FACE('',(#5962,#5963),#450,.F.);
#6504=ADVANCED_FACE('',(#5964,#5965),#451,.F.);
#6505=ADVANCED_FACE('',(#5966,#5967),#452,.F.);
#6506=ADVANCED_FACE('',(#5968,#5969),#453,.F.);
#6507=ADVANCED_FACE('',(#5970,#5971),#454,.F.);
#6508=ADVANCED_FACE('',(#5972,#5973),#455,.F.);
#6509=ADVANCED_FACE('',(#5974,#5975),#456,.F.);
#6510=ADVANCED_FACE('',(#5976,#5977),#457,.F.);
#6511=ADVANCED_FACE('',(#5978,#5979),#458,.F.);
#6512=ADVANCED_FACE('',(#5980,#5981),#459,.F.);
#6513=ADVANCED_FACE('',(#5982,#5983),#460,.F.);
#6514=ADVANCED_FACE('',(#5984,#5985),#461,.F.);
#6515=ADVANCED_FACE('',(#5986,#5987),#462,.F.);
#6516=ADVANCED_FACE('',(#5988,#5989),#463,.F.);
#6517=ADVANCED_FACE('',(#5990,#5991),#464,.F.);
#6518=ADVANCED_FACE('',(#5992),#465,.F.);
#6519=ADVANCED_FACE('',(#5993),#6192,.T.);
#6520=ADVANCED_FACE('',(#5994),#466,.F.);
#6521=ADVANCED_FACE('',(#5995),#6193,.T.);
#6522=ADVANCED_FACE('',(#5996),#467,.F.);
#6523=ADVANCED_FACE('',(#5997),#6194,.T.);
#6524=ADVANCED_FACE('',(#5998),#468,.F.);
#6525=ADVANCED_FACE('',(#5999),#6195,.T.);
#6526=ADVANCED_FACE('',(#6000,#6001),#469,.F.);
#6527=ADVANCED_FACE('',(#6002,#6003),#470,.F.);
#6528=ADVANCED_FACE('',(#6004,#6005),#471,.F.);
#6529=CLOSED_SHELL('',(#6196,#6197,#6198,#6199,#6200,#6201,#6202,#6203,
#6204,#6205,#6206,#6207,#6208,#6209,#6210,#6211,#6212,#6213,#6214,#6215,
#6216,#6217,#6218,#6219,#6220,#6221,#6222,#6223,#6224,#6225,#6226,#6227,
#6228,#6229,#6230,#6231,#6232,#6233,#6234,#6235,#6236,#6237,#6238,#6239,
#6240,#6241,#6242,#6243,#6244,#6245,#6246,#6247,#6248,#6249,#6250,#6251,
#6252,#6253,#6254));
#6530=CLOSED_SHELL('',(#6255,#6256,#6257,#6258,#6259,#6260,#6261,#6262,
#6263,#6264,#6265,#6266,#6267,#6268,#6269,#6270));
#6531=CLOSED_SHELL('',(#6271,#6272,#6273,#6274,#6275,#6276));
#6532=CLOSED_SHELL('',(#6277,#6278,#6279,#6280,#6281,#6282));
#6533=CLOSED_SHELL('',(#6283,#6284,#6285,#6286,#6287,#6288,#6289,#6290,
#6291,#6292,#6293,#6294,#6295,#6296,#6297,#6298,#6299,#6300,#6301,#6302,
#6303,#6304));
#6534=CLOSED_SHELL('',(#6305,#6306,#6307,#6308,#6309,#6310,#6311,#6312,
#6313,#6314,#6315,#6316,#6317,#6318,#6319,#6320,#6321,#6322,#6323,#6324,
#6325,#6326));
#6535=CLOSED_SHELL('',(#6327,#6328,#6329,#6330,#6331,#6332,#6333,#6334,
#6335,#6336,#6337,#6338,#6339,#6340,#6341,#6342,#6343,#6344,#6345,#6346,
#6347,#6348,#6349,#6350));
#6536=CLOSED_SHELL('',(#6351,#6352,#6353,#6354,#6355,#6356));
#6537=CLOSED_SHELL('',(#6357,#6358,#6359,#6360,#6361,#6362,#6363,#6364,
#6365,#6366,#6367,#6368,#6369,#6370,#6371,#6372,#6373,#6374,#6375,#6376,
#6377,#6378));
#6538=CLOSED_SHELL('',(#6379,#6380,#6381,#6382,#6383,#6384,#6385,#6386,
#6387,#6388,#6389,#6390,#6391,#6392,#6393,#6394,#6395,#6396,#6397,#6398,
#6399,#6400));
#6539=CLOSED_SHELL('',(#6401,#6402,#6403,#6404,#6405,#6406,#6407,#6408,
#6409,#6410,#6411,#6412,#6413,#6414,#6415,#6416,#6417,#6418,#6419,#6420,
#6421,#6422,#6423,#6424));
#6540=CLOSED_SHELL('',(#6425,#6426,#6427,#6428,#6429,#6430,#6431,#6432,
#6433,#6434,#6435,#6436,#6437,#6438,#6439,#6440,#6441,#6442,#6443,#6444,
#6445,#6446,#6447,#6448,#6449,#6450,#6451,#6452,#6453,#6454,#6455,#6456,
#6457,#6458,#6459,#6460,#6461,#6462,#6463,#6464,#6465,#6466,#6467,#6468,
#6469,#6470,#6471,#6472,#6473,#6474,#6475,#6476,#6477,#6478,#6479,#6480,
#6481,#6482,#6483,#6484,#6485,#6486,#6487,#6488,#6489,#6490,#6491,#6492,
#6493,#6494,#6495,#6496,#6497,#6498,#6499,#6500,#6501,#6502,#6503,#6504,
#6505,#6506,#6507,#6508,#6509,#6510,#6511,#6512,#6513,#6514,#6515,#6516,
#6517,#6518,#6519,#6520,#6521,#6522,#6523,#6524,#6525,#6526,#6527,#6528));
#6541=STYLED_ITEM('',(#6553),#6634);
#6542=STYLED_ITEM('',(#6554),#6635);
#6543=STYLED_ITEM('',(#6555),#6636);
#6544=STYLED_ITEM('',(#6556),#6637);
#6545=STYLED_ITEM('',(#6557),#6638);
#6546=STYLED_ITEM('',(#6558),#6639);
#6547=STYLED_ITEM('',(#6559),#6640);
#6548=STYLED_ITEM('',(#6560),#6641);
#6549=STYLED_ITEM('',(#6561),#6642);
#6550=STYLED_ITEM('',(#6562),#6643);
#6551=STYLED_ITEM('',(#6563),#6644);
#6552=STYLED_ITEM('',(#6564),#6645);
#6553=PRESENTATION_STYLE_ASSIGNMENT((#6565));
#6554=PRESENTATION_STYLE_ASSIGNMENT((#6566));
#6555=PRESENTATION_STYLE_ASSIGNMENT((#6567));
#6556=PRESENTATION_STYLE_ASSIGNMENT((#6568));
#6557=PRESENTATION_STYLE_ASSIGNMENT((#6569));
#6558=PRESENTATION_STYLE_ASSIGNMENT((#6570));
#6559=PRESENTATION_STYLE_ASSIGNMENT((#6571));
#6560=PRESENTATION_STYLE_ASSIGNMENT((#6572));
#6561=PRESENTATION_STYLE_ASSIGNMENT((#6573));
#6562=PRESENTATION_STYLE_ASSIGNMENT((#6574));
#6563=PRESENTATION_STYLE_ASSIGNMENT((#6575));
#6564=PRESENTATION_STYLE_ASSIGNMENT((#6576));
#6565=SURFACE_STYLE_USAGE(.BOTH.,#6577);
#6566=SURFACE_STYLE_USAGE(.BOTH.,#6578);
#6567=SURFACE_STYLE_USAGE(.BOTH.,#6579);
#6568=SURFACE_STYLE_USAGE(.BOTH.,#6580);
#6569=SURFACE_STYLE_USAGE(.BOTH.,#6581);
#6570=SURFACE_STYLE_USAGE(.BOTH.,#6582);
#6571=SURFACE_STYLE_USAGE(.BOTH.,#6583);
#6572=SURFACE_STYLE_USAGE(.BOTH.,#6584);
#6573=SURFACE_STYLE_USAGE(.BOTH.,#6585);
#6574=SURFACE_STYLE_USAGE(.BOTH.,#6586);
#6575=SURFACE_STYLE_USAGE(.BOTH.,#6587);
#6576=SURFACE_STYLE_USAGE(.BOTH.,#6588);
#6577=SURFACE_SIDE_STYLE('',(#6589));
#6578=SURFACE_SIDE_STYLE('',(#6590));
#6579=SURFACE_SIDE_STYLE('',(#6591));
#6580=SURFACE_SIDE_STYLE('',(#6592));
#6581=SURFACE_SIDE_STYLE('',(#6593));
#6582=SURFACE_SIDE_STYLE('',(#6594));
#6583=SURFACE_SIDE_STYLE('',(#6595));
#6584=SURFACE_SIDE_STYLE('',(#6596));
#6585=SURFACE_SIDE_STYLE('',(#6597));
#6586=SURFACE_SIDE_STYLE('',(#6598));
#6587=SURFACE_SIDE_STYLE('',(#6599));
#6588=SURFACE_SIDE_STYLE('',(#6600));
#6589=SURFACE_STYLE_FILL_AREA(#6601);
#6590=SURFACE_STYLE_FILL_AREA(#6602);
#6591=SURFACE_STYLE_FILL_AREA(#6603);
#6592=SURFACE_STYLE_FILL_AREA(#6604);
#6593=SURFACE_STYLE_FILL_AREA(#6605);
#6594=SURFACE_STYLE_FILL_AREA(#6606);
#6595=SURFACE_STYLE_FILL_AREA(#6607);
#6596=SURFACE_STYLE_FILL_AREA(#6608);
#6597=SURFACE_STYLE_FILL_AREA(#6609);
#6598=SURFACE_STYLE_FILL_AREA(#6610);
#6599=SURFACE_STYLE_FILL_AREA(#6611);
#6600=SURFACE_STYLE_FILL_AREA(#6612);
#6601=FILL_AREA_STYLE('',(#6613));
#6602=FILL_AREA_STYLE('',(#6614));
#6603=FILL_AREA_STYLE('',(#6615));
#6604=FILL_AREA_STYLE('',(#6616));
#6605=FILL_AREA_STYLE('',(#6617));
#6606=FILL_AREA_STYLE('',(#6618));
#6607=FILL_AREA_STYLE('',(#6619));
#6608=FILL_AREA_STYLE('',(#6620));
#6609=FILL_AREA_STYLE('',(#6621));
#6610=FILL_AREA_STYLE('',(#6622));
#6611=FILL_AREA_STYLE('',(#6623));
#6612=FILL_AREA_STYLE('',(#6624));
#6613=FILL_AREA_STYLE_COLOUR('',#6625);
#6614=FILL_AREA_STYLE_COLOUR('',#6625);
#6615=FILL_AREA_STYLE_COLOUR('',#6626);
#6616=FILL_AREA_STYLE_COLOUR('',#6627);
#6617=FILL_AREA_STYLE_COLOUR('',#6628);
#6618=FILL_AREA_STYLE_COLOUR('',#6629);
#6619=FILL_AREA_STYLE_COLOUR('',#6630);
#6620=FILL_AREA_STYLE_COLOUR('',#6631);
#6621=FILL_AREA_STYLE_COLOUR('',#6632);
#6622=FILL_AREA_STYLE_COLOUR('',#6625);
#6623=FILL_AREA_STYLE_COLOUR('',#10);
#6624=FILL_AREA_STYLE_COLOUR('',#6633);
#6625=COLOUR_RGB('',0.972549019607843,0.529411764705882,0.00392156862745098);
#6626=COLOUR_RGB('',0.768627450980392,0.886274509803922,0.952941176470588);
#6627=COLOUR_RGB('',0.917647058823529,0.917647058823529,0.917647058823529);
#6628=COLOUR_RGB('',0.231372549019608,0.380392156862745,0.705882352941177);
#6629=COLOUR_RGB('',0.647058823529412,0.647058823529412,0.647058823529412);
#6630=COLOUR_RGB('',0.615686274509804,0.811764705882353,0.929411764705882);
#6631=COLOUR_RGB('',0.980392156862745,0.713725490196078,0.00392156862745098);
#6632=COLOUR_RGB('',0.498039215686275,0.498039215686275,0.498039215686275);
#6633=COLOUR_RGB('',0.313725490196078,0.486274509803922,0.411764705882353);
#6634=MANIFOLD_SOLID_BREP('Part 203',#6529);
#6635=MANIFOLD_SOLID_BREP('Part 212',#6530);
#6636=MANIFOLD_SOLID_BREP('Part 211',#6531);
#6637=MANIFOLD_SOLID_BREP('Part 210',#6532);
#6638=MANIFOLD_SOLID_BREP('Part 209',#6533);
#6639=MANIFOLD_SOLID_BREP('Part 208',#6534);
#6640=MANIFOLD_SOLID_BREP('Part 207',#6535);
#6641=MANIFOLD_SOLID_BREP('Part 206',#6536);
#6642=MANIFOLD_SOLID_BREP('Part 205',#6537);
#6643=MANIFOLD_SOLID_BREP('Part 204',#6538);
#6644=MANIFOLD_SOLID_BREP('Part 202',#6539);
#6645=MANIFOLD_SOLID_BREP(
'AfterEffectsMacropad-unsaved-export-KeuIc4_PCB',#6540);
#6646=SHAPE_DEFINITION_REPRESENTATION(#11060,#6658);
#6647=SHAPE_DEFINITION_REPRESENTATION(#11061,#6659);
#6648=SHAPE_DEFINITION_REPRESENTATION(#11062,#6660);
#6649=SHAPE_DEFINITION_REPRESENTATION(#11063,#6661);
#6650=SHAPE_DEFINITION_REPRESENTATION(#11064,#6662);
#6651=SHAPE_DEFINITION_REPRESENTATION(#11065,#6663);
#6652=SHAPE_DEFINITION_REPRESENTATION(#11066,#6664);
#6653=SHAPE_DEFINITION_REPRESENTATION(#11067,#6665);
#6654=SHAPE_DEFINITION_REPRESENTATION(#11068,#6666);
#6655=SHAPE_DEFINITION_REPRESENTATION(#11069,#6667);
#6656=SHAPE_DEFINITION_REPRESENTATION(#11070,#6668);
#6657=SHAPE_DEFINITION_REPRESENTATION(#11071,#6669);
#6658=SHAPE_REPRESENTATION('Part 203',(#6670),#11000);
#6659=SHAPE_REPRESENTATION('Part 212',(#6760),#11001);
#6660=SHAPE_REPRESENTATION('Part 211',(#6769),#11002);
#6661=SHAPE_REPRESENTATION('Part 210',(#6776),#11003);
#6662=SHAPE_REPRESENTATION('Part 209',(#6783),#11004);
#6663=SHAPE_REPRESENTATION('Part 208',(#6798),#11005);
#6664=SHAPE_REPRESENTATION('Part 207',(#6821),#11006);
#6665=SHAPE_REPRESENTATION('Part 206',(#6838),#11007);
#6666=SHAPE_REPRESENTATION('Part 205',(#6845),#11008);
#6667=SHAPE_REPRESENTATION('Part 204',(#6868),#11009);
#6668=SHAPE_REPRESENTATION('Part 202',(#6891),#11010);
#6669=SHAPE_REPRESENTATION(
'AfterEffectsMacropad-unsaved-export-KeuIc4_PCB',(#6932),#11011);
#6670=AXIS2_PLACEMENT_3D('',#8877,#7225,#7226);
#6671=AXIS2_PLACEMENT_3D('',#8878,#7227,#7228);
#6672=AXIS2_PLACEMENT_3D('',#8887,#7233,#7234);
#6673=AXIS2_PLACEMENT_3D('',#8896,#7239,#7240);
#6674=AXIS2_PLACEMENT_3D('',#8905,#7245,#7246);
#6675=AXIS2_PLACEMENT_3D('',#8914,#7251,#7252);
#6676=AXIS2_PLACEMENT_3D('',#8920,#7256,#7257);
#6677=AXIS2_PLACEMENT_3D('',#8926,#7261,#7262);
#6678=AXIS2_PLACEMENT_3D('',#8935,#7267,#7268);
#6679=AXIS2_PLACEMENT_3D('',#8941,#7272,#7273);
#6680=AXIS2_PLACEMENT_3D('',#8947,#7277,#7278);
#6681=AXIS2_PLACEMENT_3D('',#8956,#7283,#7284);
#6682=AXIS2_PLACEMENT_3D('',#8962,#7288,#7289);
#6683=AXIS2_PLACEMENT_3D('',#8968,#7293,#7294);
#6684=AXIS2_PLACEMENT_3D('',#8977,#7299,#7300);
#6685=AXIS2_PLACEMENT_3D('',#8983,#7304,#7305);
#6686=AXIS2_PLACEMENT_3D('',#8989,#7309,#7310);
#6687=AXIS2_PLACEMENT_3D('',#8998,#7315,#7316);
#6688=AXIS2_PLACEMENT_3D('',#9004,#7320,#7321);
#6689=AXIS2_PLACEMENT_3D('',#9010,#7325,#7326);
#6690=AXIS2_PLACEMENT_3D('',#9019,#7331,#7332);
#6691=AXIS2_PLACEMENT_3D('',#9025,#7336,#7337);
#6692=AXIS2_PLACEMENT_3D('',#9031,#7341,#7342);
#6693=AXIS2_PLACEMENT_3D('',#9040,#7347,#7348);
#6694=AXIS2_PLACEMENT_3D('',#9046,#7352,#7353);
#6695=AXIS2_PLACEMENT_3D('',#9052,#7357,#7358);
#6696=AXIS2_PLACEMENT_3D('',#9061,#7363,#7364);
#6697=AXIS2_PLACEMENT_3D('',#9067,#7368,#7369);
#6698=AXIS2_PLACEMENT_3D('',#9073,#7373,#7374);
#6699=AXIS2_PLACEMENT_3D('',#9082,#7379,#7380);
#6700=AXIS2_PLACEMENT_3D('',#9088,#7384,#7385);
#6701=AXIS2_PLACEMENT_3D('',#9094,#7389,#7390);
#6702=AXIS2_PLACEMENT_3D('',#9103,#7395,#7396);
#6703=AXIS2_PLACEMENT_3D('',#9106,#7399,#7400);
#6704=AXIS2_PLACEMENT_3D('',#9109,#7403,#7404);
#6705=AXIS2_PLACEMENT_3D('',#9112,#7407,#7408);
#6706=AXIS2_PLACEMENT_3D('',#9115,#7411,#7412);
#6707=AXIS2_PLACEMENT_3D('',#9118,#7415,#7416);
#6708=AXIS2_PLACEMENT_3D('',#9121,#7419,#7420);
#6709=AXIS2_PLACEMENT_3D('',#9124,#7423,#7424);
#6710=AXIS2_PLACEMENT_3D('',#9127,#7427,#7428);
#6711=AXIS2_PLACEMENT_3D('',#9130,#7431,#7432);
#6712=AXIS2_PLACEMENT_3D('',#9149,#7433,#7434);
#6713=AXIS2_PLACEMENT_3D('',#9150,#7435,#7436);
#6714=AXIS2_PLACEMENT_3D('',#9152,#7437,#7438);
#6715=AXIS2_PLACEMENT_3D('',#9171,#7439,#7440);
#6716=AXIS2_PLACEMENT_3D('',#9172,#7441,#7442);
#6717=AXIS2_PLACEMENT_3D('',#9174,#7443,#7444);
#6718=AXIS2_PLACEMENT_3D('',#9193,#7445,#7446);
#6719=AXIS2_PLACEMENT_3D('',#9194,#7447,#7448);
#6720=AXIS2_PLACEMENT_3D('',#9196,#7449,#7450);
#6721=AXIS2_PLACEMENT_3D('',#9215,#7451,#7452);
#6722=AXIS2_PLACEMENT_3D('',#9216,#7453,#7454);
#6723=AXIS2_PLACEMENT_3D('',#9218,#7455,#7456);
#6724=AXIS2_PLACEMENT_3D('',#9219,#7457,#7458);
#6725=AXIS2_PLACEMENT_3D('',#9221,#7459,#7460);
#6726=AXIS2_PLACEMENT_3D('',#9223,#7461,#7462);
#6727=AXIS2_PLACEMENT_3D('',#9228,#7467,#7468);
#6728=AXIS2_PLACEMENT_3D('',#9229,#7469,#7470);
#6729=AXIS2_PLACEMENT_3D('',#9230,#7471,#7472);
#6730=AXIS2_PLACEMENT_3D('',#9231,#7473,#7474);
#6731=AXIS2_PLACEMENT_3D('',#9232,#7475,#7476);
#6732=AXIS2_PLACEMENT_3D('',#9236,#7478,#7479);
#6733=AXIS2_PLACEMENT_3D('',#9240,#7481,#7482);
#6734=AXIS2_PLACEMENT_3D('',#9244,#7484,#7485);
#6735=AXIS2_PLACEMENT_3D('',#9248,#7487,#7488);
#6736=AXIS2_PLACEMENT_3D('',#9249,#7489,#7490);
#6737=AXIS2_PLACEMENT_3D('',#9250,#7491,#7492);
#6738=AXIS2_PLACEMENT_3D('',#9251,#7493,#7494);
#6739=AXIS2_PLACEMENT_3D('',#9252,#7495,#7496);
#6740=AXIS2_PLACEMENT_3D('',#9253,#7497,#7498);
#6741=AXIS2_PLACEMENT_3D('',#9254,#7499,#7500);
#6742=AXIS2_PLACEMENT_3D('',#9255,#7501,#7502);
#6743=AXIS2_PLACEMENT_3D('',#9256,#7503,#7504);
#6744=AXIS2_PLACEMENT_3D('',#9257,#7505,#7506);
#6745=AXIS2_PLACEMENT_3D('',#9258,#7507,#7508);
#6746=AXIS2_PLACEMENT_3D('',#9259,#7509,#7510);
#6747=AXIS2_PLACEMENT_3D('',#9260,#7511,#7512);
#6748=AXIS2_PLACEMENT_3D('',#9261,#7513,#7514);
#6749=AXIS2_PLACEMENT_3D('',#9262,#7515,#7516);
#6750=AXIS2_PLACEMENT_3D('',#9263,#7517,#7518);
#6751=AXIS2_PLACEMENT_3D('',#9264,#7519,#7520);
#6752=AXIS2_PLACEMENT_3D('',#9265,#7521,#7522);
#6753=AXIS2_PLACEMENT_3D('',#9266,#7523,#7524);
#6754=AXIS2_PLACEMENT_3D('',#9267,#7525,#7526);
#6755=AXIS2_PLACEMENT_3D('',#9268,#7527,#7528);
#6756=AXIS2_PLACEMENT_3D('',#9269,#7529,#7530);
#6757=AXIS2_PLACEMENT_3D('',#9270,#7531,#7532);
#6758=AXIS2_PLACEMENT_3D('',#9271,#7533,#7534);
#6759=AXIS2_PLACEMENT_3D('',#9272,#7535,#7536);
#6760=AXIS2_PLACEMENT_3D('',#9273,#7537,#7538);
#6761=AXIS2_PLACEMENT_3D('',#9294,#7541,#7542);
#6762=AXIS2_PLACEMENT_3D('',#9334,#7548,#7549);
#6763=AXIS2_PLACEMENT_3D('',#9340,#7553,#7554);
#6764=AXIS2_PLACEMENT_3D('',#9380,#7560,#7561);
#6765=AXIS2_PLACEMENT_3D('',#9420,#7567,#7568);
#6766=AXIS2_PLACEMENT_3D('',#9426,#7572,#7573);
#6767=AXIS2_PLACEMENT_3D('',#9446,#7577,#7578);
#6768=AXIS2_PLACEMENT_3D('',#9447,#7579,#7580);
#6769=AXIS2_PLACEMENT_3D('',#9448,#7581,#7582);
#6770=AXIS2_PLACEMENT_3D('',#9449,#7583,#7584);
#6771=AXIS2_PLACEMENT_3D('',#9458,#7589,#7590);
#6772=AXIS2_PLACEMENT_3D('',#9464,#7594,#7595);
#6773=AXIS2_PLACEMENT_3D('',#9470,#7599,#7600);
#6774=AXIS2_PLACEMENT_3D('',#9473,#7603,#7604);
#6775=AXIS2_PLACEMENT_3D('',#9474,#7605,#7606);
#6776=AXIS2_PLACEMENT_3D('',#9475,#7607,#7608);
#6777=AXIS2_PLACEMENT_3D('',#9476,#7609,#7610);
#6778=AXIS2_PLACEMENT_3D('',#9485,#7615,#7616);
#6779=AXIS2_PLACEMENT_3D('',#9491,#7620,#7621);
#6780=AXIS2_PLACEMENT_3D('',#9497,#7625,#7626);
#6781=AXIS2_PLACEMENT_3D('',#9500,#7629,#7630);
#6782=AXIS2_PLACEMENT_3D('',#9501,#7631,#7632);
#6783=AXIS2_PLACEMENT_3D('',#9502,#7633,#7634);
#6784=AXIS2_PLACEMENT_3D('',#9503,#7635,#7636);
#6785=AXIS2_PLACEMENT_3D('',#9512,#7641,#7642);
#6786=AXIS2_PLACEMENT_3D('',#9552,#7648,#7649);
#6787=AXIS2_PLACEMENT_3D('',#9612,#7657,#7658);
#6788=AXIS2_PLACEMENT_3D('',#9618,#7662,#7663);
#6789=AXIS2_PLACEMENT_3D('',#9624,#7667,#7668);
#6790=AXIS2_PLACEMENT_3D('',#9630,#7672,#7673);
#6791=AXIS2_PLACEMENT_3D('',#9636,#7677,#7678);
#6792=AXIS2_PLACEMENT_3D('',#9642,#7682,#7683);
#6793=AXIS2_PLACEMENT_3D('',#9648,#7687,#7688);
#6794=AXIS2_PLACEMENT_3D('',#9688,#7694,#7695);
#6795=AXIS2_PLACEMENT_3D('',#9708,#7699,#7700);
#6796=AXIS2_PLACEMENT_3D('',#9711,#7703,#7704);
#6797=AXIS2_PLACEMENT_3D('',#9712,#7705,#7706);
#6798=AXIS2_PLACEMENT_3D('',#9713,#7707,#7708);
#6799=AXIS2_PLACEMENT_3D('',#9714,#7709,#7710);
#6800=AXIS2_PLACEMENT_3D('',#9723,#7715,#7716);
#6801=AXIS2_PLACEMENT_3D('',#9729,#7720,#7721);
#6802=AXIS2_PLACEMENT_3D('',#9735,#7725,#7726);
#6803=AXIS2_PLACEMENT_3D('',#9744,#7731,#7732);
#6804=AXIS2_PLACEMENT_3D('',#9750,#7736,#7737);
#6805=AXIS2_PLACEMENT_3D('',#9756,#7741,#7742);
#6806=AXIS2_PLACEMENT_3D('',#9762,#7746,#7747);
#6807=AXIS2_PLACEMENT_3D('',#9768,#7751,#7752);
#6808=AXIS2_PLACEMENT_3D('',#9774,#7756,#7757);
#6809=AXIS2_PLACEMENT_3D('',#9780,#7761,#7762);
#6810=AXIS2_PLACEMENT_3D('',#9786,#7766,#7767);
#6811=AXIS2_PLACEMENT_3D('',#9792,#7771,#7772);
#6812=AXIS2_PLACEMENT_3D('',#9798,#7776,#7777);
#6813=AXIS2_PLACEMENT_3D('',#9804,#7781,#7782);
#6814=AXIS2_PLACEMENT_3D('',#9810,#7786,#7787);
#6815=AXIS2_PLACEMENT_3D('',#9816,#7791,#7792);
#6816=AXIS2_PLACEMENT_3D('',#9822,#7796,#7797);
#6817=AXIS2_PLACEMENT_3D('',#9828,#7801,#7802);
#6818=AXIS2_PLACEMENT_3D('',#9831,#7805,#7806);
#6819=AXIS2_PLACEMENT_3D('',#9834,#7809,#7810);
#6820=AXIS2_PLACEMENT_3D('',#9835,#7811,#7812);
#6821=AXIS2_PLACEMENT_3D('',#9836,#7813,#7814);
#6822=AXIS2_PLACEMENT_3D('',#9837,#7815,#7816);
#6823=AXIS2_PLACEMENT_3D('',#9846,#7821,#7822);
#6824=AXIS2_PLACEMENT_3D('',#9852,#7826,#7827);
#6825=AXIS2_PLACEMENT_3D('',#9929,#7836,#7837);
#6826=AXIS2_PLACEMENT_3D('',#9935,#7841,#7842);
#6827=AXIS2_PLACEMENT_3D('',#9941,#7846,#7847);
#6828=AXIS2_PLACEMENT_3D('',#9947,#7851,#7852);
#6829=AXIS2_PLACEMENT_3D('',#9953,#7856,#7857);
#6830=AXIS2_PLACEMENT_3D('',#9959,#7861,#7862);
#6831=AXIS2_PLACEMENT_3D('',#9965,#7866,#7867);
#6832=AXIS2_PLACEMENT_3D('',#9971,#7871,#7872);
#6833=AXIS2_PLACEMENT_3D('',#9977,#7876,#7877);
#6834=AXIS2_PLACEMENT_3D('',#9983,#7881,#7882);
#6835=AXIS2_PLACEMENT_3D('',#9989,#7886,#7887);
#6836=AXIS2_PLACEMENT_3D('',#10057,#7893,#7894);
#6837=AXIS2_PLACEMENT_3D('',#10058,#7895,#7896);
#6838=AXIS2_PLACEMENT_3D('',#10059,#7897,#7898);
#6839=AXIS2_PLACEMENT_3D('',#10060,#7899,#7900);
#6840=AXIS2_PLACEMENT_3D('',#10069,#7905,#7906);
#6841=AXIS2_PLACEMENT_3D('',#10075,#7910,#7911);
#6842=AXIS2_PLACEMENT_3D('',#10081,#7915,#7916);
#6843=AXIS2_PLACEMENT_3D('',#10084,#7919,#7920);
#6844=AXIS2_PLACEMENT_3D('',#10085,#7921,#7922);
#6845=AXIS2_PLACEMENT_3D('',#10086,#7923,#7924);
#6846=AXIS2_PLACEMENT_3D('',#10087,#7925,#7926);
#6847=AXIS2_PLACEMENT_3D('',#10096,#7931,#7932);
#6848=AXIS2_PLACEMENT_3D('',#10102,#7936,#7937);
#6849=AXIS2_PLACEMENT_3D('',#10108,#7941,#7942);
#6850=AXIS2_PLACEMENT_3D('',#10114,#7946,#7947);
#6851=AXIS2_PLACEMENT_3D('',#10120,#7951,#7952);
#6852=AXIS2_PLACEMENT_3D('',#10126,#7956,#7957);
#6853=AXIS2_PLACEMENT_3D('',#10132,#7961,#7962);
#6854=AXIS2_PLACEMENT_3D('',#10138,#7966,#7967);
#6855=AXIS2_PLACEMENT_3D('',#10144,#7971,#7972);
#6856=AXIS2_PLACEMENT_3D('',#10150,#7976,#7977);
#6857=AXIS2_PLACEMENT_3D('',#10156,#7981,#7982);
#6858=AXIS2_PLACEMENT_3D('',#10162,#7986,#7987);
#6859=AXIS2_PLACEMENT_3D('',#10168,#7991,#7992);
#6860=AXIS2_PLACEMENT_3D('',#10174,#7996,#7997);
#6861=AXIS2_PLACEMENT_3D('',#10180,#8001,#8002);
#6862=AXIS2_PLACEMENT_3D('',#10186,#8006,#8007);
#6863=AXIS2_PLACEMENT_3D('',#10192,#8011,#8012);
#6864=AXIS2_PLACEMENT_3D('',#10198,#8016,#8017);
#6865=AXIS2_PLACEMENT_3D('',#10204,#8021,#8022);
#6866=AXIS2_PLACEMENT_3D('',#10207,#8025,#8026);
#6867=AXIS2_PLACEMENT_3D('',#10208,#8027,#8028);
#6868=AXIS2_PLACEMENT_3D('',#10209,#8029,#8030);
#6869=AXIS2_PLACEMENT_3D('',#10210,#8031,#8032);
#6870=AXIS2_PLACEMENT_3D('',#10219,#8037,#8038);
#6871=AXIS2_PLACEMENT_3D('',#10225,#8042,#8043);
#6872=AXIS2_PLACEMENT_3D('',#10231,#8047,#8048);
#6873=AXIS2_PLACEMENT_3D('',#10240,#8053,#8054);
#6874=AXIS2_PLACEMENT_3D('',#10246,#8058,#8059);
#6875=AXIS2_PLACEMENT_3D('',#10252,#8063,#8064);
#6876=AXIS2_PLACEMENT_3D('',#10258,#8068,#8069);
#6877=AXIS2_PLACEMENT_3D('',#10264,#8073,#8074);
#6878=AXIS2_PLACEMENT_3D('',#10270,#8078,#8079);
#6879=AXIS2_PLACEMENT_3D('',#10276,#8083,#8084);
#6880=AXIS2_PLACEMENT_3D('',#10282,#8088,#8089);
#6881=AXIS2_PLACEMENT_3D('',#10288,#8093,#8094);
#6882=AXIS2_PLACEMENT_3D('',#10294,#8098,#8099);
#6883=AXIS2_PLACEMENT_3D('',#10300,#8103,#8104);
#6884=AXIS2_PLACEMENT_3D('',#10306,#8108,#8109);
#6885=AXIS2_PLACEMENT_3D('',#10312,#8113,#8114);
#6886=AXIS2_PLACEMENT_3D('',#10318,#8118,#8119);
#6887=AXIS2_PLACEMENT_3D('',#10324,#8123,#8124);
#6888=AXIS2_PLACEMENT_3D('',#10327,#8127,#8128);
#6889=AXIS2_PLACEMENT_3D('',#10330,#8131,#8132);
#6890=AXIS2_PLACEMENT_3D('',#10331,#8133,#8134);
#6891=AXIS2_PLACEMENT_3D('',#10332,#8135,#8136);
#6892=AXIS2_PLACEMENT_3D('',#10333,#8137,#8138);
#6893=AXIS2_PLACEMENT_3D('',#10350,#8147,#8148);
#6894=AXIS2_PLACEMENT_3D('',#10359,#8153,#8154);
#6895=AXIS2_PLACEMENT_3D('',#10368,#8159,#8160);
#6896=AXIS2_PLACEMENT_3D('',#10369,#8161,#8162);
#6897=AXIS2_PLACEMENT_3D('',#10371,#8163,#8164);
#6898=AXIS2_PLACEMENT_3D('',#10373,#8165,#8166);
#6899=AXIS2_PLACEMENT_3D('',#10374,#8167,#8168);
#6900=AXIS2_PLACEMENT_3D('',#10376,#8169,#8170);
#6901=AXIS2_PLACEMENT_3D('',#10378,#8171,#8172);
#6902=AXIS2_PLACEMENT_3D('',#10379,#8173,#8174);
#6903=AXIS2_PLACEMENT_3D('',#10381,#8175,#8176);
#6904=AXIS2_PLACEMENT_3D('',#10383,#8177,#8178);
#6905=AXIS2_PLACEMENT_3D('',#10384,#8179,#8180);
#6906=AXIS2_PLACEMENT_3D('',#10386,#8181,#8182);
#6907=AXIS2_PLACEMENT_3D('',#10388,#8183,#8184);
#6908=AXIS2_PLACEMENT_3D('',#10397,#8189,#8190);
#6909=AXIS2_PLACEMENT_3D('',#10398,#8191,#8192);
#6910=AXIS2_PLACEMENT_3D('',#10399,#8193,#8194);
#6911=AXIS2_PLACEMENT_3D('',#10400,#8195,#8196);
#6912=AXIS2_PLACEMENT_3D('',#10401,#8197,#8198);
#6913=AXIS2_PLACEMENT_3D('',#10402,#8199,#8200);
#6914=AXIS2_PLACEMENT_3D('',#10411,#8205,#8206);
#6915=AXIS2_PLACEMENT_3D('',#10417,#8210,#8211);
#6916=AXIS2_PLACEMENT_3D('',#10423,#8215,#8216);
#6917=AXIS2_PLACEMENT_3D('',#10434,#8223,#8224);
#6918=AXIS2_PLACEMENT_3D('',#10435,#8225,#8226);
#6919=AXIS2_PLACEMENT_3D('',#10436,#8227,#8228);
#6920=AXIS2_PLACEMENT_3D('',#10437,#8229,#8230);
#6921=AXIS2_PLACEMENT_3D('',#10438,#8231,#8232);
#6922=AXIS2_PLACEMENT_3D('',#10439,#8233,#8234);
#6923=AXIS2_PLACEMENT_3D('',#10445,#8238,#8239);
#6924=AXIS2_PLACEMENT_3D('',#10446,#8240,#8241);
#6925=AXIS2_PLACEMENT_3D('',#10447,#8242,#8243);
#6926=AXIS2_PLACEMENT_3D('',#10448,#8244,#8245);
#6927=AXIS2_PLACEMENT_3D('',#10449,#8246,#8247);
#6928=AXIS2_PLACEMENT_3D('',#10452,#8250,#8251);
#6929=AXIS2_PLACEMENT_3D('',#10456,#8254,#8255);
#6930=AXIS2_PLACEMENT_3D('',#10460,#8258,#8259);
#6931=AXIS2_PLACEMENT_3D('',#10462,#8261,#8262);
#6932=AXIS2_PLACEMENT_3D('',#10463,#8263,#8264);
#6933=AXIS2_PLACEMENT_3D('',#10464,#8265,#8266);
#6934=AXIS2_PLACEMENT_3D('',#10473,#8271,#8272);
#6935=AXIS2_PLACEMENT_3D('',#10479,#8276,#8277);
#6936=AXIS2_PLACEMENT_3D('',#10485,#8281,#8282);
#6937=AXIS2_PLACEMENT_3D('',#10487,#8284,#8285);
#6938=AXIS2_PLACEMENT_3D('',#10489,#8286,#8287);
#6939=AXIS2_PLACEMENT_3D('',#10491,#8288,#8289);
#6940=AXIS2_PLACEMENT_3D('',#10493,#8290,#8291);
#6941=AXIS2_PLACEMENT_3D('',#10495,#8292,#8293);
#6942=AXIS2_PLACEMENT_3D('',#10497,#8294,#8295);
#6943=AXIS2_PLACEMENT_3D('',#10499,#8296,#8297);
#6944=AXIS2_PLACEMENT_3D('',#10501,#8298,#8299);
#6945=AXIS2_PLACEMENT_3D('',#10503,#8300,#8301);
#6946=AXIS2_PLACEMENT_3D('',#10505,#8302,#8303);
#6947=AXIS2_PLACEMENT_3D('',#10507,#8304,#8305);
#6948=AXIS2_PLACEMENT_3D('',#10509,#8306,#8307);
#6949=AXIS2_PLACEMENT_3D('',#10511,#8308,#8309);
#6950=AXIS2_PLACEMENT_3D('',#10513,#8310,#8311);
#6951=AXIS2_PLACEMENT_3D('',#10515,#8312,#8313);
#6952=AXIS2_PLACEMENT_3D('',#10517,#8314,#8315);
#6953=AXIS2_PLACEMENT_3D('',#10519,#8316,#8317);
#6954=AXIS2_PLACEMENT_3D('',#10521,#8318,#8319);
#6955=AXIS2_PLACEMENT_3D('',#10523,#8320,#8321);
#6956=AXIS2_PLACEMENT_3D('',#10525,#8322,#8323);
#6957=AXIS2_PLACEMENT_3D('',#10527,#8324,#8325);
#6958=AXIS2_PLACEMENT_3D('',#10529,#8326,#8327);
#6959=AXIS2_PLACEMENT_3D('',#10531,#8328,#8329);
#6960=AXIS2_PLACEMENT_3D('',#10533,#8330,#8331);
#6961=AXIS2_PLACEMENT_3D('',#10535,#8332,#8333);
#6962=AXIS2_PLACEMENT_3D('',#10537,#8334,#8335);
#6963=AXIS2_PLACEMENT_3D('',#10539,#8336,#8337);
#6964=AXIS2_PLACEMENT_3D('',#10541,#8338,#8339);
#6965=AXIS2_PLACEMENT_3D('',#10543,#8340,#8341);
#6966=AXIS2_PLACEMENT_3D('',#10545,#8342,#8343);
#6967=AXIS2_PLACEMENT_3D('',#10547,#8344,#8345);
#6968=AXIS2_PLACEMENT_3D('',#10549,#8346,#8347);
#6969=AXIS2_PLACEMENT_3D('',#10551,#8348,#8349);
#6970=AXIS2_PLACEMENT_3D('',#10553,#8350,#8351);
#6971=AXIS2_PLACEMENT_3D('',#10555,#8352,#8353);
#6972=AXIS2_PLACEMENT_3D('',#10557,#8354,#8355);
#6973=AXIS2_PLACEMENT_3D('',#10559,#8356,#8357);
#6974=AXIS2_PLACEMENT_3D('',#10561,#8358,#8359);
#6975=AXIS2_PLACEMENT_3D('',#10563,#8360,#8361);
#6976=AXIS2_PLACEMENT_3D('',#10565,#8362,#8363);
#6977=AXIS2_PLACEMENT_3D('',#10567,#8364,#8365);
#6978=AXIS2_PLACEMENT_3D('',#10569,#8366,#8367);
#6979=AXIS2_PLACEMENT_3D('',#10571,#8368,#8369);
#6980=AXIS2_PLACEMENT_3D('',#10573,#8370,#8371);
#6981=AXIS2_PLACEMENT_3D('',#10575,#8372,#8373);
#6982=AXIS2_PLACEMENT_3D('',#10577,#8374,#8375);
#6983=AXIS2_PLACEMENT_3D('',#10579,#8376,#8377);
#6984=AXIS2_PLACEMENT_3D('',#10581,#8378,#8379);
#6985=AXIS2_PLACEMENT_3D('',#10583,#8380,#8381);
#6986=AXIS2_PLACEMENT_3D('',#10585,#8382,#8383);
#6987=AXIS2_PLACEMENT_3D('',#10587,#8384,#8385);
#6988=AXIS2_PLACEMENT_3D('',#10589,#8386,#8387);
#6989=AXIS2_PLACEMENT_3D('',#10591,#8388,#8389);
#6990=AXIS2_PLACEMENT_3D('',#10593,#8390,#8391);
#6991=AXIS2_PLACEMENT_3D('',#10595,#8392,#8393);
#6992=AXIS2_PLACEMENT_3D('',#10597,#8394,#8395);
#6993=AXIS2_PLACEMENT_3D('',#10599,#8396,#8397);
#6994=AXIS2_PLACEMENT_3D('',#10601,#8398,#8399);
#6995=AXIS2_PLACEMENT_3D('',#10603,#8400,#8401);
#6996=AXIS2_PLACEMENT_3D('',#10605,#8402,#8403);
#6997=AXIS2_PLACEMENT_3D('',#10607,#8404,#8405);
#6998=AXIS2_PLACEMENT_3D('',#10609,#8406,#8407);
#6999=AXIS2_PLACEMENT_3D('',#10611,#8408,#8409);
#7000=AXIS2_PLACEMENT_3D('',#10613,#8410,#8411);
#7001=AXIS2_PLACEMENT_3D('',#10615,#8412,#8413);
#7002=AXIS2_PLACEMENT_3D('',#10617,#8414,#8415);
#7003=AXIS2_PLACEMENT_3D('',#10619,#8416,#8417);
#7004=AXIS2_PLACEMENT_3D('',#10621,#8418,#8419);
#7005=AXIS2_PLACEMENT_3D('',#10623,#8420,#8421);
#7006=AXIS2_PLACEMENT_3D('',#10625,#8422,#8423);
#7007=AXIS2_PLACEMENT_3D('',#10627,#8424,#8425);
#7008=AXIS2_PLACEMENT_3D('',#10629,#8426,#8427);
#7009=AXIS2_PLACEMENT_3D('',#10631,#8428,#8429);
#7010=AXIS2_PLACEMENT_3D('',#10633,#8430,#8431);
#7011=AXIS2_PLACEMENT_3D('',#10635,#8432,#8433);
#7012=AXIS2_PLACEMENT_3D('',#10637,#8434,#8435);
#7013=AXIS2_PLACEMENT_3D('',#10639,#8436,#8437);
#7014=AXIS2_PLACEMENT_3D('',#10641,#8438,#8439);
#7015=AXIS2_PLACEMENT_3D('',#10643,#8440,#8441);
#7016=AXIS2_PLACEMENT_3D('',#10645,#8442,#8443);
#7017=AXIS2_PLACEMENT_3D('',#10647,#8444,#8445);
#7018=AXIS2_PLACEMENT_3D('',#10649,#8446,#8447);
#7019=AXIS2_PLACEMENT_3D('',#10651,#8448,#8449);
#7020=AXIS2_PLACEMENT_3D('',#10653,#8450,#8451);
#7021=AXIS2_PLACEMENT_3D('',#10655,#8452,#8453);
#7022=AXIS2_PLACEMENT_3D('',#10657,#8454,#8455);
#7023=AXIS2_PLACEMENT_3D('',#10659,#8456,#8457);
#7024=AXIS2_PLACEMENT_3D('',#10664,#8459,#8460);
#7025=AXIS2_PLACEMENT_3D('',#10668,#8462,#8463);
#7026=AXIS2_PLACEMENT_3D('',#10672,#8465,#8466);
#7027=AXIS2_PLACEMENT_3D('',#10676,#8468,#8469);
#7028=AXIS2_PLACEMENT_3D('',#10677,#8470,#8471);
#7029=AXIS2_PLACEMENT_3D('',#10679,#8472,#8473);
#7030=AXIS2_PLACEMENT_3D('',#10681,#8474,#8475);
#7031=AXIS2_PLACEMENT_3D('',#10683,#8476,#8477);
#7032=AXIS2_PLACEMENT_3D('',#10685,#8479,#8480);
#7033=AXIS2_PLACEMENT_3D('',#10687,#8481,#8482);
#7034=AXIS2_PLACEMENT_3D('',#10689,#8483,#8484);
#7035=AXIS2_PLACEMENT_3D('',#10691,#8485,#8486);
#7036=AXIS2_PLACEMENT_3D('',#10693,#8487,#8488);
#7037=AXIS2_PLACEMENT_3D('',#10695,#8489,#8490);
#7038=AXIS2_PLACEMENT_3D('',#10697,#8491,#8492);
#7039=AXIS2_PLACEMENT_3D('',#10699,#8493,#8494);
#7040=AXIS2_PLACEMENT_3D('',#10701,#8495,#8496);
#7041=AXIS2_PLACEMENT_3D('',#10703,#8497,#8498);
#7042=AXIS2_PLACEMENT_3D('',#10705,#8499,#8500);
#7043=AXIS2_PLACEMENT_3D('',#10707,#8501,#8502);
#7044=AXIS2_PLACEMENT_3D('',#10709,#8503,#8504);
#7045=AXIS2_PLACEMENT_3D('',#10711,#8505,#8506);
#7046=AXIS2_PLACEMENT_3D('',#10713,#8507,#8508);
#7047=AXIS2_PLACEMENT_3D('',#10715,#8509,#8510);
#7048=AXIS2_PLACEMENT_3D('',#10717,#8511,#8512);
#7049=AXIS2_PLACEMENT_3D('',#10719,#8513,#8514);
#7050=AXIS2_PLACEMENT_3D('',#10721,#8515,#8516);
#7051=AXIS2_PLACEMENT_3D('',#10723,#8517,#8518);
#7052=AXIS2_PLACEMENT_3D('',#10725,#8519,#8520);
#7053=AXIS2_PLACEMENT_3D('',#10727,#8521,#8522);
#7054=AXIS2_PLACEMENT_3D('',#10729,#8523,#8524);
#7055=AXIS2_PLACEMENT_3D('',#10731,#8525,#8526);
#7056=AXIS2_PLACEMENT_3D('',#10733,#8527,#8528);
#7057=AXIS2_PLACEMENT_3D('',#10735,#8529,#8530);
#7058=AXIS2_PLACEMENT_3D('',#10737,#8531,#8532);
#7059=AXIS2_PLACEMENT_3D('',#10739,#8533,#8534);
#7060=AXIS2_PLACEMENT_3D('',#10741,#8535,#8536);
#7061=AXIS2_PLACEMENT_3D('',#10743,#8537,#8538);
#7062=AXIS2_PLACEMENT_3D('',#10745,#8539,#8540);
#7063=AXIS2_PLACEMENT_3D('',#10747,#8541,#8542);
#7064=AXIS2_PLACEMENT_3D('',#10749,#8543,#8544);
#7065=AXIS2_PLACEMENT_3D('',#10751,#8545,#8546);
#7066=AXIS2_PLACEMENT_3D('',#10753,#8547,#8548);
#7067=AXIS2_PLACEMENT_3D('',#10755,#8549,#8550);
#7068=AXIS2_PLACEMENT_3D('',#10757,#8551,#8552);
#7069=AXIS2_PLACEMENT_3D('',#10759,#8553,#8554);
#7070=AXIS2_PLACEMENT_3D('',#10761,#8555,#8556);
#7071=AXIS2_PLACEMENT_3D('',#10763,#8557,#8558);
#7072=AXIS2_PLACEMENT_3D('',#10765,#8559,#8560);
#7073=AXIS2_PLACEMENT_3D('',#10767,#8561,#8562);
#7074=AXIS2_PLACEMENT_3D('',#10769,#8563,#8564);
#7075=AXIS2_PLACEMENT_3D('',#10771,#8565,#8566);
#7076=AXIS2_PLACEMENT_3D('',#10773,#8567,#8568);
#7077=AXIS2_PLACEMENT_3D('',#10775,#8569,#8570);
#7078=AXIS2_PLACEMENT_3D('',#10777,#8571,#8572);
#7079=AXIS2_PLACEMENT_3D('',#10779,#8573,#8574);
#7080=AXIS2_PLACEMENT_3D('',#10781,#8575,#8576);
#7081=AXIS2_PLACEMENT_3D('',#10783,#8577,#8578);
#7082=AXIS2_PLACEMENT_3D('',#10785,#8579,#8580);
#7083=AXIS2_PLACEMENT_3D('',#10787,#8581,#8582);
#7084=AXIS2_PLACEMENT_3D('',#10789,#8583,#8584);
#7085=AXIS2_PLACEMENT_3D('',#10791,#8585,#8586);
#7086=AXIS2_PLACEMENT_3D('',#10793,#8587,#8588);
#7087=AXIS2_PLACEMENT_3D('',#10795,#8589,#8590);
#7088=AXIS2_PLACEMENT_3D('',#10797,#8591,#8592);
#7089=AXIS2_PLACEMENT_3D('',#10799,#8593,#8594);
#7090=AXIS2_PLACEMENT_3D('',#10801,#8595,#8596);
#7091=AXIS2_PLACEMENT_3D('',#10803,#8597,#8598);
#7092=AXIS2_PLACEMENT_3D('',#10805,#8599,#8600);
#7093=AXIS2_PLACEMENT_3D('',#10807,#8601,#8602);
#7094=AXIS2_PLACEMENT_3D('',#10809,#8603,#8604);
#7095=AXIS2_PLACEMENT_3D('',#10811,#8605,#8606);
#7096=AXIS2_PLACEMENT_3D('',#10813,#8607,#8608);
#7097=AXIS2_PLACEMENT_3D('',#10815,#8609,#8610);
#7098=AXIS2_PLACEMENT_3D('',#10817,#8611,#8612);
#7099=AXIS2_PLACEMENT_3D('',#10819,#8613,#8614);
#7100=AXIS2_PLACEMENT_3D('',#10821,#8615,#8616);
#7101=AXIS2_PLACEMENT_3D('',#10823,#8617,#8618);
#7102=AXIS2_PLACEMENT_3D('',#10825,#8619,#8620);
#7103=AXIS2_PLACEMENT_3D('',#10827,#8621,#8622);
#7104=AXIS2_PLACEMENT_3D('',#10829,#8623,#8624);
#7105=AXIS2_PLACEMENT_3D('',#10831,#8625,#8626);
#7106=AXIS2_PLACEMENT_3D('',#10833,#8627,#8628);
#7107=AXIS2_PLACEMENT_3D('',#10835,#8629,#8630);
#7108=AXIS2_PLACEMENT_3D('',#10837,#8631,#8632);
#7109=AXIS2_PLACEMENT_3D('',#10839,#8633,#8634);
#7110=AXIS2_PLACEMENT_3D('',#10841,#8635,#8636);
#7111=AXIS2_PLACEMENT_3D('',#10843,#8637,#8638);
#7112=AXIS2_PLACEMENT_3D('',#10845,#8639,#8640);
#7113=AXIS2_PLACEMENT_3D('',#10847,#8641,#8642);
#7114=AXIS2_PLACEMENT_3D('',#10849,#8643,#8644);
#7115=AXIS2_PLACEMENT_3D('',#10851,#8645,#8646);
#7116=AXIS2_PLACEMENT_3D('',#10853,#8647,#8648);
#7117=AXIS2_PLACEMENT_3D('',#10855,#8649,#8650);
#7118=AXIS2_PLACEMENT_3D('',#10857,#8651,#8652);
#7119=AXIS2_PLACEMENT_3D('',#10859,#8653,#8654);
#7120=AXIS2_PLACEMENT_3D('',#10864,#8656,#8657);
#7121=AXIS2_PLACEMENT_3D('',#10867,#8659,#8660);
#7122=AXIS2_PLACEMENT_3D('',#10872,#8662,#8663);
#7123=AXIS2_PLACEMENT_3D('',#10875,#8665,#8666);
#7124=AXIS2_PLACEMENT_3D('',#10877,#8667,#8668);
#7125=AXIS2_PLACEMENT_3D('',#10879,#8669,#8670);
#7126=AXIS2_PLACEMENT_3D('',#10881,#8671,#8672);
#7127=AXIS2_PLACEMENT_3D('',#10882,#8673,#8674);
#7128=AXIS2_PLACEMENT_3D('',#10883,#8675,#8676);
#7129=AXIS2_PLACEMENT_3D('',#10884,#8677,#8678);
#7130=AXIS2_PLACEMENT_3D('',#10885,#8679,#8680);
#7131=AXIS2_PLACEMENT_3D('',#10886,#8681,#8682);
#7132=AXIS2_PLACEMENT_3D('',#10887,#8683,#8684);
#7133=AXIS2_PLACEMENT_3D('',#10888,#8685,#8686);
#7134=AXIS2_PLACEMENT_3D('',#10889,#8687,#8688);
#7135=AXIS2_PLACEMENT_3D('',#10890,#8689,#8690);
#7136=AXIS2_PLACEMENT_3D('',#10891,#8691,#8692);
#7137=AXIS2_PLACEMENT_3D('',#10892,#8693,#8694);
#7138=AXIS2_PLACEMENT_3D('',#10893,#8695,#8696);
#7139=AXIS2_PLACEMENT_3D('',#10894,#8697,#8698);
#7140=AXIS2_PLACEMENT_3D('',#10895,#8699,#8700);
#7141=AXIS2_PLACEMENT_3D('',#10896,#8701,#8702);
#7142=AXIS2_PLACEMENT_3D('',#10897,#8703,#8704);
#7143=AXIS2_PLACEMENT_3D('',#10898,#8705,#8706);
#7144=AXIS2_PLACEMENT_3D('',#10899,#8707,#8708);
#7145=AXIS2_PLACEMENT_3D('',#10900,#8709,#8710);
#7146=AXIS2_PLACEMENT_3D('',#10901,#8711,#8712);
#7147=AXIS2_PLACEMENT_3D('',#10902,#8713,#8714);
#7148=AXIS2_PLACEMENT_3D('',#10903,#8715,#8716);
#7149=AXIS2_PLACEMENT_3D('',#10904,#8717,#8718);
#7150=AXIS2_PLACEMENT_3D('',#10905,#8719,#8720);
#7151=AXIS2_PLACEMENT_3D('',#10906,#8721,#8722);
#7152=AXIS2_PLACEMENT_3D('',#10907,#8723,#8724);
#7153=AXIS2_PLACEMENT_3D('',#10908,#8725,#8726);
#7154=AXIS2_PLACEMENT_3D('',#10909,#8727,#8728);
#7155=AXIS2_PLACEMENT_3D('',#10910,#8729,#8730);
#7156=AXIS2_PLACEMENT_3D('',#10911,#8731,#8732);
#7157=AXIS2_PLACEMENT_3D('',#10912,#8733,#8734);
#7158=AXIS2_PLACEMENT_3D('',#10913,#8735,#8736);
#7159=AXIS2_PLACEMENT_3D('',#10914,#8737,#8738);
#7160=AXIS2_PLACEMENT_3D('',#10915,#8739,#8740);
#7161=AXIS2_PLACEMENT_3D('',#10916,#8741,#8742);
#7162=AXIS2_PLACEMENT_3D('',#10917,#8743,#8744);
#7163=AXIS2_PLACEMENT_3D('',#10918,#8745,#8746);
#7164=AXIS2_PLACEMENT_3D('',#10919,#8747,#8748);
#7165=AXIS2_PLACEMENT_3D('',#10920,#8749,#8750);
#7166=AXIS2_PLACEMENT_3D('',#10921,#8751,#8752);
#7167=AXIS2_PLACEMENT_3D('',#10922,#8753,#8754);
#7168=AXIS2_PLACEMENT_3D('',#10923,#8755,#8756);
#7169=AXIS2_PLACEMENT_3D('',#10924,#8757,#8758);
#7170=AXIS2_PLACEMENT_3D('',#10925,#8759,#8760);
#7171=AXIS2_PLACEMENT_3D('',#10926,#8761,#8762);
#7172=AXIS2_PLACEMENT_3D('',#10927,#8763,#8764);
#7173=AXIS2_PLACEMENT_3D('',#10928,#8765,#8766);
#7174=AXIS2_PLACEMENT_3D('',#10929,#8767,#8768);
#7175=AXIS2_PLACEMENT_3D('',#10930,#8769,#8770);
#7176=AXIS2_PLACEMENT_3D('',#10931,#8771,#8772);
#7177=AXIS2_PLACEMENT_3D('',#10932,#8773,#8774);
#7178=AXIS2_PLACEMENT_3D('',#10933,#8775,#8776);
#7179=AXIS2_PLACEMENT_3D('',#10934,#8777,#8778);
#7180=AXIS2_PLACEMENT_3D('',#10935,#8779,#8780);
#7181=AXIS2_PLACEMENT_3D('',#10936,#8781,#8782);
#7182=AXIS2_PLACEMENT_3D('',#10937,#8783,#8784);
#7183=AXIS2_PLACEMENT_3D('',#10938,#8785,#8786);
#7184=AXIS2_PLACEMENT_3D('',#10939,#8787,#8788);
#7185=AXIS2_PLACEMENT_3D('',#10940,#8789,#8790);
#7186=AXIS2_PLACEMENT_3D('',#10941,#8791,#8792);
#7187=AXIS2_PLACEMENT_3D('',#10942,#8793,#8794);
#7188=AXIS2_PLACEMENT_3D('',#10943,#8795,#8796);
#7189=AXIS2_PLACEMENT_3D('',#10944,#8797,#8798);
#7190=AXIS2_PLACEMENT_3D('',#10945,#8799,#8800);
#7191=AXIS2_PLACEMENT_3D('',#10946,#8801,#8802);
#7192=AXIS2_PLACEMENT_3D('',#10947,#8803,#8804);
#7193=AXIS2_PLACEMENT_3D('',#10948,#8805,#8806);
#7194=AXIS2_PLACEMENT_3D('',#10949,#8807,#8808);
#7195=AXIS2_PLACEMENT_3D('',#10950,#8809,#8810);
#7196=AXIS2_PLACEMENT_3D('',#10951,#8811,#8812);
#7197=AXIS2_PLACEMENT_3D('',#10952,#8813,#8814);
#7198=AXIS2_PLACEMENT_3D('',#10953,#8815,#8816);
#7199=AXIS2_PLACEMENT_3D('',#10954,#8817,#8818);
#7200=AXIS2_PLACEMENT_3D('',#10955,#8819,#8820);
#7201=AXIS2_PLACEMENT_3D('',#10956,#8821,#8822);
#7202=AXIS2_PLACEMENT_3D('',#10957,#8823,#8824);
#7203=AXIS2_PLACEMENT_3D('',#10958,#8825,#8826);
#7204=AXIS2_PLACEMENT_3D('',#10959,#8827,#8828);
#7205=AXIS2_PLACEMENT_3D('',#10960,#8829,#8830);
#7206=AXIS2_PLACEMENT_3D('',#10961,#8831,#8832);
#7207=AXIS2_PLACEMENT_3D('',#10962,#8833,#8834);
#7208=AXIS2_PLACEMENT_3D('',#10963,#8835,#8836);
#7209=AXIS2_PLACEMENT_3D('',#10964,#8837,#8838);
#7210=AXIS2_PLACEMENT_3D('',#10965,#8839,#8840);
#7211=AXIS2_PLACEMENT_3D('',#10966,#8841,#8842);
#7212=AXIS2_PLACEMENT_3D('',#10967,#8843,#8844);
#7213=AXIS2_PLACEMENT_3D('',#10968,#8845,#8846);
#7214=AXIS2_PLACEMENT_3D('',#10969,#8847,#8848);
#7215=AXIS2_PLACEMENT_3D('',#10972,#8851,#8852);
#7216=AXIS2_PLACEMENT_3D('',#10974,#8854,#8855);
#7217=AXIS2_PLACEMENT_3D('',#10976,#8857,#8858);
#7218=AXIS2_PLACEMENT_3D('',#10977,#8859,#8860);
#7219=AXIS2_PLACEMENT_3D('',#10980,#8863,#8864);
#7220=AXIS2_PLACEMENT_3D('',#10982,#8866,#8867);
#7221=AXIS2_PLACEMENT_3D('',#10984,#8869,#8870);
#7222=AXIS2_PLACEMENT_3D('',#10985,#8871,#8872);
#7223=AXIS2_PLACEMENT_3D('',#10986,#8873,#8874);
#7224=AXIS2_PLACEMENT_3D('',#10987,#8875,#8876);
#7225=DIRECTION('',(0.,0.,1.));
#7226=DIRECTION('',(1.,0.,0.));
#7227=DIRECTION('',(1.,0.,0.));
#7228=DIRECTION('',(0.,0.,-1.));
#7229=DIRECTION('',(0.,-1.,0.));
#7230=DIRECTION('',(0.,0.,-1.));
#7231=DIRECTION('',(0.,-1.,0.));
#7232=DIRECTION('',(0.,0.,-1.));
#7233=DIRECTION('',(0.,1.,0.));
#7234=DIRECTION('',(0.,0.,1.));
#7235=DIRECTION('',(1.,0.,0.));
#7236=DIRECTION('',(0.,0.,-1.));
#7237=DIRECTION('',(1.,0.,0.));
#7238=DIRECTION('',(0.,0.,-1.));
#7239=DIRECTION('',(1.,0.,0.));
#7240=DIRECTION('',(0.,0.,-1.));
#7241=DIRECTION('',(0.,-1.,0.));
#7242=DIRECTION('',(0.,0.,-1.));
#7243=DIRECTION('',(0.,-1.,0.));
#7244=DIRECTION('',(0.,0.,-1.));
#7245=DIRECTION('',(1.,0.,0.));
#7246=DIRECTION('',(0.,0.,-1.));
#7247=DIRECTION('',(0.,-1.,0.));
#7248=DIRECTION('',(0.,0.,-1.));
#7249=DIRECTION('',(0.,-1.,0.));
#7250=DIRECTION('',(0.,0.,-1.));
#7251=DIRECTION('',(0.,1.,0.));
#7252=DIRECTION('',(0.,0.,1.));
#7253=DIRECTION('',(1.,0.,0.));
#7254=DIRECTION('',(0.,0.,-1.));
#7255=DIRECTION('',(1.,0.,0.));
#7256=DIRECTION('',(1.,0.,0.));
#7257=DIRECTION('',(0.,0.,-1.));
#7258=DIRECTION('',(0.,-1.,0.));
#7259=DIRECTION('',(0.,0.,-1.));
#7260=DIRECTION('',(0.,-1.,0.));
#7261=DIRECTION('',(1.,0.,0.));
#7262=DIRECTION('',(0.,0.,-1.));
#7263=DIRECTION('',(0.,-1.,0.));
#7264=DIRECTION('',(0.,0.,-1.));
#7265=DIRECTION('',(0.,-1.,0.));
#7266=DIRECTION('',(0.,0.,-1.));
#7267=DIRECTION('',(0.,1.,0.));
#7268=DIRECTION('',(0.,0.,1.));
#7269=DIRECTION('',(1.,0.,0.));
#7270=DIRECTION('',(0.,0.,-1.));
#7271=DIRECTION('',(1.,0.,0.));
#7272=DIRECTION('',(1.,0.,0.));
#7273=DIRECTION('',(0.,0.,-1.));
#7274=DIRECTION('',(0.,-1.,0.));
#7275=DIRECTION('',(0.,0.,-1.));
#7276=DIRECTION('',(0.,-1.,0.));
#7277=DIRECTION('',(1.,0.,0.));
#7278=DIRECTION('',(0.,0.,-1.));
#7279=DIRECTION('',(0.,-1.,0.));
#7280=DIRECTION('',(0.,0.,-1.));
#7281=DIRECTION('',(0.,-1.,0.));
#7282=DIRECTION('',(0.,0.,-1.));
#7283=DIRECTION('',(0.,1.,0.));
#7284=DIRECTION('',(0.,0.,1.));
#7285=DIRECTION('',(1.,0.,0.));
#7286=DIRECTION('',(0.,0.,-1.));
#7287=DIRECTION('',(1.,0.,0.));
#7288=DIRECTION('',(1.,0.,0.));
#7289=DIRECTION('',(0.,0.,-1.));
#7290=DIRECTION('',(0.,-1.,0.));
#7291=DIRECTION('',(0.,0.,-1.));
#7292=DIRECTION('',(0.,-1.,0.));
#7293=DIRECTION('',(1.,0.,0.));
#7294=DIRECTION('',(0.,0.,-1.));
#7295=DIRECTION('',(0.,-1.,0.));
#7296=DIRECTION('',(0.,0.,-1.));
#7297=DIRECTION('',(0.,-1.,0.));
#7298=DIRECTION('',(0.,0.,-1.));
#7299=DIRECTION('',(0.,1.,0.));
#7300=DIRECTION('',(0.,0.,1.));
#7301=DIRECTION('',(1.,0.,0.));
#7302=DIRECTION('',(0.,0.,-1.));
#7303=DIRECTION('',(1.,0.,0.));
#7304=DIRECTION('',(1.,0.,0.));
#7305=DIRECTION('',(0.,0.,-1.));
#7306=DIRECTION('',(0.,-1.,0.));
#7307=DIRECTION('',(0.,0.,-1.));
#7308=DIRECTION('',(0.,-1.,0.));
#7309=DIRECTION('',(1.,0.,0.));
#7310=DIRECTION('',(0.,0.,-1.));
#7311=DIRECTION('',(0.,-1.,0.));
#7312=DIRECTION('',(0.,0.,-1.));
#7313=DIRECTION('',(0.,-1.,0.));
#7314=DIRECTION('',(0.,0.,-1.));
#7315=DIRECTION('',(0.,1.,0.));
#7316=DIRECTION('',(0.,0.,1.));
#7317=DIRECTION('',(1.,0.,0.));
#7318=DIRECTION('',(0.,0.,-1.));
#7319=DIRECTION('',(1.,0.,0.));
#7320=DIRECTION('',(1.,0.,0.));
#7321=DIRECTION('',(0.,0.,-1.));
#7322=DIRECTION('',(0.,-1.,0.));
#7323=DIRECTION('',(0.,0.,-1.));
#7324=DIRECTION('',(0.,-1.,0.));
#7325=DIRECTION('',(1.,0.,0.));
#7326=DIRECTION('',(0.,0.,-1.));
#7327=DIRECTION('',(0.,-1.,0.));
#7328=DIRECTION('',(0.,0.,-1.));
#7329=DIRECTION('',(0.,-1.,0.));
#7330=DIRECTION('',(0.,0.,-1.));
#7331=DIRECTION('',(0.,1.,0.));
#7332=DIRECTION('',(0.,0.,1.));
#7333=DIRECTION('',(1.,0.,0.));
#7334=DIRECTION('',(0.,0.,-1.));
#7335=DIRECTION('',(1.,0.,0.));
#7336=DIRECTION('',(1.,0.,0.));
#7337=DIRECTION('',(0.,0.,-1.));
#7338=DIRECTION('',(0.,-1.,0.));
#7339=DIRECTION('',(0.,0.,-1.));
#7340=DIRECTION('',(0.,-1.,0.));
#7341=DIRECTION('',(1.,0.,0.));
#7342=DIRECTION('',(0.,0.,-1.));
#7343=DIRECTION('',(0.,-1.,0.));
#7344=DIRECTION('',(0.,0.,-1.));
#7345=DIRECTION('',(0.,-1.,0.));
#7346=DIRECTION('',(0.,0.,-1.));
#7347=DIRECTION('',(0.,1.,0.));
#7348=DIRECTION('',(0.,0.,1.));
#7349=DIRECTION('',(1.,0.,0.));
#7350=DIRECTION('',(0.,0.,-1.));
#7351=DIRECTION('',(1.,0.,0.));
#7352=DIRECTION('',(1.,0.,0.));
#7353=DIRECTION('',(0.,0.,-1.));
#7354=DIRECTION('',(0.,-1.,0.));
#7355=DIRECTION('',(0.,0.,-1.));
#7356=DIRECTION('',(0.,-1.,0.));
#7357=DIRECTION('',(1.,0.,0.));
#7358=DIRECTION('',(0.,0.,-1.));
#7359=DIRECTION('',(0.,-1.,0.));
#7360=DIRECTION('',(0.,0.,-1.));
#7361=DIRECTION('',(0.,-1.,0.));
#7362=DIRECTION('',(0.,0.,-1.));
#7363=DIRECTION('',(0.,1.,0.));
#7364=DIRECTION('',(0.,0.,1.));
#7365=DIRECTION('',(1.,0.,0.));
#7366=DIRECTION('',(0.,0.,-1.));
#7367=DIRECTION('',(1.,0.,0.));
#7368=DIRECTION('',(1.,0.,0.));
#7369=DIRECTION('',(0.,0.,-1.));
#7370=DIRECTION('',(0.,-1.,0.));
#7371=DIRECTION('',(0.,0.,-1.));
#7372=DIRECTION('',(0.,-1.,0.));
#7373=DIRECTION('',(1.,0.,0.));
#7374=DIRECTION('',(0.,0.,-1.));
#7375=DIRECTION('',(0.,-1.,0.));
#7376=DIRECTION('',(0.,0.,-1.));
#7377=DIRECTION('',(0.,-1.,0.));
#7378=DIRECTION('',(0.,0.,-1.));
#7379=DIRECTION('',(0.,1.,0.));
#7380=DIRECTION('',(0.,0.,1.));
#7381=DIRECTION('',(1.,0.,0.));
#7382=DIRECTION('',(0.,0.,-1.));
#7383=DIRECTION('',(1.,0.,0.));
#7384=DIRECTION('',(1.,0.,0.));
#7385=DIRECTION('',(0.,0.,-1.));
#7386=DIRECTION('',(0.,-1.,0.));
#7387=DIRECTION('',(0.,0.,-1.));
#7388=DIRECTION('',(0.,-1.,0.));
#7389=DIRECTION('',(0.,1.,0.));
#7390=DIRECTION('',(0.,0.,1.));
#7391=DIRECTION('',(1.,0.,0.));
#7392=DIRECTION('',(0.,0.,-1.));
#7393=DIRECTION('',(1.,0.,0.));
#7394=DIRECTION('',(0.,0.,-1.));
#7395=DIRECTION('',(0.,1.,0.));
#7396=DIRECTION('',(0.,0.,1.));
#7397=DIRECTION('',(1.,0.,0.));
#7398=DIRECTION('',(1.,0.,0.));
#7399=DIRECTION('',(0.,1.,0.));
#7400=DIRECTION('',(0.,0.,1.));
#7401=DIRECTION('',(1.,0.,0.));
#7402=DIRECTION('',(1.,0.,0.));
#7403=DIRECTION('',(0.,1.,0.));
#7404=DIRECTION('',(0.,0.,1.));
#7405=DIRECTION('',(1.,0.,0.));
#7406=DIRECTION('',(1.,0.,0.));
#7407=DIRECTION('',(0.,1.,0.));
#7408=DIRECTION('',(0.,0.,1.));
#7409=DIRECTION('',(1.,0.,0.));
#7410=DIRECTION('',(1.,0.,0.));
#7411=DIRECTION('',(0.,1.,0.));
#7412=DIRECTION('',(0.,0.,1.));
#7413=DIRECTION('',(1.,0.,0.));
#7414=DIRECTION('',(1.,0.,0.));
#7415=DIRECTION('',(-8.7281684325855E-16,1.,0.));
#7416=DIRECTION('',(-1.,-8.7281684325855E-16,0.));
#7417=DIRECTION('',(1.,8.7281684325855E-16,0.));
#7418=DIRECTION('',(1.,8.7281684325855E-16,0.));
#7419=DIRECTION('',(0.,1.,0.));
#7420=DIRECTION('',(0.,0.,1.));
#7421=DIRECTION('',(1.,0.,0.));
#7422=DIRECTION('',(1.,0.,0.));
#7423=DIRECTION('',(0.,1.,0.));
#7424=DIRECTION('',(0.,0.,1.));
#7425=DIRECTION('',(1.,0.,0.));
#7426=DIRECTION('',(1.,0.,0.));
#7427=DIRECTION('',(0.,1.,0.));
#7428=DIRECTION('',(0.,0.,1.));
#7429=DIRECTION('',(1.,0.,0.));
#7430=DIRECTION('',(1.,0.,0.));
#7431=DIRECTION('',(0.,0.,-1.));
#7432=DIRECTION('',(-1.,0.,0.));
#7433=DIRECTION('',(0.,0.,1.));
#7434=DIRECTION('',(1.,0.,0.));
#7435=DIRECTION('',(0.,0.,1.));
#7436=DIRECTION('',(1.,0.,0.));
#7437=DIRECTION('',(0.,0.,-1.));
#7438=DIRECTION('',(-1.,0.,0.));
#7439=DIRECTION('',(0.,0.,1.));
#7440=DIRECTION('',(1.,0.,0.));
#7441=DIRECTION('',(0.,0.,1.));
#7442=DIRECTION('',(1.,0.,0.));
#7443=DIRECTION('',(0.,0.,-1.));
#7444=DIRECTION('',(-1.,0.,0.));
#7445=DIRECTION('',(0.,0.,1.));
#7446=DIRECTION('',(1.,0.,0.));
#7447=DIRECTION('',(0.,0.,1.));
#7448=DIRECTION('',(1.,0.,0.));
#7449=DIRECTION('',(0.,0.,-1.));
#7450=DIRECTION('',(-1.,0.,0.));
#7451=DIRECTION('',(0.,0.,1.));
#7452=DIRECTION('',(1.,0.,0.));
#7453=DIRECTION('',(0.,0.,1.));
#7454=DIRECTION('',(1.,0.,0.));
#7455=DIRECTION('',(0.,0.,-1.));
#7456=DIRECTION('',(-1.,0.,0.));
#7457=DIRECTION('',(0.,0.,1.));
#7458=DIRECTION('',(1.,0.,0.));
#7459=DIRECTION('',(0.,0.,1.));
#7460=DIRECTION('',(1.,0.,0.));
#7461=DIRECTION('',(0.,0.,1.));
#7462=DIRECTION('',(1.,0.,0.));
#7463=DIRECTION('',(0.,-1.,0.));
#7464=DIRECTION('',(1.,0.,0.));
#7465=DIRECTION('',(0.,-1.,0.));
#7466=DIRECTION('',(1.,0.,0.));
#7467=DIRECTION('',(0.,0.,1.));
#7468=DIRECTION('',(1.,0.,0.));
#7469=DIRECTION('',(0.,0.,1.));
#7470=DIRECTION('',(1.,0.,0.));
#7471=DIRECTION('',(0.,0.,1.));
#7472=DIRECTION('',(1.,0.,0.));
#7473=DIRECTION('',(0.,0.,1.));
#7474=DIRECTION('',(1.,0.,0.));
#7475=DIRECTION('',(0.,0.,1.));
#7476=DIRECTION('',(1.,0.,0.));
#7477=DIRECTION('',(0.,-1.,0.));
#7478=DIRECTION('',(0.,0.,1.));
#7479=DIRECTION('',(1.,0.,0.));
#7480=DIRECTION('',(-1.,0.,0.));
#7481=DIRECTION('',(0.,0.,1.));
#7482=DIRECTION('',(1.,0.,0.));
#7483=DIRECTION('',(0.,1.,0.));
#7484=DIRECTION('',(0.,0.,1.));
#7485=DIRECTION('',(1.,0.,0.));
#7486=DIRECTION('',(1.,0.,0.));
#7487=DIRECTION('',(0.,0.,1.));
#7488=DIRECTION('',(1.,0.,0.));
#7489=DIRECTION('',(0.,0.,1.));
#7490=DIRECTION('',(1.,0.,0.));
#7491=DIRECTION('',(0.,0.,1.));
#7492=DIRECTION('',(1.,0.,0.));
#7493=DIRECTION('',(0.,0.,1.));
#7494=DIRECTION('',(1.,0.,0.));
#7495=DIRECTION('',(0.,0.,1.));
#7496=DIRECTION('',(1.,0.,0.));
#7497=DIRECTION('',(0.,-1.,0.));
#7498=DIRECTION('',(0.,0.,-1.));
#7499=DIRECTION('',(0.,-1.,0.));
#7500=DIRECTION('',(0.,0.,-1.));
#7501=DIRECTION('',(0.,-1.,0.));
#7502=DIRECTION('',(0.,0.,-1.));
#7503=DIRECTION('',(1.,0.,0.));
#7504=DIRECTION('',(0.,0.,-1.));
#7505=DIRECTION('',(1.,0.,0.));
#7506=DIRECTION('',(0.,0.,-1.));
#7507=DIRECTION('',(1.,0.,0.));
#7508=DIRECTION('',(0.,0.,-1.));
#7509=DIRECTION('',(-1.,0.,0.));
#7510=DIRECTION('',(0.,0.,1.));
#7511=DIRECTION('',(-1.,0.,0.));
#7512=DIRECTION('',(0.,0.,1.));
#7513=DIRECTION('',(-1.,0.,0.));
#7514=DIRECTION('',(0.,0.,1.));
#7515=DIRECTION('',(0.,1.,0.));
#7516=DIRECTION('',(0.,0.,1.));
#7517=DIRECTION('',(0.,1.,0.));
#7518=DIRECTION('',(0.,0.,1.));
#7519=DIRECTION('',(0.,1.,0.));
#7520=DIRECTION('',(0.,0.,1.));
#7521=DIRECTION('',(0.,0.,1.));
#7522=DIRECTION('',(1.,0.,0.));
#7523=DIRECTION('',(0.,0.,-1.));
#7524=DIRECTION('',(-1.,0.,0.));
#7525=DIRECTION('',(0.,0.,1.));
#7526=DIRECTION('',(1.,0.,0.));
#7527=DIRECTION('',(0.,0.,-1.));
#7528=DIRECTION('',(-1.,0.,0.));
#7529=DIRECTION('',(0.,0.,1.));
#7530=DIRECTION('',(1.,0.,0.));
#7531=DIRECTION('',(0.,0.,1.));
#7532=DIRECTION('',(1.,0.,0.));
#7533=DIRECTION('',(0.,0.,1.));
#7534=DIRECTION('',(1.,0.,0.));
#7535=DIRECTION('',(0.,0.,1.));
#7536=DIRECTION('',(1.,0.,0.));
#7537=DIRECTION('',(0.,0.,1.));
#7538=DIRECTION('',(1.,0.,0.));
#7539=DIRECTION('',(0.,0.,-1.));
#7540=DIRECTION('',(0.,0.,-1.));
#7541=DIRECTION('',(1.,0.,0.));
#7542=DIRECTION('',(0.,0.,-1.));
#7543=DIRECTION('',(0.,-1.,0.));
#7544=DIRECTION('',(0.,0.,-1.));
#7545=DIRECTION('',(0.,-1.,0.));
#7546=DIRECTION('',(0.,0.,-1.));
#7547=DIRECTION('',(0.,0.,-1.));
#7548=DIRECTION('',(0.,1.,0.));
#7549=DIRECTION('',(0.,0.,1.));
#7550=DIRECTION('',(1.,0.,0.));
#7551=DIRECTION('',(0.,0.,-1.));
#7552=DIRECTION('',(1.,0.,0.));
#7553=DIRECTION('',(-0.935286257456284,0.353892097415891,0.));
#7554=DIRECTION('',(-0.353892097415891,-0.935286257456284,0.));
#7555=DIRECTION('',(0.353892097415891,0.935286257456284,0.));
#7556=DIRECTION('',(0.,0.,-1.));
#7557=DIRECTION('',(0.353892097415891,0.935286257456284,0.));
#7558=DIRECTION('',(0.,0.,-1.));
#7559=DIRECTION('',(0.,0.,-1.));
#7560=DIRECTION('',(-1.,0.,0.));
#7561=DIRECTION('',(0.,0.,1.));
#7562=DIRECTION('',(0.,1.,0.));
#7563=DIRECTION('',(0.,0.,-1.));
#7564=DIRECTION('',(0.,1.,0.));
#7565=DIRECTION('',(0.,0.,-1.));
#7566=DIRECTION('',(0.,0.,-1.));
#7567=DIRECTION('',(-0.936070745521105,-0.351811823820013,0.));
#7568=DIRECTION('',(0.351811823820013,-0.936070745521105,0.));
#7569=DIRECTION('',(-0.351811823820013,0.936070745521105,0.));
#7570=DIRECTION('',(0.,0.,-1.));
#7571=DIRECTION('',(-0.351811823820013,0.936070745521105,0.));
#7572=DIRECTION('',(0.,-1.,0.));
#7573=DIRECTION('',(0.,0.,-1.));
#7574=DIRECTION('',(-1.,0.,0.));
#7575=DIRECTION('',(0.,0.,-1.));
#7576=DIRECTION('',(-1.,0.,0.));
#7577=DIRECTION('',(0.,0.,1.));
#7578=DIRECTION('',(1.,0.,0.));
#7579=DIRECTION('',(0.,0.,1.));
#7580=DIRECTION('',(1.,0.,0.));
#7581=DIRECTION('',(0.,0.,1.));
#7582=DIRECTION('',(1.,0.,0.));
#7583=DIRECTION('',(0.,-1.,0.));
#7584=DIRECTION('',(0.,0.,-1.));
#7585=DIRECTION('',(-1.,0.,0.));
#7586=DIRECTION('',(0.,0.,-1.));
#7587=DIRECTION('',(-1.,0.,0.));
#7588=DIRECTION('',(0.,0.,-1.));
#7589=DIRECTION('',(1.,0.,0.));
#7590=DIRECTION('',(0.,0.,-1.));
#7591=DIRECTION('',(0.,-1.,0.));
#7592=DIRECTION('',(0.,0.,-1.));
#7593=DIRECTION('',(0.,-1.,0.));
#7594=DIRECTION('',(0.,1.,0.));
#7595=DIRECTION('',(0.,0.,1.));
#7596=DIRECTION('',(1.,0.,0.));
#7597=DIRECTION('',(0.,0.,-1.));
#7598=DIRECTION('',(1.,0.,0.));
#7599=DIRECTION('',(-1.,0.,0.));
#7600=DIRECTION('',(0.,0.,1.));
#7601=DIRECTION('',(0.,1.,0.));
#7602=DIRECTION('',(0.,1.,0.));
#7603=DIRECTION('',(0.,0.,1.));
#7604=DIRECTION('',(1.,0.,0.));
#7605=DIRECTION('',(0.,0.,1.));
#7606=DIRECTION('',(1.,0.,0.));
#7607=DIRECTION('',(0.,0.,1.));
#7608=DIRECTION('',(1.,0.,0.));
#7609=DIRECTION('',(0.,-1.,0.));
#7610=DIRECTION('',(0.,0.,-1.));
#7611=DIRECTION('',(-1.,0.,0.));
#7612=DIRECTION('',(0.,0.,-1.));
#7613=DIRECTION('',(-1.,0.,0.));
#7614=DIRECTION('',(0.,0.,-1.));
#7615=DIRECTION('',(1.,0.,0.));
#7616=DIRECTION('',(0.,0.,-1.));
#7617=DIRECTION('',(0.,-1.,0.));
#7618=DIRECTION('',(0.,0.,-1.));
#7619=DIRECTION('',(0.,-1.,0.));
#7620=DIRECTION('',(0.,1.,0.));
#7621=DIRECTION('',(0.,0.,1.));
#7622=DIRECTION('',(1.,0.,0.));
#7623=DIRECTION('',(0.,0.,-1.));
#7624=DIRECTION('',(1.,0.,0.));
#7625=DIRECTION('',(-1.,0.,0.));
#7626=DIRECTION('',(0.,0.,1.));
#7627=DIRECTION('',(0.,1.,0.));
#7628=DIRECTION('',(0.,1.,0.));
#7629=DIRECTION('',(0.,0.,1.));
#7630=DIRECTION('',(1.,0.,0.));
#7631=DIRECTION('',(0.,0.,1.));
#7632=DIRECTION('',(1.,0.,0.));
#7633=DIRECTION('',(0.,0.,1.));
#7634=DIRECTION('',(1.,0.,0.));
#7635=DIRECTION('',(1.,0.,0.));
#7636=DIRECTION('',(0.,0.,-1.));
#7637=DIRECTION('',(0.,-1.,0.));
#7638=DIRECTION('',(0.,0.,-1.));
#7639=DIRECTION('',(0.,-1.,0.));
#7640=DIRECTION('',(0.,0.,-1.));
#7641=DIRECTION('',(0.,-1.,0.));
#7642=DIRECTION('',(0.,0.,-1.));
#7643=DIRECTION('',(-1.,0.,0.));
#7644=DIRECTION('',(0.,0.,-1.));
#7645=DIRECTION('',(-1.,0.,0.));
#7646=DIRECTION('',(0.,0.,-1.));
#7647=DIRECTION('',(0.,0.,-1.));
#7648=DIRECTION('',(-1.,0.,0.));
#7649=DIRECTION('',(0.,0.,1.));
#7650=DIRECTION('',(0.,1.,0.));
#7651=DIRECTION('',(0.,0.,-1.));
#7652=DIRECTION('',(0.,1.,0.));
#7653=DIRECTION('',(0.,0.,-1.));
#7654=DIRECTION('',(0.,0.,-1.));
#7655=DIRECTION('',(0.,0.,-1.));
#7656=DIRECTION('',(0.,0.,-1.));
#7657=DIRECTION('',(0.,1.,0.));
#7658=DIRECTION('',(0.,0.,1.));
#7659=DIRECTION('',(1.,0.,0.));
#7660=DIRECTION('',(0.,0.,-1.));
#7661=DIRECTION('',(1.,0.,0.));
#7662=DIRECTION('',(-1.,0.,0.));
#7663=DIRECTION('',(0.,0.,1.));
#7664=DIRECTION('',(0.,1.,0.));
#7665=DIRECTION('',(0.,0.,-1.));
#7666=DIRECTION('',(0.,1.,0.));
#7667=DIRECTION('',(-0.190652506911711,-0.981657588779448,0.));
#7668=DIRECTION('',(0.981657588779448,-0.190652506911711,0.));
#7669=DIRECTION('',(-0.981657588779448,0.190652506911711,0.));
#7670=DIRECTION('',(0.,0.,-1.));
#7671=DIRECTION('',(-0.981657588779448,0.190652506911711,0.));
#7672=DIRECTION('',(-1.,0.,0.));
#7673=DIRECTION('',(0.,0.,1.));
#7674=DIRECTION('',(0.,1.,0.));
#7675=DIRECTION('',(0.,0.,-1.));
#7676=DIRECTION('',(0.,1.,0.));
#7677=DIRECTION('',(-0.190652506911711,0.981657588779448,0.));
#7678=DIRECTION('',(-0.981657588779448,-0.190652506911711,0.));
#7679=DIRECTION('',(0.981657588779448,0.190652506911711,0.));
#7680=DIRECTION('',(0.,0.,-1.));
#7681=DIRECTION('',(0.981657588779448,0.190652506911711,0.));
#7682=DIRECTION('',(-1.,0.,0.));
#7683=DIRECTION('',(0.,0.,1.));
#7684=DIRECTION('',(0.,1.,0.));
#7685=DIRECTION('',(0.,0.,-1.));
#7686=DIRECTION('',(0.,1.,0.));
#7687=DIRECTION('',(0.,-1.,0.));
#7688=DIRECTION('',(0.,0.,-1.));
#7689=DIRECTION('',(-1.,0.,0.));
#7690=DIRECTION('',(0.,0.,-1.));
#7691=DIRECTION('',(-1.,0.,0.));
#7692=DIRECTION('',(0.,0.,-1.));
#7693=DIRECTION('',(0.,0.,-1.));
#7694=DIRECTION('',(1.,0.,0.));
#7695=DIRECTION('',(0.,0.,-1.));
#7696=DIRECTION('',(0.,-1.,0.));
#7697=DIRECTION('',(0.,0.,-1.));
#7698=DIRECTION('',(0.,-1.,0.));
#7699=DIRECTION('',(0.,1.,0.));
#7700=DIRECTION('',(0.,0.,1.));
#7701=DIRECTION('',(1.,0.,0.));
#7702=DIRECTION('',(1.,0.,0.));
#7703=DIRECTION('',(0.,0.,1.));
#7704=DIRECTION('',(1.,0.,0.));
#7705=DIRECTION('',(0.,0.,1.));
#7706=DIRECTION('',(1.,0.,0.));
#7707=DIRECTION('',(0.,0.,1.));
#7708=DIRECTION('',(1.,0.,0.));
#7709=DIRECTION('',(0.,1.,0.));
#7710=DIRECTION('',(0.,0.,1.));
#7711=DIRECTION('',(1.,0.,0.));
#7712=DIRECTION('',(0.,0.,-1.));
#7713=DIRECTION('',(1.,0.,0.));
#7714=DIRECTION('',(0.,0.,-1.));
#7715=DIRECTION('',(0.952417248299255,-0.304797285325962,0.));
#7716=DIRECTION('',(0.304797285325962,0.952417248299255,0.));
#7717=DIRECTION('',(-0.304797285325962,-0.952417248299255,0.));
#7718=DIRECTION('',(0.,0.,-1.));
#7719=DIRECTION('',(-0.304797285325962,-0.952417248299255,0.));
#7720=DIRECTION('',(0.,-1.,0.));
#7721=DIRECTION('',(0.,0.,-1.));
#7722=DIRECTION('',(-1.,0.,0.));
#7723=DIRECTION('',(0.,0.,-1.));
#7724=DIRECTION('',(-1.,0.,0.));
#7725=DIRECTION('',(-0.143126483222887,0.989704405264647,0.));
#7726=DIRECTION('',(-0.989704405264647,-0.143126483222887,0.));
#7727=DIRECTION('',(0.989704405264647,0.143126483222887,0.));
#7728=DIRECTION('',(0.,0.,-1.));
#7729=DIRECTION('',(0.989704405264647,0.143126483222887,0.));
#7730=DIRECTION('',(0.,0.,-1.));
#7731=DIRECTION('',(-1.,0.,0.));
#7732=DIRECTION('',(0.,0.,1.));
#7733=DIRECTION('',(0.,1.,0.));
#7734=DIRECTION('',(0.,0.,-1.));
#7735=DIRECTION('',(0.,1.,0.));
#7736=DIRECTION('',(0.,-1.,0.));
#7737=DIRECTION('',(0.,0.,-1.));
#7738=DIRECTION('',(-1.,0.,0.));
#7739=DIRECTION('',(0.,0.,-1.));
#7740=DIRECTION('',(-1.,0.,0.));
#7741=DIRECTION('',(1.,0.,0.));
#7742=DIRECTION('',(0.,0.,-1.));
#7743=DIRECTION('',(0.,-1.,0.));
#7744=DIRECTION('',(0.,0.,-1.));
#7745=DIRECTION('',(0.,-1.,0.));
#7746=DIRECTION('',(0.175033334717494,0.984562507785907,0.));
#7747=DIRECTION('',(-0.984562507785907,0.175033334717494,0.));
#7748=DIRECTION('',(0.984562507785907,-0.175033334717494,0.));
#7749=DIRECTION('',(0.,0.,-1.));
#7750=DIRECTION('',(0.984562507785907,-0.175033334717494,0.));
#7751=DIRECTION('',(0.952424147199324,-0.304775727103783,0.));
#7752=DIRECTION('',(0.304775727103784,0.952424147199324,0.));
#7753=DIRECTION('',(-0.304775727103783,-0.952424147199324,0.));
#7754=DIRECTION('',(0.,0.,-1.));
#7755=DIRECTION('',(-0.304775727103783,-0.952424147199324,0.));
#7756=DIRECTION('',(0.,-1.,0.));
#7757=DIRECTION('',(0.,0.,-1.));
#7758=DIRECTION('',(-1.,0.,0.));
#7759=DIRECTION('',(0.,0.,-1.));
#7760=DIRECTION('',(-1.,0.,0.));
#7761=DIRECTION('',(-0.952424147199324,-0.304775727103783,0.));
#7762=DIRECTION('',(0.304775727103784,-0.952424147199324,0.));
#7763=DIRECTION('',(-0.304775727103783,0.952424147199324,0.));
#7764=DIRECTION('',(0.,0.,-1.));
#7765=DIRECTION('',(-0.304775727103783,0.952424147199324,0.));
#7766=DIRECTION('',(-0.174496323485772,0.984657825384,0.));
#7767=DIRECTION('',(-0.984657825384001,-0.174496323485772,0.));
#7768=DIRECTION('',(0.984657825384,0.174496323485772,0.));
#7769=DIRECTION('',(0.,0.,-1.));
#7770=DIRECTION('',(0.984657825384,0.174496323485772,0.));
#7771=DIRECTION('',(-1.,0.,0.));
#7772=DIRECTION('',(0.,0.,1.));
#7773=DIRECTION('',(0.,1.,0.));
#7774=DIRECTION('',(0.,0.,-1.));
#7775=DIRECTION('',(0.,1.,0.));
#7776=DIRECTION('',(0.,-1.,0.));
#7777=DIRECTION('',(0.,0.,-1.));
#7778=DIRECTION('',(-1.,0.,0.));
#7779=DIRECTION('',(0.,0.,-1.));
#7780=DIRECTION('',(-1.,0.,0.));
#7781=DIRECTION('',(1.,0.,0.));
#7782=DIRECTION('',(0.,0.,-1.));
#7783=DIRECTION('',(0.,-1.,0.));
#7784=DIRECTION('',(0.,0.,-1.));
#7785=DIRECTION('',(0.,-1.,0.));
#7786=DIRECTION('',(0.143126483222887,0.989704405264647,0.));
#7787=DIRECTION('',(-0.989704405264647,0.143126483222887,0.));
#7788=DIRECTION('',(0.989704405264647,-0.143126483222887,0.));
#7789=DIRECTION('',(0.,0.,-1.));
#7790=DIRECTION('',(0.989704405264647,-0.143126483222887,0.));
#7791=DIRECTION('',(0.944570859583003,0.328307616766084,0.));
#7792=DIRECTION('',(-0.328307616766084,0.944570859583003,0.));
#7793=DIRECTION('',(0.328307616766084,-0.944570859583003,0.));
#7794=DIRECTION('',(0.,0.,-1.));
#7795=DIRECTION('',(0.328307616766084,-0.944570859583003,0.));
#7796=DIRECTION('',(0.,1.,0.));
#7797=DIRECTION('',(0.,0.,1.));
#7798=DIRECTION('',(1.,0.,0.));
#7799=DIRECTION('',(0.,0.,-1.));
#7800=DIRECTION('',(1.,0.,0.));
#7801=DIRECTION('',(-0.943828596264021,0.330435441310837,0.));
#7802=DIRECTION('',(-0.330435441310837,-0.943828596264021,0.));
#7803=DIRECTION('',(0.330435441310837,0.943828596264021,0.));
#7804=DIRECTION('',(0.330435441310837,0.943828596264021,0.));
#7805=DIRECTION('',(-0.952417248299255,-0.304797285325962,0.));
#7806=DIRECTION('',(0.304797285325962,-0.952417248299255,0.));
#7807=DIRECTION('',(-0.304797285325962,0.952417248299255,0.));
#7808=DIRECTION('',(-0.304797285325962,0.952417248299255,0.));
#7809=DIRECTION('',(0.,0.,1.));
#7810=DIRECTION('',(1.,0.,0.));
#7811=DIRECTION('',(0.,0.,1.));
#7812=DIRECTION('',(1.,0.,0.));
#7813=DIRECTION('',(0.,0.,1.));
#7814=DIRECTION('',(1.,0.,0.));
#7815=DIRECTION('',(0.,1.,0.));
#7816=DIRECTION('',(0.,0.,1.));
#7817=DIRECTION('',(1.,0.,0.));
#7818=DIRECTION('',(0.,0.,-1.));
#7819=DIRECTION('',(1.,0.,0.));
#7820=DIRECTION('',(0.,0.,-1.));
#7821=DIRECTION('',(1.,0.,0.));
#7822=DIRECTION('',(0.,0.,-1.));
#7823=DIRECTION('',(0.,-1.,0.));
#7824=DIRECTION('',(0.,0.,-1.));
#7825=DIRECTION('',(0.,-1.,0.));
#7826=DIRECTION('',(0.,-1.,0.));
#7827=DIRECTION('',(0.,0.,-1.));
#7828=DIRECTION('',(-1.,0.,0.));
#7829=DIRECTION('',(0.,0.,-1.));
#7830=DIRECTION('',(-1.,0.,0.));
#7831=DIRECTION('',(0.,0.,-1.));
#7832=DIRECTION('',(0.,0.,-1.));
#7833=DIRECTION('',(0.,0.,-1.));
#7834=DIRECTION('',(0.,0.,-1.));
#7835=DIRECTION('',(0.,0.,-1.));
#7836=DIRECTION('',(0.,1.,0.));
#7837=DIRECTION('',(0.,0.,1.));
#7838=DIRECTION('',(1.,0.,0.));
#7839=DIRECTION('',(0.,0.,-1.));
#7840=DIRECTION('',(1.,0.,0.));
#7841=DIRECTION('',(-1.,0.,0.));
#7842=DIRECTION('',(0.,0.,1.));
#7843=DIRECTION('',(0.,1.,0.));
#7844=DIRECTION('',(0.,0.,-1.));
#7845=DIRECTION('',(0.,1.,0.));
#7846=DIRECTION('',(-0.190652506911711,-0.981657588779448,0.));
#7847=DIRECTION('',(0.981657588779448,-0.190652506911711,0.));
#7848=DIRECTION('',(-0.981657588779448,0.190652506911711,0.));
#7849=DIRECTION('',(0.,0.,-1.));
#7850=DIRECTION('',(-0.981657588779448,0.190652506911711,0.));
#7851=DIRECTION('',(-1.,0.,0.));
#7852=DIRECTION('',(0.,0.,1.));
#7853=DIRECTION('',(0.,1.,0.));
#7854=DIRECTION('',(0.,0.,-1.));
#7855=DIRECTION('',(0.,1.,0.));
#7856=DIRECTION('',(-0.190652506911711,0.981657588779448,0.));
#7857=DIRECTION('',(-0.981657588779448,-0.190652506911711,0.));
#7858=DIRECTION('',(0.981657588779448,0.190652506911711,0.));
#7859=DIRECTION('',(0.,0.,-1.));
#7860=DIRECTION('',(0.981657588779448,0.190652506911711,0.));
#7861=DIRECTION('',(-1.,0.,0.));
#7862=DIRECTION('',(0.,0.,1.));
#7863=DIRECTION('',(0.,1.,0.));
#7864=DIRECTION('',(0.,0.,-1.));
#7865=DIRECTION('',(0.,1.,0.));
#7866=DIRECTION('',(0.,-1.,0.));
#7867=DIRECTION('',(0.,0.,-1.));
#7868=DIRECTION('',(-1.,0.,0.));
#7869=DIRECTION('',(0.,0.,-1.));
#7870=DIRECTION('',(-1.,0.,0.));
#7871=DIRECTION('',(1.,0.,0.));
#7872=DIRECTION('',(0.,0.,-1.));
#7873=DIRECTION('',(0.,-1.,0.));
#7874=DIRECTION('',(0.,0.,-1.));
#7875=DIRECTION('',(0.,-1.,0.));
#7876=DIRECTION('',(0.189520366048001,0.9818767900572,0.));
#7877=DIRECTION('',(-0.9818767900572,0.189520366048001,0.));
#7878=DIRECTION('',(0.9818767900572,-0.189520366048001,0.));
#7879=DIRECTION('',(0.,0.,-1.));
#7880=DIRECTION('',(0.9818767900572,-0.189520366048001,0.));
#7881=DIRECTION('',(1.,0.,0.));
#7882=DIRECTION('',(0.,0.,-1.));
#7883=DIRECTION('',(0.,-1.,0.));
#7884=DIRECTION('',(0.,0.,-1.));
#7885=DIRECTION('',(0.,-1.,0.));
#7886=DIRECTION('',(0.,-1.,0.));
#7887=DIRECTION('',(0.,0.,-1.));
#7888=DIRECTION('',(-1.,0.,0.));
#7889=DIRECTION('',(0.,0.,-1.));
#7890=DIRECTION('',(-1.,0.,0.));
#7891=DIRECTION('',(0.,0.,-1.));
#7892=DIRECTION('',(0.,0.,-1.));
#7893=DIRECTION('',(0.,0.,1.));
#7894=DIRECTION('',(1.,0.,0.));
#7895=DIRECTION('',(0.,0.,1.));
#7896=DIRECTION('',(1.,0.,0.));
#7897=DIRECTION('',(0.,0.,1.));
#7898=DIRECTION('',(1.,0.,0.));
#7899=DIRECTION('',(0.,-1.,0.));
#7900=DIRECTION('',(0.,0.,-1.));
#7901=DIRECTION('',(-1.,0.,0.));
#7902=DIRECTION('',(0.,0.,-1.));
#7903=DIRECTION('',(-1.,0.,0.));
#7904=DIRECTION('',(0.,0.,-1.));
#7905=DIRECTION('',(1.,0.,0.));
#7906=DIRECTION('',(0.,0.,-1.));
#7907=DIRECTION('',(0.,-1.,0.));
#7908=DIRECTION('',(0.,0.,-1.));
#7909=DIRECTION('',(0.,-1.,0.));
#7910=DIRECTION('',(0.,1.,0.));
#7911=DIRECTION('',(0.,0.,1.));
#7912=DIRECTION('',(1.,0.,0.));
#7913=DIRECTION('',(0.,0.,-1.));
#7914=DIRECTION('',(1.,0.,0.));
#7915=DIRECTION('',(-1.,0.,0.));
#7916=DIRECTION('',(0.,0.,1.));
#7917=DIRECTION('',(0.,1.,0.));
#7918=DIRECTION('',(0.,1.,0.));
#7919=DIRECTION('',(0.,0.,1.));
#7920=DIRECTION('',(1.,0.,0.));
#7921=DIRECTION('',(0.,0.,1.));
#7922=DIRECTION('',(1.,0.,0.));
#7923=DIRECTION('',(0.,0.,1.));
#7924=DIRECTION('',(1.,0.,0.));
#7925=DIRECTION('',(0.,-1.,0.));
#7926=DIRECTION('',(0.,0.,-1.));
#7927=DIRECTION('',(-1.,0.,0.));
#7928=DIRECTION('',(0.,0.,-1.));
#7929=DIRECTION('',(-1.,0.,0.));
#7930=DIRECTION('',(0.,0.,-1.));
#7931=DIRECTION('',(1.,0.,0.));
#7932=DIRECTION('',(0.,0.,-1.));
#7933=DIRECTION('',(0.,-1.,0.));
#7934=DIRECTION('',(0.,0.,-1.));
#7935=DIRECTION('',(0.,-1.,0.));
#7936=DIRECTION('',(0.,1.,0.));
#7937=DIRECTION('',(0.,0.,1.));
#7938=DIRECTION('',(1.,0.,0.));
#7939=DIRECTION('',(0.,0.,-1.));
#7940=DIRECTION('',(1.,0.,0.));
#7941=DIRECTION('',(1.,0.,0.));
#7942=DIRECTION('',(0.,0.,-1.));
#7943=DIRECTION('',(0.,-1.,0.));
#7944=DIRECTION('',(0.,0.,-1.));
#7945=DIRECTION('',(0.,-1.,0.));
#7946=DIRECTION('',(0.,-1.,0.));
#7947=DIRECTION('',(0.,0.,-1.));
#7948=DIRECTION('',(-1.,0.,0.));
#7949=DIRECTION('',(0.,0.,-1.));
#7950=DIRECTION('',(-1.,0.,0.));
#7951=DIRECTION('',(-0.997171901499632,-0.0751544999292002,0.));
#7952=DIRECTION('',(0.0751544999292002,-0.997171901499632,0.));
#7953=DIRECTION('',(-0.0751544999292002,0.997171901499632,0.));
#7954=DIRECTION('',(0.,0.,-1.));
#7955=DIRECTION('',(-0.0751544999292002,0.997171901499632,0.));
#7956=DIRECTION('',(0.,-1.,0.));
#7957=DIRECTION('',(0.,0.,-1.));
#7958=DIRECTION('',(-1.,0.,0.));
#7959=DIRECTION('',(0.,0.,-1.));
#7960=DIRECTION('',(-1.,0.,0.));
#7961=DIRECTION('',(1.,0.,0.));
#7962=DIRECTION('',(0.,0.,-1.));
#7963=DIRECTION('',(0.,-1.,0.));
#7964=DIRECTION('',(0.,0.,-1.));
#7965=DIRECTION('',(0.,-1.,0.));
#7966=DIRECTION('',(0.,1.,0.));
#7967=DIRECTION('',(0.,0.,1.));
#7968=DIRECTION('',(1.,0.,0.));
#7969=DIRECTION('',(0.,0.,-1.));
#7970=DIRECTION('',(1.,0.,0.));
#7971=DIRECTION('',(-1.,0.,0.));
#7972=DIRECTION('',(0.,0.,1.));
#7973=DIRECTION('',(0.,1.,0.));
#7974=DIRECTION('',(0.,0.,-1.));
#7975=DIRECTION('',(0.,1.,0.));
#7976=DIRECTION('',(-0.190652506911711,-0.981657588779448,0.));
#7977=DIRECTION('',(0.981657588779448,-0.190652506911711,0.));
#7978=DIRECTION('',(-0.981657588779448,0.190652506911711,0.));
#7979=DIRECTION('',(0.,0.,-1.));
#7980=DIRECTION('',(-0.981657588779448,0.190652506911711,0.));
#7981=DIRECTION('',(-1.,0.,0.));
#7982=DIRECTION('',(0.,0.,1.));
#7983=DIRECTION('',(0.,1.,0.));
#7984=DIRECTION('',(0.,0.,-1.));
#7985=DIRECTION('',(0.,1.,0.));
#7986=DIRECTION('',(-0.190652506911711,0.981657588779448,0.));
#7987=DIRECTION('',(-0.981657588779448,-0.190652506911711,0.));
#7988=DIRECTION('',(0.981657588779448,0.190652506911711,0.));
#7989=DIRECTION('',(0.,0.,-1.));
#7990=DIRECTION('',(0.981657588779448,0.190652506911711,0.));
#7991=DIRECTION('',(-1.,0.,0.));
#7992=DIRECTION('',(0.,0.,1.));
#7993=DIRECTION('',(0.,1.,0.));
#7994=DIRECTION('',(0.,0.,-1.));
#7995=DIRECTION('',(0.,1.,0.));
#7996=DIRECTION('',(0.,-1.,0.));
#7997=DIRECTION('',(0.,0.,-1.));
#7998=DIRECTION('',(-1.,0.,0.));
#7999=DIRECTION('',(0.,0.,-1.));
#8000=DIRECTION('',(-1.,0.,0.));
#8001=DIRECTION('',(1.,0.,0.));
#8002=DIRECTION('',(0.,0.,-1.));
#8003=DIRECTION('',(0.,-1.,0.));
#8004=DIRECTION('',(0.,0.,-1.));
#8005=DIRECTION('',(0.,-1.,0.));
#8006=DIRECTION('',(0.,1.,0.));
#8007=DIRECTION('',(0.,0.,1.));
#8008=DIRECTION('',(1.,0.,0.));
#8009=DIRECTION('',(0.,0.,-1.));
#8010=DIRECTION('',(1.,0.,0.));
#8011=DIRECTION('',(-0.997307625290336,0.0733314430360541,0.));
#8012=DIRECTION('',(-0.0733314430360541,-0.997307625290336,0.));
#8013=DIRECTION('',(0.0733314430360541,0.997307625290336,0.));
#8014=DIRECTION('',(0.,0.,-1.));
#8015=DIRECTION('',(0.0733314430360541,0.997307625290336,0.));
#8016=DIRECTION('',(0.,1.,0.));
#8017=DIRECTION('',(0.,0.,1.));
#8018=DIRECTION('',(1.,0.,0.));
#8019=DIRECTION('',(0.,0.,-1.));
#8020=DIRECTION('',(1.,0.,0.));
#8021=DIRECTION('',(1.,0.,0.));
#8022=DIRECTION('',(0.,0.,-1.));
#8023=DIRECTION('',(0.,-1.,0.));
#8024=DIRECTION('',(0.,-1.,0.));
#8025=DIRECTION('',(0.,0.,1.));
#8026=DIRECTION('',(1.,0.,0.));
#8027=DIRECTION('',(0.,0.,1.));
#8028=DIRECTION('',(1.,0.,0.));
#8029=DIRECTION('',(0.,0.,1.));
#8030=DIRECTION('',(1.,0.,0.));
#8031=DIRECTION('',(0.,1.,0.));
#8032=DIRECTION('',(0.,0.,1.));
#8033=DIRECTION('',(1.,0.,0.));
#8034=DIRECTION('',(0.,0.,-1.));
#8035=DIRECTION('',(1.,0.,0.));
#8036=DIRECTION('',(0.,0.,-1.));
#8037=DIRECTION('',(0.952417248299255,-0.304797285325962,0.));
#8038=DIRECTION('',(0.304797285325962,0.952417248299255,0.));
#8039=DIRECTION('',(-0.304797285325962,-0.952417248299255,0.));
#8040=DIRECTION('',(0.,0.,-1.));
#8041=DIRECTION('',(-0.304797285325962,-0.952417248299255,0.));
#8042=DIRECTION('',(0.,-1.,0.));
#8043=DIRECTION('',(0.,0.,-1.));
#8044=DIRECTION('',(-1.,0.,0.));
#8045=DIRECTION('',(0.,0.,-1.));
#8046=DIRECTION('',(-1.,0.,0.));
#8047=DIRECTION('',(-0.143126483222887,0.989704405264647,0.));
#8048=DIRECTION('',(-0.989704405264647,-0.143126483222887,0.));
#8049=DIRECTION('',(0.989704405264647,0.143126483222887,0.));
#8050=DIRECTION('',(0.,0.,-1.));
#8051=DIRECTION('',(0.989704405264647,0.143126483222887,0.));
#8052=DIRECTION('',(0.,0.,-1.));
#8053=DIRECTION('',(-1.,0.,0.));
#8054=DIRECTION('',(0.,0.,1.));
#8055=DIRECTION('',(0.,1.,0.));
#8056=DIRECTION('',(0.,0.,-1.));
#8057=DIRECTION('',(0.,1.,0.));
#8058=DIRECTION('',(0.,-1.,0.));
#8059=DIRECTION('',(0.,0.,-1.));
#8060=DIRECTION('',(-1.,0.,0.));
#8061=DIRECTION('',(0.,0.,-1.));
#8062=DIRECTION('',(-1.,0.,0.));
#8063=DIRECTION('',(1.,0.,0.));
#8064=DIRECTION('',(0.,0.,-1.));
#8065=DIRECTION('',(0.,-1.,0.));
#8066=DIRECTION('',(0.,0.,-1.));
#8067=DIRECTION('',(0.,-1.,0.));
#8068=DIRECTION('',(0.175033334717494,0.984562507785907,0.));
#8069=DIRECTION('',(-0.984562507785907,0.175033334717494,0.));
#8070=DIRECTION('',(0.984562507785907,-0.175033334717494,0.));
#8071=DIRECTION('',(0.,0.,-1.));
#8072=DIRECTION('',(0.984562507785907,-0.175033334717494,0.));
#8073=DIRECTION('',(0.952424147199324,-0.304775727103783,0.));
#8074=DIRECTION('',(0.304775727103784,0.952424147199324,0.));
#8075=DIRECTION('',(-0.304775727103783,-0.952424147199324,0.));
#8076=DIRECTION('',(0.,0.,-1.));
#8077=DIRECTION('',(-0.304775727103783,-0.952424147199324,0.));
#8078=DIRECTION('',(0.,-1.,0.));
#8079=DIRECTION('',(0.,0.,-1.));
#8080=DIRECTION('',(-1.,0.,0.));
#8081=DIRECTION('',(0.,0.,-1.));
#8082=DIRECTION('',(-1.,0.,0.));
#8083=DIRECTION('',(-0.952424147199324,-0.304775727103783,0.));
#8084=DIRECTION('',(0.304775727103784,-0.952424147199324,0.));
#8085=DIRECTION('',(-0.304775727103783,0.952424147199324,0.));
#8086=DIRECTION('',(0.,0.,-1.));
#8087=DIRECTION('',(-0.304775727103783,0.952424147199324,0.));
#8088=DIRECTION('',(-0.174496323485772,0.984657825384,0.));
#8089=DIRECTION('',(-0.984657825384001,-0.174496323485772,0.));
#8090=DIRECTION('',(0.984657825384,0.174496323485772,0.));
#8091=DIRECTION('',(0.,0.,-1.));
#8092=DIRECTION('',(0.984657825384,0.174496323485772,0.));
#8093=DIRECTION('',(-1.,0.,0.));
#8094=DIRECTION('',(0.,0.,1.));
#8095=DIRECTION('',(0.,1.,0.));
#8096=DIRECTION('',(0.,0.,-1.));
#8097=DIRECTION('',(0.,1.,0.));
#8098=DIRECTION('',(0.,-1.,0.));
#8099=DIRECTION('',(0.,0.,-1.));
#8100=DIRECTION('',(-1.,0.,0.));
#8101=DIRECTION('',(0.,0.,-1.));
#8102=DIRECTION('',(-1.,0.,0.));
#8103=DIRECTION('',(1.,0.,0.));
#8104=DIRECTION('',(0.,0.,-1.));
#8105=DIRECTION('',(0.,-1.,0.));
#8106=DIRECTION('',(0.,0.,-1.));
#8107=DIRECTION('',(0.,-1.,0.));
#8108=DIRECTION('',(0.143126483222887,0.989704405264647,0.));
#8109=DIRECTION('',(-0.989704405264647,0.143126483222887,0.));
#8110=DIRECTION('',(0.989704405264647,-0.143126483222887,0.));
#8111=DIRECTION('',(0.,0.,-1.));
#8112=DIRECTION('',(0.989704405264647,-0.143126483222887,0.));
#8113=DIRECTION('',(0.944570859583003,0.328307616766084,0.));
#8114=DIRECTION('',(-0.328307616766084,0.944570859583003,0.));
#8115=DIRECTION('',(0.328307616766084,-0.944570859583003,0.));
#8116=DIRECTION('',(0.,0.,-1.));
#8117=DIRECTION('',(0.328307616766084,-0.944570859583003,0.));
#8118=DIRECTION('',(0.,1.,0.));
#8119=DIRECTION('',(0.,0.,1.));
#8120=DIRECTION('',(1.,0.,0.));
#8121=DIRECTION('',(0.,0.,-1.));
#8122=DIRECTION('',(1.,0.,0.));
#8123=DIRECTION('',(-0.943828596264021,0.330435441310837,0.));
#8124=DIRECTION('',(-0.330435441310837,-0.943828596264021,0.));
#8125=DIRECTION('',(0.330435441310837,0.943828596264021,0.));
#8126=DIRECTION('',(0.330435441310837,0.943828596264021,0.));
#8127=DIRECTION('',(-0.952417248299255,-0.304797285325962,0.));
#8128=DIRECTION('',(0.304797285325962,-0.952417248299255,0.));
#8129=DIRECTION('',(-0.304797285325962,0.952417248299255,0.));
#8130=DIRECTION('',(-0.304797285325962,0.952417248299255,0.));
#8131=DIRECTION('',(0.,0.,1.));
#8132=DIRECTION('',(1.,0.,0.));
#8133=DIRECTION('',(0.,0.,1.));
#8134=DIRECTION('',(1.,0.,0.));
#8135=DIRECTION('',(0.,0.,1.));
#8136=DIRECTION('',(1.,0.,0.));
#8137=DIRECTION('',(0.,1.,0.));
#8138=DIRECTION('',(0.,0.,1.));
#8139=DIRECTION('',(1.,0.,0.));
#8140=DIRECTION('',(0.,0.,-1.));
#8141=DIRECTION('',(1.,0.,0.));
#8142=DIRECTION('',(0.,0.,-1.));
#8143=DIRECTION('',(1.,0.,0.));
#8144=DIRECTION('',(0.,0.,-1.));
#8145=DIRECTION('',(1.,0.,0.));
#8146=DIRECTION('',(0.,0.,-1.));
#8147=DIRECTION('',(0.,1.,0.));
#8148=DIRECTION('',(0.,0.,1.));
#8149=DIRECTION('',(1.,0.,0.));
#8150=DIRECTION('',(0.,0.,-1.));
#8151=DIRECTION('',(1.,0.,0.));
#8152=DIRECTION('',(0.,0.,-1.));
#8153=DIRECTION('',(1.,0.,0.));
#8154=DIRECTION('',(0.,0.,-1.));
#8155=DIRECTION('',(0.,-1.,0.));
#8156=DIRECTION('',(0.,0.,-1.));
#8157=DIRECTION('',(0.,-1.,0.));
#8158=DIRECTION('',(0.,0.,-1.));
#8159=DIRECTION('',(0.,0.,-1.));
#8160=DIRECTION('',(-1.,0.,0.));
#8161=DIRECTION('',(0.,0.,1.));
#8162=DIRECTION('',(1.,0.,0.));
#8163=DIRECTION('',(0.,0.,1.));
#8164=DIRECTION('',(1.,0.,0.));
#8165=DIRECTION('',(0.,0.,-1.));
#8166=DIRECTION('',(-1.,0.,0.));
#8167=DIRECTION('',(0.,0.,1.));
#8168=DIRECTION('',(1.,0.,0.));
#8169=DIRECTION('',(0.,0.,1.));
#8170=DIRECTION('',(1.,0.,0.));
#8171=DIRECTION('',(0.,0.,-1.));
#8172=DIRECTION('',(-1.,0.,0.));
#8173=DIRECTION('',(0.,0.,1.));
#8174=DIRECTION('',(1.,0.,0.));
#8175=DIRECTION('',(0.,0.,1.));
#8176=DIRECTION('',(1.,0.,0.));
#8177=DIRECTION('',(0.,0.,-1.));
#8178=DIRECTION('',(-1.,0.,0.));
#8179=DIRECTION('',(0.,0.,1.));
#8180=DIRECTION('',(1.,0.,0.));
#8181=DIRECTION('',(0.,0.,1.));
#8182=DIRECTION('',(1.,0.,0.));
#8183=DIRECTION('',(1.,0.,0.));
#8184=DIRECTION('',(0.,0.,-1.));
#8185=DIRECTION('',(0.,-1.,0.));
#8186=DIRECTION('',(0.,0.,-1.));
#8187=DIRECTION('',(0.,-1.,0.));
#8188=DIRECTION('',(0.,0.,-1.));
#8189=DIRECTION('',(0.,0.,1.));
#8190=DIRECTION('',(1.,0.,0.));
#8191=DIRECTION('',(0.,0.,1.));
#8192=DIRECTION('',(1.,0.,0.));
#8193=DIRECTION('',(0.,0.,1.));
#8194=DIRECTION('',(1.,0.,0.));
#8195=DIRECTION('',(0.,0.,1.));
#8196=DIRECTION('',(1.,0.,0.));
#8197=DIRECTION('',(0.,0.,1.));
#8198=DIRECTION('',(1.,0.,0.));
#8199=DIRECTION('',(1.,0.,0.));
#8200=DIRECTION('',(0.,0.,-1.));
#8201=DIRECTION('',(0.,0.,-1.));
#8202=DIRECTION('',(0.,1.,0.));
#8203=DIRECTION('',(0.,0.,-1.));
#8204=DIRECTION('',(0.,-1.,0.));
#8205=DIRECTION('',(0.,1.,0.));
#8206=DIRECTION('',(0.,0.,1.));
#8207=DIRECTION('',(-1.,0.,0.));
#8208=DIRECTION('',(0.,0.,-1.));
#8209=DIRECTION('',(1.,0.,0.));
#8210=DIRECTION('',(1.,0.,0.));
#8211=DIRECTION('',(0.,0.,-1.));
#8212=DIRECTION('',(0.,1.,0.));
#8213=DIRECTION('',(0.,0.,-1.));
#8214=DIRECTION('',(0.,-1.,0.));
#8215=DIRECTION('',(0.,1.,0.));
#8216=DIRECTION('',(0.,0.,1.));
#8217=DIRECTION('',(0.,0.,1.));
#8218=DIRECTION('',(-1.,0.,0.));
#8219=DIRECTION('',(1.,0.,0.));
#8220=DIRECTION('',(-1.,0.,0.));
#8221=DIRECTION('',(0.,0.,1.));
#8222=DIRECTION('',(-1.,0.,0.));
#8223=DIRECTION('',(0.,0.,1.));
#8224=DIRECTION('',(1.,0.,0.));
#8225=DIRECTION('',(0.,0.,1.));
#8226=DIRECTION('',(1.,0.,0.));
#8227=DIRECTION('',(0.,0.,1.));
#8228=DIRECTION('',(1.,0.,0.));
#8229=DIRECTION('',(0.,0.,1.));
#8230=DIRECTION('',(1.,0.,0.));
#8231=DIRECTION('',(0.,0.,1.));
#8232=DIRECTION('',(1.,0.,0.));
#8233=DIRECTION('',(0.,0.,1.));
#8234=DIRECTION('',(1.,0.,0.));
#8235=DIRECTION('',(0.,-1.,0.));
#8236=DIRECTION('',(1.,0.,0.));
#8237=DIRECTION('',(0.,-1.,0.));
#8238=DIRECTION('',(0.,0.,-1.));
#8239=DIRECTION('',(-1.,0.,0.));
#8240=DIRECTION('',(0.,0.,1.));
#8241=DIRECTION('',(1.,0.,0.));
#8242=DIRECTION('',(0.,0.,-1.));
#8243=DIRECTION('',(-1.,0.,0.));
#8244=DIRECTION('',(0.,0.,1.));
#8245=DIRECTION('',(1.,0.,0.));
#8246=DIRECTION('',(0.,0.,-1.));
#8247=DIRECTION('',(-1.,0.,0.));
#8248=DIRECTION('',(0.,-1.,0.));
#8249=DIRECTION('',(0.,-1.,0.));
#8250=DIRECTION('',(-1.,0.,0.));
#8251=DIRECTION('',(0.,0.,1.));
#8252=DIRECTION('',(0.,-1.,0.));
#8253=DIRECTION('',(0.,0.,-1.));
#8254=DIRECTION('',(0.,0.,-1.));
#8255=DIRECTION('',(-1.,0.,0.));
#8256=DIRECTION('',(0.,-1.,0.));
#8257=DIRECTION('',(1.,0.,0.));
#8258=DIRECTION('',(-1.,0.,0.));
#8259=DIRECTION('',(0.,0.,1.));
#8260=DIRECTION('',(0.,0.,-1.));
#8261=DIRECTION('',(0.,-1.,0.));
#8262=DIRECTION('',(1.,0.,0.));
#8263=DIRECTION('',(0.,0.,1.));
#8264=DIRECTION('',(1.,0.,0.));
#8265=DIRECTION('',(0.,-1.,0.));
#8266=DIRECTION('',(-1.,0.,0.));
#8267=DIRECTION('',(0.,0.,-1.));
#8268=DIRECTION('',(-1.,0.,0.));
#8269=DIRECTION('',(0.,0.,-1.));
#8270=DIRECTION('',(1.,0.,0.));
#8271=DIRECTION('',(1.,0.,0.));
#8272=DIRECTION('',(0.,-1.,0.));
#8273=DIRECTION('',(0.,0.,-1.));
#8274=DIRECTION('',(0.,-1.,0.));
#8275=DIRECTION('',(0.,1.,0.));
#8276=DIRECTION('',(-1.,0.,0.));
#8277=DIRECTION('',(0.,1.,0.));
#8278=DIRECTION('',(0.,1.,0.));
#8279=DIRECTION('',(0.,0.,-1.));
#8280=DIRECTION('',(0.,1.,0.));
#8281=DIRECTION('',(0.,0.,1.));
#8282=DIRECTION('',(1.,0.,0.));
#8283=DIRECTION('',(1.,0.,0.));
#8284=DIRECTION('',(0.,0.,-1.));
#8285=DIRECTION('',(-1.,0.,0.));
#8286=DIRECTION('',(0.,0.,-1.));
#8287=DIRECTION('',(-1.,0.,0.));
#8288=DIRECTION('',(0.,0.,-1.));
#8289=DIRECTION('',(-1.,0.,0.));
#8290=DIRECTION('',(0.,0.,-1.));
#8291=DIRECTION('',(-1.,0.,0.));
#8292=DIRECTION('',(0.,0.,-1.));
#8293=DIRECTION('',(-1.,0.,0.));
#8294=DIRECTION('',(0.,0.,-1.));
#8295=DIRECTION('',(-1.,0.,0.));
#8296=DIRECTION('',(0.,0.,-1.));
#8297=DIRECTION('',(-1.,0.,0.));
#8298=DIRECTION('',(0.,0.,-1.));
#8299=DIRECTION('',(-1.,0.,0.));
#8300=DIRECTION('',(0.,0.,-1.));
#8301=DIRECTION('',(-1.,0.,0.));
#8302=DIRECTION('',(0.,0.,-1.));
#8303=DIRECTION('',(-1.,0.,0.));
#8304=DIRECTION('',(0.,0.,-1.));
#8305=DIRECTION('',(-1.,0.,0.));
#8306=DIRECTION('',(0.,0.,-1.));
#8307=DIRECTION('',(-1.,0.,0.));
#8308=DIRECTION('',(0.,0.,-1.));
#8309=DIRECTION('',(-1.,0.,0.));
#8310=DIRECTION('',(0.,0.,-1.));
#8311=DIRECTION('',(-1.,0.,0.));
#8312=DIRECTION('',(0.,0.,-1.));
#8313=DIRECTION('',(-1.,0.,0.));
#8314=DIRECTION('',(0.,0.,-1.));
#8315=DIRECTION('',(-1.,0.,0.));
#8316=DIRECTION('',(0.,0.,-1.));
#8317=DIRECTION('',(-1.,0.,0.));
#8318=DIRECTION('',(0.,0.,-1.));
#8319=DIRECTION('',(-1.,0.,0.));
#8320=DIRECTION('',(0.,0.,-1.));
#8321=DIRECTION('',(-1.,0.,0.));
#8322=DIRECTION('',(0.,0.,-1.));
#8323=DIRECTION('',(-1.,0.,0.));
#8324=DIRECTION('',(0.,0.,-1.));
#8325=DIRECTION('',(-1.,0.,0.));
#8326=DIRECTION('',(0.,0.,-1.));
#8327=DIRECTION('',(-1.,0.,0.));
#8328=DIRECTION('',(0.,0.,-1.));
#8329=DIRECTION('',(-1.,0.,0.));
#8330=DIRECTION('',(0.,0.,-1.));
#8331=DIRECTION('',(-1.,0.,0.));
#8332=DIRECTION('',(0.,0.,-1.));
#8333=DIRECTION('',(-1.,0.,0.));
#8334=DIRECTION('',(0.,0.,-1.));
#8335=DIRECTION('',(-1.,0.,0.));
#8336=DIRECTION('',(0.,0.,-1.));
#8337=DIRECTION('',(-1.,0.,0.));
#8338=DIRECTION('',(0.,0.,-1.));
#8339=DIRECTION('',(-1.,0.,0.));
#8340=DIRECTION('',(0.,0.,-1.));
#8341=DIRECTION('',(-1.,0.,0.));
#8342=DIRECTION('',(0.,0.,-1.));
#8343=DIRECTION('',(-1.,0.,0.));
#8344=DIRECTION('',(0.,0.,-1.));
#8345=DIRECTION('',(-1.,0.,0.));
#8346=DIRECTION('',(0.,0.,-1.));
#8347=DIRECTION('',(-1.,0.,0.));
#8348=DIRECTION('',(0.,0.,-1.));
#8349=DIRECTION('',(-1.,0.,0.));
#8350=DIRECTION('',(0.,0.,-1.));
#8351=DIRECTION('',(-1.,0.,0.));
#8352=DIRECTION('',(0.,0.,-1.));
#8353=DIRECTION('',(-1.,0.,0.));
#8354=DIRECTION('',(0.,0.,-1.));
#8355=DIRECTION('',(-1.,0.,0.));
#8356=DIRECTION('',(0.,0.,-1.));
#8357=DIRECTION('',(-1.,0.,0.));
#8358=DIRECTION('',(0.,0.,-1.));
#8359=DIRECTION('',(-1.,0.,0.));
#8360=DIRECTION('',(0.,0.,-1.));
#8361=DIRECTION('',(-1.,0.,0.));
#8362=DIRECTION('',(0.,0.,-1.));
#8363=DIRECTION('',(-1.,0.,0.));
#8364=DIRECTION('',(0.,0.,-1.));
#8365=DIRECTION('',(-1.,0.,0.));
#8366=DIRECTION('',(0.,0.,-1.));
#8367=DIRECTION('',(-1.,0.,0.));
#8368=DIRECTION('',(0.,0.,-1.));
#8369=DIRECTION('',(-1.,0.,0.));
#8370=DIRECTION('',(0.,0.,-1.));
#8371=DIRECTION('',(-1.,0.,0.));
#8372=DIRECTION('',(0.,0.,-1.));
#8373=DIRECTION('',(-1.,0.,0.));
#8374=DIRECTION('',(0.,0.,-1.));
#8375=DIRECTION('',(-1.,0.,0.));
#8376=DIRECTION('',(0.,0.,-1.));
#8377=DIRECTION('',(-1.,0.,0.));
#8378=DIRECTION('',(0.,0.,-1.));
#8379=DIRECTION('',(-1.,0.,0.));
#8380=DIRECTION('',(0.,0.,-1.));
#8381=DIRECTION('',(-1.,0.,0.));
#8382=DIRECTION('',(0.,0.,-1.));
#8383=DIRECTION('',(-1.,0.,0.));
#8384=DIRECTION('',(0.,0.,-1.));
#8385=DIRECTION('',(-1.,0.,0.));
#8386=DIRECTION('',(0.,0.,-1.));
#8387=DIRECTION('',(-1.,0.,0.));
#8388=DIRECTION('',(0.,0.,-1.));
#8389=DIRECTION('',(-1.,0.,0.));
#8390=DIRECTION('',(0.,0.,-1.));
#8391=DIRECTION('',(-1.,0.,0.));
#8392=DIRECTION('',(0.,0.,-1.));
#8393=DIRECTION('',(-1.,0.,0.));
#8394=DIRECTION('',(0.,0.,-1.));
#8395=DIRECTION('',(-1.,0.,0.));
#8396=DIRECTION('',(0.,0.,-1.));
#8397=DIRECTION('',(-1.,0.,0.));
#8398=DIRECTION('',(0.,0.,-1.));
#8399=DIRECTION('',(-1.,0.,0.));
#8400=DIRECTION('',(0.,0.,-1.));
#8401=DIRECTION('',(-1.,0.,0.));
#8402=DIRECTION('',(0.,0.,-1.));
#8403=DIRECTION('',(-1.,0.,0.));
#8404=DIRECTION('',(0.,0.,-1.));
#8405=DIRECTION('',(-1.,0.,0.));
#8406=DIRECTION('',(0.,0.,-1.));
#8407=DIRECTION('',(-1.,0.,0.));
#8408=DIRECTION('',(0.,0.,-1.));
#8409=DIRECTION('',(-1.,0.,0.));
#8410=DIRECTION('',(0.,0.,-1.));
#8411=DIRECTION('',(-1.,0.,0.));
#8412=DIRECTION('',(0.,0.,-1.));
#8413=DIRECTION('',(-1.,0.,0.));
#8414=DIRECTION('',(0.,0.,-1.));
#8415=DIRECTION('',(-1.,0.,0.));
#8416=DIRECTION('',(0.,0.,-1.));
#8417=DIRECTION('',(-1.,0.,0.));
#8418=DIRECTION('',(0.,0.,-1.));
#8419=DIRECTION('',(-1.,0.,0.));
#8420=DIRECTION('',(0.,0.,-1.));
#8421=DIRECTION('',(-1.,0.,0.));
#8422=DIRECTION('',(0.,0.,-1.));
#8423=DIRECTION('',(-1.,0.,0.));
#8424=DIRECTION('',(0.,0.,-1.));
#8425=DIRECTION('',(-1.,0.,0.));
#8426=DIRECTION('',(0.,0.,-1.));
#8427=DIRECTION('',(-1.,0.,0.));
#8428=DIRECTION('',(0.,0.,-1.));
#8429=DIRECTION('',(-1.,0.,0.));
#8430=DIRECTION('',(0.,0.,-1.));
#8431=DIRECTION('',(-1.,0.,0.));
#8432=DIRECTION('',(0.,0.,-1.));
#8433=DIRECTION('',(-1.,0.,0.));
#8434=DIRECTION('',(0.,0.,-1.));
#8435=DIRECTION('',(-1.,0.,0.));
#8436=DIRECTION('',(0.,0.,-1.));
#8437=DIRECTION('',(-1.,0.,0.));
#8438=DIRECTION('',(0.,0.,-1.));
#8439=DIRECTION('',(-1.,0.,0.));
#8440=DIRECTION('',(0.,0.,-1.));
#8441=DIRECTION('',(-1.,0.,0.));
#8442=DIRECTION('',(0.,0.,-1.));
#8443=DIRECTION('',(-1.,0.,0.));
#8444=DIRECTION('',(0.,0.,-1.));
#8445=DIRECTION('',(-1.,0.,0.));
#8446=DIRECTION('',(0.,0.,-1.));
#8447=DIRECTION('',(-1.,0.,0.));
#8448=DIRECTION('',(0.,0.,-1.));
#8449=DIRECTION('',(-1.,0.,0.));
#8450=DIRECTION('',(0.,0.,-1.));
#8451=DIRECTION('',(-1.,0.,0.));
#8452=DIRECTION('',(0.,0.,-1.));
#8453=DIRECTION('',(-1.,0.,0.));
#8454=DIRECTION('',(0.,0.,-1.));
#8455=DIRECTION('',(-1.,0.,0.));
#8456=DIRECTION('',(0.,0.,-1.));
#8457=DIRECTION('',(-1.,0.,0.));
#8458=DIRECTION('',(-1.,0.,0.));
#8459=DIRECTION('',(0.,0.,-1.));
#8460=DIRECTION('',(-1.,0.,0.));
#8461=DIRECTION('',(1.,0.,0.));
#8462=DIRECTION('',(0.,0.,-1.));
#8463=DIRECTION('',(-1.,0.,0.));
#8464=DIRECTION('',(-1.,0.,0.));
#8465=DIRECTION('',(0.,0.,-1.));
#8466=DIRECTION('',(-1.,0.,0.));
#8467=DIRECTION('',(1.,0.,0.));
#8468=DIRECTION('',(0.,0.,-1.));
#8469=DIRECTION('',(-1.,0.,0.));
#8470=DIRECTION('',(0.,0.,-1.));
#8471=DIRECTION('',(-1.,0.,0.));
#8472=DIRECTION('',(0.,0.,-1.));
#8473=DIRECTION('',(-1.,0.,0.));
#8474=DIRECTION('',(0.,0.,-1.));
#8475=DIRECTION('',(-1.,0.,0.));
#8476=DIRECTION('',(0.,0.,1.));
#8477=DIRECTION('',(1.,0.,0.));
#8478=DIRECTION('',(1.,0.,0.));
#8479=DIRECTION('',(0.,0.,-1.));
#8480=DIRECTION('',(-1.,0.,0.));
#8481=DIRECTION('',(0.,0.,-1.));
#8482=DIRECTION('',(-1.,0.,0.));
#8483=DIRECTION('',(0.,0.,-1.));
#8484=DIRECTION('',(-1.,0.,0.));
#8485=DIRECTION('',(0.,0.,-1.));
#8486=DIRECTION('',(-1.,0.,0.));
#8487=DIRECTION('',(0.,0.,-1.));
#8488=DIRECTION('',(-1.,0.,0.));
#8489=DIRECTION('',(0.,0.,-1.));
#8490=DIRECTION('',(-1.,0.,0.));
#8491=DIRECTION('',(0.,0.,-1.));
#8492=DIRECTION('',(-1.,0.,0.));
#8493=DIRECTION('',(0.,0.,-1.));
#8494=DIRECTION('',(-1.,0.,0.));
#8495=DIRECTION('',(0.,0.,-1.));
#8496=DIRECTION('',(-1.,0.,0.));
#8497=DIRECTION('',(0.,0.,-1.));
#8498=DIRECTION('',(-1.,0.,0.));
#8499=DIRECTION('',(0.,0.,-1.));
#8500=DIRECTION('',(-1.,0.,0.));
#8501=DIRECTION('',(0.,0.,-1.));
#8502=DIRECTION('',(-1.,0.,0.));
#8503=DIRECTION('',(0.,0.,-1.));
#8504=DIRECTION('',(-1.,0.,0.));
#8505=DIRECTION('',(0.,0.,-1.));
#8506=DIRECTION('',(-1.,0.,0.));
#8507=DIRECTION('',(0.,0.,-1.));
#8508=DIRECTION('',(-1.,0.,0.));
#8509=DIRECTION('',(0.,0.,-1.));
#8510=DIRECTION('',(-1.,0.,0.));
#8511=DIRECTION('',(0.,0.,-1.));
#8512=DIRECTION('',(-1.,0.,0.));
#8513=DIRECTION('',(0.,0.,-1.));
#8514=DIRECTION('',(-1.,0.,0.));
#8515=DIRECTION('',(0.,0.,-1.));
#8516=DIRECTION('',(-1.,0.,0.));
#8517=DIRECTION('',(0.,0.,-1.));
#8518=DIRECTION('',(-1.,0.,0.));
#8519=DIRECTION('',(0.,0.,-1.));
#8520=DIRECTION('',(-1.,0.,0.));
#8521=DIRECTION('',(0.,0.,-1.));
#8522=DIRECTION('',(-1.,0.,0.));
#8523=DIRECTION('',(0.,0.,-1.));
#8524=DIRECTION('',(-1.,0.,0.));
#8525=DIRECTION('',(0.,0.,-1.));
#8526=DIRECTION('',(-1.,0.,0.));
#8527=DIRECTION('',(0.,0.,-1.));
#8528=DIRECTION('',(-1.,0.,0.));
#8529=DIRECTION('',(0.,0.,-1.));
#8530=DIRECTION('',(-1.,0.,0.));
#8531=DIRECTION('',(0.,0.,-1.));
#8532=DIRECTION('',(-1.,0.,0.));
#8533=DIRECTION('',(0.,0.,-1.));
#8534=DIRECTION('',(-1.,0.,0.));
#8535=DIRECTION('',(0.,0.,-1.));
#8536=DIRECTION('',(-1.,0.,0.));
#8537=DIRECTION('',(0.,0.,-1.));
#8538=DIRECTION('',(-1.,0.,0.));
#8539=DIRECTION('',(0.,0.,-1.));
#8540=DIRECTION('',(-1.,0.,0.));
#8541=DIRECTION('',(0.,0.,-1.));
#8542=DIRECTION('',(-1.,0.,0.));
#8543=DIRECTION('',(0.,0.,-1.));
#8544=DIRECTION('',(-1.,0.,0.));
#8545=DIRECTION('',(0.,0.,-1.));
#8546=DIRECTION('',(-1.,0.,0.));
#8547=DIRECTION('',(0.,0.,-1.));
#8548=DIRECTION('',(-1.,0.,0.));
#8549=DIRECTION('',(0.,0.,-1.));
#8550=DIRECTION('',(-1.,0.,0.));
#8551=DIRECTION('',(0.,0.,-1.));
#8552=DIRECTION('',(-1.,0.,0.));
#8553=DIRECTION('',(0.,0.,-1.));
#8554=DIRECTION('',(-1.,0.,0.));
#8555=DIRECTION('',(0.,0.,-1.));
#8556=DIRECTION('',(-1.,0.,0.));
#8557=DIRECTION('',(0.,0.,-1.));
#8558=DIRECTION('',(-1.,0.,0.));
#8559=DIRECTION('',(0.,0.,-1.));
#8560=DIRECTION('',(-1.,0.,0.));
#8561=DIRECTION('',(0.,0.,-1.));
#8562=DIRECTION('',(-1.,0.,0.));
#8563=DIRECTION('',(0.,0.,-1.));
#8564=DIRECTION('',(-1.,0.,0.));
#8565=DIRECTION('',(0.,0.,-1.));
#8566=DIRECTION('',(-1.,0.,0.));
#8567=DIRECTION('',(0.,0.,-1.));
#8568=DIRECTION('',(-1.,0.,0.));
#8569=DIRECTION('',(0.,0.,-1.));
#8570=DIRECTION('',(-1.,0.,0.));
#8571=DIRECTION('',(0.,0.,-1.));
#8572=DIRECTION('',(-1.,0.,0.));
#8573=DIRECTION('',(0.,0.,-1.));
#8574=DIRECTION('',(-1.,0.,0.));
#8575=DIRECTION('',(0.,0.,-1.));
#8576=DIRECTION('',(-1.,0.,0.));
#8577=DIRECTION('',(0.,0.,-1.));
#8578=DIRECTION('',(-1.,0.,0.));
#8579=DIRECTION('',(0.,0.,-1.));
#8580=DIRECTION('',(-1.,0.,0.));
#8581=DIRECTION('',(0.,0.,-1.));
#8582=DIRECTION('',(-1.,0.,0.));
#8583=DIRECTION('',(0.,0.,-1.));
#8584=DIRECTION('',(-1.,0.,0.));
#8585=DIRECTION('',(0.,0.,-1.));
#8586=DIRECTION('',(-1.,0.,0.));
#8587=DIRECTION('',(0.,0.,-1.));
#8588=DIRECTION('',(-1.,0.,0.));
#8589=DIRECTION('',(0.,0.,-1.));
#8590=DIRECTION('',(-1.,0.,0.));
#8591=DIRECTION('',(0.,0.,-1.));
#8592=DIRECTION('',(-1.,0.,0.));
#8593=DIRECTION('',(0.,0.,-1.));
#8594=DIRECTION('',(-1.,0.,0.));
#8595=DIRECTION('',(0.,0.,-1.));
#8596=DIRECTION('',(-1.,0.,0.));
#8597=DIRECTION('',(0.,0.,-1.));
#8598=DIRECTION('',(-1.,0.,0.));
#8599=DIRECTION('',(0.,0.,-1.));
#8600=DIRECTION('',(-1.,0.,0.));
#8601=DIRECTION('',(0.,0.,-1.));
#8602=DIRECTION('',(-1.,0.,0.));
#8603=DIRECTION('',(0.,0.,-1.));
#8604=DIRECTION('',(-1.,0.,0.));
#8605=DIRECTION('',(0.,0.,-1.));
#8606=DIRECTION('',(-1.,0.,0.));
#8607=DIRECTION('',(0.,0.,-1.));
#8608=DIRECTION('',(-1.,0.,0.));
#8609=DIRECTION('',(0.,0.,-1.));
#8610=DIRECTION('',(-1.,0.,0.));
#8611=DIRECTION('',(0.,0.,-1.));
#8612=DIRECTION('',(-1.,0.,0.));
#8613=DIRECTION('',(0.,0.,-1.));
#8614=DIRECTION('',(-1.,0.,0.));
#8615=DIRECTION('',(0.,0.,-1.));
#8616=DIRECTION('',(-1.,0.,0.));
#8617=DIRECTION('',(0.,0.,-1.));
#8618=DIRECTION('',(-1.,0.,0.));
#8619=DIRECTION('',(0.,0.,-1.));
#8620=DIRECTION('',(-1.,0.,0.));
#8621=DIRECTION('',(0.,0.,-1.));
#8622=DIRECTION('',(-1.,0.,0.));
#8623=DIRECTION('',(0.,0.,-1.));
#8624=DIRECTION('',(-1.,0.,0.));
#8625=DIRECTION('',(0.,0.,-1.));
#8626=DIRECTION('',(-1.,0.,0.));
#8627=DIRECTION('',(0.,0.,-1.));
#8628=DIRECTION('',(-1.,0.,0.));
#8629=DIRECTION('',(0.,0.,-1.));
#8630=DIRECTION('',(-1.,0.,0.));
#8631=DIRECTION('',(0.,0.,-1.));
#8632=DIRECTION('',(-1.,0.,0.));
#8633=DIRECTION('',(0.,0.,-1.));
#8634=DIRECTION('',(-1.,0.,0.));
#8635=DIRECTION('',(0.,0.,-1.));
#8636=DIRECTION('',(-1.,0.,0.));
#8637=DIRECTION('',(0.,0.,-1.));
#8638=DIRECTION('',(-1.,0.,0.));
#8639=DIRECTION('',(0.,0.,-1.));
#8640=DIRECTION('',(-1.,0.,0.));
#8641=DIRECTION('',(0.,0.,-1.));
#8642=DIRECTION('',(-1.,0.,0.));
#8643=DIRECTION('',(0.,0.,-1.));
#8644=DIRECTION('',(-1.,0.,0.));
#8645=DIRECTION('',(0.,0.,-1.));
#8646=DIRECTION('',(-1.,0.,0.));
#8647=DIRECTION('',(0.,0.,-1.));
#8648=DIRECTION('',(-1.,0.,0.));
#8649=DIRECTION('',(0.,0.,-1.));
#8650=DIRECTION('',(-1.,0.,0.));
#8651=DIRECTION('',(0.,0.,-1.));
#8652=DIRECTION('',(-1.,0.,0.));
#8653=DIRECTION('',(0.,0.,-1.));
#8654=DIRECTION('',(-1.,0.,0.));
#8655=DIRECTION('',(1.,0.,0.));
#8656=DIRECTION('',(0.,0.,-1.));
#8657=DIRECTION('',(-1.,0.,0.));
#8658=DIRECTION('',(1.,0.,0.));
#8659=DIRECTION('',(0.,0.,-1.));
#8660=DIRECTION('',(-1.,0.,0.));
#8661=DIRECTION('',(1.,0.,0.));
#8662=DIRECTION('',(0.,0.,-1.));
#8663=DIRECTION('',(-1.,0.,0.));
#8664=DIRECTION('',(1.,0.,0.));
#8665=DIRECTION('',(0.,0.,-1.));
#8666=DIRECTION('',(-1.,0.,0.));
#8667=DIRECTION('',(0.,0.,-1.));
#8668=DIRECTION('',(-1.,0.,0.));
#8669=DIRECTION('',(0.,0.,-1.));
#8670=DIRECTION('',(-1.,0.,0.));
#8671=DIRECTION('',(0.,1.,0.));
#8672=DIRECTION('',(1.,0.,0.));
#8673=DIRECTION('',(0.,0.,-1.));
#8674=DIRECTION('',(0.,-1.,0.));
#8675=DIRECTION('',(0.,0.,-1.));
#8676=DIRECTION('',(0.,-1.,0.));
#8677=DIRECTION('',(0.,0.,-1.));
#8678=DIRECTION('',(0.,-1.,0.));
#8679=DIRECTION('',(0.,0.,-1.));
#8680=DIRECTION('',(0.,-1.,0.));
#8681=DIRECTION('',(0.,0.,-1.));
#8682=DIRECTION('',(0.,-1.,0.));
#8683=DIRECTION('',(0.,0.,-1.));
#8684=DIRECTION('',(1.671865260612E-14,-1.,0.));
#8685=DIRECTION('',(0.,0.,-1.));
#8686=DIRECTION('',(0.,-1.,0.));
#8687=DIRECTION('',(0.,0.,-1.));
#8688=DIRECTION('',(0.,-1.,0.));
#8689=DIRECTION('',(0.,0.,-1.));
#8690=DIRECTION('',(0.,-1.,0.));
#8691=DIRECTION('',(0.,0.,-1.));
#8692=DIRECTION('',(-1.671865260612E-14,-1.,0.));
#8693=DIRECTION('',(0.,0.,-1.));
#8694=DIRECTION('',(0.,-1.,0.));
#8695=DIRECTION('',(0.,0.,-1.));
#8696=DIRECTION('',(1.671865260612E-14,-1.,0.));
#8697=DIRECTION('',(0.,0.,-1.));
#8698=DIRECTION('',(0.,-1.,0.));
#8699=DIRECTION('',(0.,0.,-1.));
#8700=DIRECTION('',(0.,-1.,0.));
#8701=DIRECTION('',(0.,0.,-1.));
#8702=DIRECTION('',(0.,-1.,0.));
#8703=DIRECTION('',(0.,0.,-1.));
#8704=DIRECTION('',(0.,-1.,0.));
#8705=DIRECTION('',(0.,0.,-1.));
#8706=DIRECTION('',(0.,-1.,0.));
#8707=DIRECTION('',(0.,0.,-1.));
#8708=DIRECTION('',(0.,-1.,0.));
#8709=DIRECTION('',(0.,0.,-1.));
#8710=DIRECTION('',(0.,-1.,0.));
#8711=DIRECTION('',(0.,0.,-1.));
#8712=DIRECTION('',(0.,-1.,0.));
#8713=DIRECTION('',(0.,0.,-1.));
#8714=DIRECTION('',(0.,-1.,0.));
#8715=DIRECTION('',(0.,0.,-1.));
#8716=DIRECTION('',(0.,-1.,0.));
#8717=DIRECTION('',(0.,0.,-1.));
#8718=DIRECTION('',(0.,-1.,0.));
#8719=DIRECTION('',(0.,0.,-1.));
#8720=DIRECTION('',(0.,-1.,0.));
#8721=DIRECTION('',(0.,0.,-1.));
#8722=DIRECTION('',(0.,-1.,0.));
#8723=DIRECTION('',(0.,0.,-1.));
#8724=DIRECTION('',(0.,-1.,0.));
#8725=DIRECTION('',(0.,0.,-1.));
#8726=DIRECTION('',(0.,-1.,0.));
#8727=DIRECTION('',(0.,0.,-1.));
#8728=DIRECTION('',(0.,-1.,0.));
#8729=DIRECTION('',(0.,0.,-1.));
#8730=DIRECTION('',(0.,-1.,0.));
#8731=DIRECTION('',(0.,0.,-1.));
#8732=DIRECTION('',(0.,-1.,0.));
#8733=DIRECTION('',(0.,0.,-1.));
#8734=DIRECTION('',(0.,-1.,0.));
#8735=DIRECTION('',(0.,0.,-1.));
#8736=DIRECTION('',(0.,-1.,0.));
#8737=DIRECTION('',(0.,0.,-1.));
#8738=DIRECTION('',(0.,-1.,0.));
#8739=DIRECTION('',(0.,0.,-1.));
#8740=DIRECTION('',(-1.671865260612E-14,-1.,0.));
#8741=DIRECTION('',(0.,0.,-1.));
#8742=DIRECTION('',(0.,-1.,0.));
#8743=DIRECTION('',(0.,0.,-1.));
#8744=DIRECTION('',(0.,-1.,0.));
#8745=DIRECTION('',(0.,0.,-1.));
#8746=DIRECTION('',(0.,-1.,0.));
#8747=DIRECTION('',(0.,0.,-1.));
#8748=DIRECTION('',(0.,-1.,0.));
#8749=DIRECTION('',(0.,0.,-1.));
#8750=DIRECTION('',(0.,-1.,0.));
#8751=DIRECTION('',(0.,0.,-1.));
#8752=DIRECTION('',(0.,-1.,0.));
#8753=DIRECTION('',(0.,0.,-1.));
#8754=DIRECTION('',(0.,-1.,0.));
#8755=DIRECTION('',(0.,0.,-1.));
#8756=DIRECTION('',(0.,-1.,0.));
#8757=DIRECTION('',(0.,0.,-1.));
#8758=DIRECTION('',(0.,-1.,0.));
#8759=DIRECTION('',(0.,0.,-1.));
#8760=DIRECTION('',(1.671865260612E-14,-1.,0.));
#8761=DIRECTION('',(0.,0.,-1.));
#8762=DIRECTION('',(0.,-1.,0.));
#8763=DIRECTION('',(0.,0.,-1.));
#8764=DIRECTION('',(0.,-1.,0.));
#8765=DIRECTION('',(0.,0.,-1.));
#8766=DIRECTION('',(0.,-1.,0.));
#8767=DIRECTION('',(0.,0.,-1.));
#8768=DIRECTION('',(1.671865260612E-14,-1.,0.));
#8769=DIRECTION('',(0.,0.,-1.));
#8770=DIRECTION('',(0.,-1.,0.));
#8771=DIRECTION('',(0.,0.,-1.));
#8772=DIRECTION('',(-1.671865260612E-14,-1.,0.));
#8773=DIRECTION('',(0.,0.,-1.));
#8774=DIRECTION('',(0.,-1.,0.));
#8775=DIRECTION('',(0.,0.,-1.));
#8776=DIRECTION('',(1.671865260612E-14,-1.,0.));
#8777=DIRECTION('',(0.,0.,-1.));
#8778=DIRECTION('',(0.,-1.,0.));
#8779=DIRECTION('',(0.,0.,-1.));
#8780=DIRECTION('',(0.,-1.,0.));
#8781=DIRECTION('',(0.,0.,-1.));
#8782=DIRECTION('',(-1.671865260612E-14,-1.,0.));
#8783=DIRECTION('',(0.,0.,-1.));
#8784=DIRECTION('',(0.,-1.,0.));
#8785=DIRECTION('',(0.,0.,-1.));
#8786=DIRECTION('',(1.671865260612E-14,-1.,0.));
#8787=DIRECTION('',(0.,0.,-1.));
#8788=DIRECTION('',(0.,-1.,0.));
#8789=DIRECTION('',(0.,0.,-1.));
#8790=DIRECTION('',(0.,-1.,0.));
#8791=DIRECTION('',(0.,0.,-1.));
#8792=DIRECTION('',(0.,-1.,0.));
#8793=DIRECTION('',(0.,0.,-1.));
#8794=DIRECTION('',(0.,-1.,0.));
#8795=DIRECTION('',(0.,0.,-1.));
#8796=DIRECTION('',(0.,-1.,0.));
#8797=DIRECTION('',(0.,0.,-1.));
#8798=DIRECTION('',(0.,-1.,0.));
#8799=DIRECTION('',(0.,0.,-1.));
#8800=DIRECTION('',(0.,-1.,0.));
#8801=DIRECTION('',(0.,0.,-1.));
#8802=DIRECTION('',(-3.343730521224E-14,-1.,0.));
#8803=DIRECTION('',(0.,0.,-1.));
#8804=DIRECTION('',(0.,-1.,0.));
#8805=DIRECTION('',(0.,0.,-1.));
#8806=DIRECTION('',(0.,-1.,0.));
#8807=DIRECTION('',(0.,0.,-1.));
#8808=DIRECTION('',(0.,-1.,0.));
#8809=DIRECTION('',(0.,0.,-1.));
#8810=DIRECTION('',(-1.671865260612E-14,-1.,0.));
#8811=DIRECTION('',(0.,0.,-1.));
#8812=DIRECTION('',(0.,-1.,0.));
#8813=DIRECTION('',(0.,0.,-1.));
#8814=DIRECTION('',(-3.343730521224E-14,-1.,0.));
#8815=DIRECTION('',(0.,0.,-1.));
#8816=DIRECTION('',(0.,-1.,0.));
#8817=DIRECTION('',(0.,0.,-1.));
#8818=DIRECTION('',(3.343730521224E-14,-1.,0.));
#8819=DIRECTION('',(0.,0.,-1.));
#8820=DIRECTION('',(0.,-1.,0.));
#8821=DIRECTION('',(0.,0.,-1.));
#8822=DIRECTION('',(0.,-1.,0.));
#8823=DIRECTION('',(0.,0.,-1.));
#8824=DIRECTION('',(0.,-1.,0.));
#8825=DIRECTION('',(0.,0.,-1.));
#8826=DIRECTION('',(3.343730521224E-14,-1.,0.));
#8827=DIRECTION('',(0.,0.,-1.));
#8828=DIRECTION('',(0.,-1.,0.));
#8829=DIRECTION('',(0.,0.,-1.));
#8830=DIRECTION('',(0.,-1.,0.));
#8831=DIRECTION('',(0.,0.,-1.));
#8832=DIRECTION('',(0.,-1.,0.));
#8833=DIRECTION('',(0.,0.,-1.));
#8834=DIRECTION('',(0.,-1.,0.));
#8835=DIRECTION('',(0.,0.,-1.));
#8836=DIRECTION('',(0.,-1.,0.));
#8837=DIRECTION('',(0.,0.,-1.));
#8838=DIRECTION('',(0.,-1.,0.));
#8839=DIRECTION('',(0.,0.,-1.));
#8840=DIRECTION('',(0.,-1.,0.));
#8841=DIRECTION('',(0.,0.,-1.));
#8842=DIRECTION('',(0.,-1.,0.));
#8843=DIRECTION('',(0.,0.,-1.));
#8844=DIRECTION('',(0.,-1.,0.));
#8845=DIRECTION('',(0.,0.,-1.));
#8846=DIRECTION('',(0.,-1.,0.));
#8847=DIRECTION('',(0.,0.,-1.));
#8848=DIRECTION('',(0.,-1.,0.));
#8849=DIRECTION('',(0.,0.,-1.));
#8850=DIRECTION('',(0.,0.,-1.));
#8851=DIRECTION('',(0.,-1.,0.));
#8852=DIRECTION('',(-1.,0.,0.));
#8853=DIRECTION('',(0.,0.,-1.));
#8854=DIRECTION('',(0.,0.,-1.));
#8855=DIRECTION('',(0.,1.,0.));
#8856=DIRECTION('',(0.,0.,-1.));
#8857=DIRECTION('',(0.,1.,0.));
#8858=DIRECTION('',(1.,0.,0.));
#8859=DIRECTION('',(0.,0.,-1.));
#8860=DIRECTION('',(0.,-1.,0.));
#8861=DIRECTION('',(0.,0.,-1.));
#8862=DIRECTION('',(0.,0.,-1.));
#8863=DIRECTION('',(0.,-1.,0.));
#8864=DIRECTION('',(-1.,0.,0.));
#8865=DIRECTION('',(0.,0.,-1.));
#8866=DIRECTION('',(0.,0.,-1.));
#8867=DIRECTION('',(0.,1.,0.));
#8868=DIRECTION('',(0.,0.,-1.));
#8869=DIRECTION('',(0.,1.,0.));
#8870=DIRECTION('',(1.,0.,0.));
#8871=DIRECTION('',(0.,0.,-1.));
#8872=DIRECTION('',(0.,-1.,0.));
#8873=DIRECTION('',(0.,0.,-1.));
#8874=DIRECTION('',(0.,-1.,0.));
#8875=DIRECTION('',(0.,0.,-1.));
#8876=DIRECTION('',(0.,-1.,0.));
#8877=CARTESIAN_POINT('',(0.,0.,0.));
#8878=CARTESIAN_POINT('',(86.8469849228858,-66.6448604315519,12.4));
#8879=CARTESIAN_POINT('',(86.8469849228858,-66.6448604315519,12.4));
#8880=CARTESIAN_POINT('',(86.8469849228858,-65.3157840669155,12.4));
#8881=CARTESIAN_POINT('',(86.8469849228858,-67.9739367961884,12.4));
#8882=CARTESIAN_POINT('',(86.8469849228858,-67.9739367961884,10.));
#8883=CARTESIAN_POINT('',(86.8469849228858,-67.9739367961884,10.));
#8884=CARTESIAN_POINT('',(86.8469849228858,-66.6448604315519,10.));
#8885=CARTESIAN_POINT('',(86.8469849228858,-65.3157840669155,10.));
#8886=CARTESIAN_POINT('',(86.8469849228858,-65.3157840669155,12.4));
#8887=CARTESIAN_POINT('',(101.921018213034,-60.3157840669155,12.4));
#8888=CARTESIAN_POINT('',(101.921018213034,-60.3157840669155,10.));
#8889=CARTESIAN_POINT('',(91.8469849228858,-60.3157840669155,10.));
#8890=CARTESIAN_POINT('',(111.995051503181,-60.3157840669155,10.));
#8891=CARTESIAN_POINT('',(111.995051503181,-60.3157840669155,12.4));
#8892=CARTESIAN_POINT('',(111.995051503181,-60.3157840669155,12.4));
#8893=CARTESIAN_POINT('',(101.921018213034,-60.3157840669155,12.4));
#8894=CARTESIAN_POINT('',(91.8469849228858,-60.3157840669155,12.4));
#8895=CARTESIAN_POINT('',(91.8469849228858,-60.3157840669155,12.4));
#8896=CARTESIAN_POINT('',(116.995051503181,-66.6448604315519,12.4));
#8897=CARTESIAN_POINT('',(116.995051503181,-66.6448604315519,12.4));
#8898=CARTESIAN_POINT('',(116.995051503181,-65.3157840669155,12.4));
#8899=CARTESIAN_POINT('',(116.995051503181,-67.9739367961884,12.4));
#8900=CARTESIAN_POINT('',(116.995051503181,-65.3157840669155,10.));
#8901=CARTESIAN_POINT('',(116.995051503181,-65.3157840669155,10.));
#8902=CARTESIAN_POINT('',(116.995051503181,-66.6448604315519,10.));
#8903=CARTESIAN_POINT('',(116.995051503181,-67.9739367961884,10.));
#8904=CARTESIAN_POINT('',(116.995051503181,-67.9739367961884,12.4));
#8905=CARTESIAN_POINT('',(105.049999999998,-105.81,12.4));
#8906=CARTESIAN_POINT('',(105.049999999998,-105.81,10.));
#8907=CARTESIAN_POINT('',(105.049999999998,-97.61,10.));
#8908=CARTESIAN_POINT('',(105.049999999998,-114.01,10.));
#8909=CARTESIAN_POINT('',(105.049999999998,-97.61,12.4));
#8910=CARTESIAN_POINT('',(105.049999999998,-97.61,12.4));
#8911=CARTESIAN_POINT('',(105.049999999998,-105.81,12.4));
#8912=CARTESIAN_POINT('',(105.049999999998,-114.01,12.4));
#8913=CARTESIAN_POINT('',(105.049999999998,-114.01,12.4));
#8914=CARTESIAN_POINT('',(113.,-97.61,12.4));
#8915=CARTESIAN_POINT('',(113.,-97.61,10.));
#8916=CARTESIAN_POINT('',(120.950000000002,-97.61,10.));
#8917=CARTESIAN_POINT('',(120.950000000002,-97.61,12.4));
#8918=CARTESIAN_POINT('',(120.950000000002,-97.61,12.4));
#8919=CARTESIAN_POINT('',(113.,-97.61,12.4));
#8920=CARTESIAN_POINT('',(120.950000000002,-105.81,12.4));
#8921=CARTESIAN_POINT('',(120.950000000002,-105.81,10.));
#8922=CARTESIAN_POINT('',(120.950000000002,-114.01,10.));
#8923=CARTESIAN_POINT('',(120.950000000002,-114.01,12.4));
#8924=CARTESIAN_POINT('',(120.950000000002,-114.01,12.4));
#8925=CARTESIAN_POINT('',(120.950000000002,-105.81,12.4));
#8926=CARTESIAN_POINT('',(125.739999999998,-83.77,12.4));
#8927=CARTESIAN_POINT('',(125.739999999998,-83.77,10.));
#8928=CARTESIAN_POINT('',(125.739999999998,-75.57,10.));
#8929=CARTESIAN_POINT('',(125.739999999998,-91.97,10.));
#8930=CARTESIAN_POINT('',(125.739999999998,-75.57,12.4));
#8931=CARTESIAN_POINT('',(125.739999999998,-75.57,12.4));
#8932=CARTESIAN_POINT('',(125.739999999998,-83.77,12.4));
#8933=CARTESIAN_POINT('',(125.739999999998,-91.97,12.4));
#8934=CARTESIAN_POINT('',(125.739999999998,-91.97,12.4));
#8935=CARTESIAN_POINT('',(133.69,-75.57,12.4));
#8936=CARTESIAN_POINT('',(133.69,-75.57,10.));
#8937=CARTESIAN_POINT('',(141.640000000002,-75.57,10.));
#8938=CARTESIAN_POINT('',(141.640000000002,-75.57,12.4));
#8939=CARTESIAN_POINT('',(141.640000000002,-75.57,12.4));
#8940=CARTESIAN_POINT('',(133.69,-75.57,12.4));
#8941=CARTESIAN_POINT('',(141.640000000002,-83.77,12.4));
#8942=CARTESIAN_POINT('',(141.640000000002,-83.77,10.));
#8943=CARTESIAN_POINT('',(141.640000000002,-91.97,10.));
#8944=CARTESIAN_POINT('',(141.640000000002,-91.97,12.4));
#8945=CARTESIAN_POINT('',(141.640000000002,-91.97,12.4));
#8946=CARTESIAN_POINT('',(141.640000000002,-83.77,12.4));
#8947=CARTESIAN_POINT('',(105.239999999998,-83.77,12.4));
#8948=CARTESIAN_POINT('',(105.239999999998,-83.77,10.));
#8949=CARTESIAN_POINT('',(105.239999999998,-75.57,10.));
#8950=CARTESIAN_POINT('',(105.239999999998,-91.97,10.));
#8951=CARTESIAN_POINT('',(105.239999999998,-75.57,12.4));
#8952=CARTESIAN_POINT('',(105.239999999998,-75.57,12.4));
#8953=CARTESIAN_POINT('',(105.239999999998,-83.77,12.4));
#8954=CARTESIAN_POINT('',(105.239999999998,-91.97,12.4));
#8955=CARTESIAN_POINT('',(105.239999999998,-91.97,12.4));
#8956=CARTESIAN_POINT('',(113.19,-75.57,12.4));
#8957=CARTESIAN_POINT('',(113.19,-75.57,10.));
#8958=CARTESIAN_POINT('',(121.140000000002,-75.57,10.));
#8959=CARTESIAN_POINT('',(121.140000000002,-75.57,12.4));
#8960=CARTESIAN_POINT('',(121.140000000002,-75.57,12.4));
#8961=CARTESIAN_POINT('',(113.19,-75.57,12.4));
#8962=CARTESIAN_POINT('',(121.140000000002,-83.77,12.4));
#8963=CARTESIAN_POINT('',(121.140000000002,-83.77,10.));
#8964=CARTESIAN_POINT('',(121.140000000002,-91.97,10.));
#8965=CARTESIAN_POINT('',(121.140000000002,-91.97,12.4));
#8966=CARTESIAN_POINT('',(121.140000000002,-91.97,12.4));
#8967=CARTESIAN_POINT('',(121.140000000002,-83.77,12.4));
#8968=CARTESIAN_POINT('',(85.239999999998,-83.27,12.4));
#8969=CARTESIAN_POINT('',(85.239999999998,-83.27,10.));
#8970=CARTESIAN_POINT('',(85.239999999998,-75.07,10.));
#8971=CARTESIAN_POINT('',(85.239999999998,-91.47,10.));
#8972=CARTESIAN_POINT('',(85.239999999998,-75.07,12.4));
#8973=CARTESIAN_POINT('',(85.239999999998,-75.07,12.4));
#8974=CARTESIAN_POINT('',(85.239999999998,-83.27,12.4));
#8975=CARTESIAN_POINT('',(85.239999999998,-91.47,12.4));
#8976=CARTESIAN_POINT('',(85.239999999998,-91.47,12.4));
#8977=CARTESIAN_POINT('',(93.19,-75.07,12.4));
#8978=CARTESIAN_POINT('',(93.19,-75.07,10.));
#8979=CARTESIAN_POINT('',(101.140000000002,-75.07,10.));
#8980=CARTESIAN_POINT('',(101.140000000002,-75.07,12.4));
#8981=CARTESIAN_POINT('',(101.140000000002,-75.07,12.4));
#8982=CARTESIAN_POINT('',(93.19,-75.07,12.4));
#8983=CARTESIAN_POINT('',(101.140000000002,-83.27,12.4));
#8984=CARTESIAN_POINT('',(101.140000000002,-83.27,10.));
#8985=CARTESIAN_POINT('',(101.140000000002,-91.47,10.));
#8986=CARTESIAN_POINT('',(101.140000000002,-91.47,12.4));
#8987=CARTESIAN_POINT('',(101.140000000002,-91.47,12.4));
#8988=CARTESIAN_POINT('',(101.140000000002,-83.27,12.4));
#8989=CARTESIAN_POINT('',(125.739999999998,-105.27,12.4));
#8990=CARTESIAN_POINT('',(125.739999999998,-105.27,10.));
#8991=CARTESIAN_POINT('',(125.739999999998,-97.07,10.));
#8992=CARTESIAN_POINT('',(125.739999999998,-113.47,10.));
#8993=CARTESIAN_POINT('',(125.739999999998,-97.07,12.4));
#8994=CARTESIAN_POINT('',(125.739999999998,-97.07,12.4));
#8995=CARTESIAN_POINT('',(125.739999999998,-105.27,12.4));
#8996=CARTESIAN_POINT('',(125.739999999998,-113.47,12.4));
#8997=CARTESIAN_POINT('',(125.739999999998,-113.47,12.4));
#8998=CARTESIAN_POINT('',(133.69,-97.07,12.4));
#8999=CARTESIAN_POINT('',(133.69,-97.07,10.));
#9000=CARTESIAN_POINT('',(141.640000000002,-97.07,10.));
#9001=CARTESIAN_POINT('',(141.640000000002,-97.07,12.4));
#9002=CARTESIAN_POINT('',(141.640000000002,-97.07,12.4));
#9003=CARTESIAN_POINT('',(133.69,-97.07,12.4));
#9004=CARTESIAN_POINT('',(141.640000000002,-105.27,12.4));
#9005=CARTESIAN_POINT('',(141.640000000002,-105.27,10.));
#9006=CARTESIAN_POINT('',(141.640000000002,-113.47,10.));
#9007=CARTESIAN_POINT('',(141.640000000002,-113.47,12.4));
#9008=CARTESIAN_POINT('',(141.640000000002,-113.47,12.4));
#9009=CARTESIAN_POINT('',(141.640000000002,-105.27,12.4));
#9010=CARTESIAN_POINT('',(85.739999999998,-105.27,12.4));
#9011=CARTESIAN_POINT('',(85.739999999998,-105.27,10.));
#9012=CARTESIAN_POINT('',(85.739999999998,-97.07,10.));
#9013=CARTESIAN_POINT('',(85.739999999998,-113.47,10.));
#9014=CARTESIAN_POINT('',(85.739999999998,-97.07,12.4));
#9015=CARTESIAN_POINT('',(85.739999999998,-97.07,12.4));
#9016=CARTESIAN_POINT('',(85.739999999998,-105.27,12.4));
#9017=CARTESIAN_POINT('',(85.739999999998,-113.47,12.4));
#9018=CARTESIAN_POINT('',(85.739999999998,-113.47,12.4));
#9019=CARTESIAN_POINT('',(93.69,-97.07,12.4));
#9020=CARTESIAN_POINT('',(93.69,-97.07,10.));
#9021=CARTESIAN_POINT('',(101.640000000002,-97.07,10.));
#9022=CARTESIAN_POINT('',(101.640000000002,-97.07,12.4));
#9023=CARTESIAN_POINT('',(101.640000000002,-97.07,12.4));
#9024=CARTESIAN_POINT('',(93.69,-97.07,12.4));
#9025=CARTESIAN_POINT('',(101.640000000002,-105.27,12.4));
#9026=CARTESIAN_POINT('',(101.640000000002,-105.27,10.));
#9027=CARTESIAN_POINT('',(101.640000000002,-113.47,10.));
#9028=CARTESIAN_POINT('',(101.640000000002,-113.47,12.4));
#9029=CARTESIAN_POINT('',(101.640000000002,-113.47,12.4));
#9030=CARTESIAN_POINT('',(101.640000000002,-105.27,12.4));
#9031=CARTESIAN_POINT('',(126.659999999998,-127.27,12.4));
#9032=CARTESIAN_POINT('',(126.659999999998,-127.27,10.));
#9033=CARTESIAN_POINT('',(126.659999999998,-119.07,10.));
#9034=CARTESIAN_POINT('',(126.659999999998,-135.47,10.));
#9035=CARTESIAN_POINT('',(126.659999999998,-119.07,12.4));
#9036=CARTESIAN_POINT('',(126.659999999998,-119.07,12.4));
#9037=CARTESIAN_POINT('',(126.659999999998,-127.27,12.4));
#9038=CARTESIAN_POINT('',(126.659999999998,-135.47,12.4));
#9039=CARTESIAN_POINT('',(126.659999999998,-135.47,12.4));
#9040=CARTESIAN_POINT('',(134.61,-119.07,12.4));
#9041=CARTESIAN_POINT('',(134.61,-119.07,10.));
#9042=CARTESIAN_POINT('',(142.560000000002,-119.07,10.));
#9043=CARTESIAN_POINT('',(142.560000000002,-119.07,12.4));
#9044=CARTESIAN_POINT('',(142.560000000002,-119.07,12.4));
#9045=CARTESIAN_POINT('',(134.61,-119.07,12.4));
#9046=CARTESIAN_POINT('',(142.560000000002,-127.27,12.4));
#9047=CARTESIAN_POINT('',(142.560000000002,-127.27,10.));
#9048=CARTESIAN_POINT('',(142.560000000002,-135.47,10.));
#9049=CARTESIAN_POINT('',(142.560000000002,-135.47,12.4));
#9050=CARTESIAN_POINT('',(142.560000000002,-135.47,12.4));
#9051=CARTESIAN_POINT('',(142.560000000002,-127.27,12.4));
#9052=CARTESIAN_POINT('',(105.239999999998,-127.77,12.4));
#9053=CARTESIAN_POINT('',(105.239999999998,-127.77,10.));
#9054=CARTESIAN_POINT('',(105.239999999998,-119.57,10.));
#9055=CARTESIAN_POINT('',(105.239999999998,-135.97,10.));
#9056=CARTESIAN_POINT('',(105.239999999998,-119.57,12.4));
#9057=CARTESIAN_POINT('',(105.239999999998,-119.57,12.4));
#9058=CARTESIAN_POINT('',(105.239999999998,-127.77,12.4));
#9059=CARTESIAN_POINT('',(105.239999999998,-135.97,12.4));
#9060=CARTESIAN_POINT('',(105.239999999998,-135.97,12.4));
#9061=CARTESIAN_POINT('',(113.19,-119.57,12.4));
#9062=CARTESIAN_POINT('',(113.19,-119.57,10.));
#9063=CARTESIAN_POINT('',(121.140000000002,-119.57,10.));
#9064=CARTESIAN_POINT('',(121.140000000002,-119.57,12.4));
#9065=CARTESIAN_POINT('',(121.140000000002,-119.57,12.4));
#9066=CARTESIAN_POINT('',(113.19,-119.57,12.4));
#9067=CARTESIAN_POINT('',(121.140000000002,-127.77,12.4));
#9068=CARTESIAN_POINT('',(121.140000000002,-127.77,10.));
#9069=CARTESIAN_POINT('',(121.140000000002,-135.97,10.));
#9070=CARTESIAN_POINT('',(121.140000000002,-135.97,12.4));
#9071=CARTESIAN_POINT('',(121.140000000002,-135.97,12.4));
#9072=CARTESIAN_POINT('',(121.140000000002,-127.77,12.4));
#9073=CARTESIAN_POINT('',(85.739999999998,-127.35,12.4));
#9074=CARTESIAN_POINT('',(85.739999999998,-127.35,10.));
#9075=CARTESIAN_POINT('',(85.739999999998,-119.15,10.));
#9076=CARTESIAN_POINT('',(85.739999999998,-135.55,10.));
#9077=CARTESIAN_POINT('',(85.739999999998,-119.15,12.4));
#9078=CARTESIAN_POINT('',(85.739999999998,-119.15,12.4));
#9079=CARTESIAN_POINT('',(85.739999999998,-127.35,12.4));
#9080=CARTESIAN_POINT('',(85.739999999998,-135.55,12.4));
#9081=CARTESIAN_POINT('',(85.739999999998,-135.55,12.4));
#9082=CARTESIAN_POINT('',(93.69,-119.15,12.4));
#9083=CARTESIAN_POINT('',(93.69,-119.15,10.));
#9084=CARTESIAN_POINT('',(101.640000000002,-119.15,10.));
#9085=CARTESIAN_POINT('',(101.640000000002,-119.15,12.4));
#9086=CARTESIAN_POINT('',(101.640000000002,-119.15,12.4));
#9087=CARTESIAN_POINT('',(93.69,-119.15,12.4));
#9088=CARTESIAN_POINT('',(101.640000000002,-127.35,12.4));
#9089=CARTESIAN_POINT('',(101.640000000002,-127.35,10.));
#9090=CARTESIAN_POINT('',(101.640000000002,-135.55,10.));
#9091=CARTESIAN_POINT('',(101.640000000002,-135.55,12.4));
#9092=CARTESIAN_POINT('',(101.640000000002,-135.55,12.4));
#9093=CARTESIAN_POINT('',(101.640000000002,-127.35,12.4));
#9094=CARTESIAN_POINT('',(101.921018213034,-72.9739367961884,12.4));
#9095=CARTESIAN_POINT('',(101.921018213034,-72.9739367961884,12.4));
#9096=CARTESIAN_POINT('',(91.8469849228858,-72.9739367961884,12.4));
#9097=CARTESIAN_POINT('',(111.995051503181,-72.9739367961884,12.4));
#9098=CARTESIAN_POINT('',(111.995051503181,-72.9739367961884,12.4));
#9099=CARTESIAN_POINT('',(111.995051503181,-72.9739367961884,10.));
#9100=CARTESIAN_POINT('',(101.921018213034,-72.9739367961884,10.));
#9101=CARTESIAN_POINT('',(91.8469849228858,-72.9739367961884,10.));
#9102=CARTESIAN_POINT('',(91.8469849228858,-72.9739367961884,12.4));
#9103=CARTESIAN_POINT('',(113.,-114.01,12.4));
#9104=CARTESIAN_POINT('',(113.,-114.01,10.));
#9105=CARTESIAN_POINT('',(113.,-114.01,12.4));
#9106=CARTESIAN_POINT('',(133.69,-91.97,12.4));
#9107=CARTESIAN_POINT('',(133.69,-91.97,10.));
#9108=CARTESIAN_POINT('',(133.69,-91.97,12.4));
#9109=CARTESIAN_POINT('',(113.19,-91.97,12.4));
#9110=CARTESIAN_POINT('',(113.19,-91.97,10.));
#9111=CARTESIAN_POINT('',(113.19,-91.97,12.4));
#9112=CARTESIAN_POINT('',(93.19,-91.47,12.4));
#9113=CARTESIAN_POINT('',(93.19,-91.47,10.));
#9114=CARTESIAN_POINT('',(93.19,-91.47,12.4));
#9115=CARTESIAN_POINT('',(133.69,-113.47,12.4));
#9116=CARTESIAN_POINT('',(133.69,-113.47,10.));
#9117=CARTESIAN_POINT('',(133.69,-113.47,12.4));
#9118=CARTESIAN_POINT('',(93.69,-113.47,12.4));
#9119=CARTESIAN_POINT('',(93.69,-113.47,10.));
#9120=CARTESIAN_POINT('',(93.69,-113.47,12.4));
#9121=CARTESIAN_POINT('',(134.61,-135.47,12.4));
#9122=CARTESIAN_POINT('',(134.61,-135.47,10.));
#9123=CARTESIAN_POINT('',(134.61,-135.47,12.4));
#9124=CARTESIAN_POINT('',(113.19,-135.97,12.4));
#9125=CARTESIAN_POINT('',(113.19,-135.97,10.));
#9126=CARTESIAN_POINT('',(113.19,-135.97,12.4));
#9127=CARTESIAN_POINT('',(93.69,-135.55,12.4));
#9128=CARTESIAN_POINT('',(93.69,-135.55,10.));
#9129=CARTESIAN_POINT('',(93.69,-135.55,12.4));
#9130=CARTESIAN_POINT('',(72.0886821461746,-53.,12.4));
#9131=CARTESIAN_POINT('',(73.5853451008842,-52.,12.4));
#9132=CARTESIAN_POINT('',(73.320711095567,-51.6039320876854,12.4));
#9133=CARTESIAN_POINT('',(72.4789299454805,-51.0458708883016,12.3075002660777));
#9134=CARTESIAN_POINT('',(71.4792678979053,-51.2423659625883,12.3492196623831));
#9135=CARTESIAN_POINT('',(71.0886821461746,-51.5033370452904,12.3752714407778));
#9136=CARTESIAN_POINT('',(73.5853451008842,-52.,12.4));
#9137=CARTESIAN_POINT('',(71.0886821461746,-51.5033370452904,12.3752714407778));
#9138=CARTESIAN_POINT('',(71.0886821461746,-51.5033370452904,12.3752714407778));
#9139=CARTESIAN_POINT('',(70.8913868593305,-51.635160503754,12.3884308892943));
#9140=CARTESIAN_POINT('',(70.7238455419683,-51.8027003847471,12.3884311779959));
#9141=CARTESIAN_POINT('',(70.592019191465,-52.,12.3752714407778));
#9142=CARTESIAN_POINT('',(70.592019191465,-52.,12.3752714407778));
#9143=CARTESIAN_POINT('',(70.592019191465,-52.,12.3752714407778));
#9144=CARTESIAN_POINT('',(70.3316969312768,-52.38961468311,12.349284431936));
#9145=CARTESIAN_POINT('',(70.1338986906302,-53.3897638210134,12.3074413127127));
#9146=CARTESIAN_POINT('',(70.6929311309442,-54.2322406851632,12.4));
#9147=CARTESIAN_POINT('',(71.0886821461746,-54.4966629547096,12.4));
#9148=CARTESIAN_POINT('',(71.0886821461746,-54.4966629547096,12.4));
#9149=CARTESIAN_POINT('',(72.0886821461746,-53.,12.4));
#9150=CARTESIAN_POINT('',(72.0886821461746,-53.,10.));
#9151=CARTESIAN_POINT('',(73.8886821461746,-53.,10.));
#9152=CARTESIAN_POINT('',(72.0886821461746,-158.9,12.4));
#9153=CARTESIAN_POINT('',(71.0886821461746,-157.403337045291,12.4));
#9154=CARTESIAN_POINT('',(70.69261423386,-157.667971050608,12.4));
#9155=CARTESIAN_POINT('',(70.1345530344762,-158.509752200694,12.3075002660778));
#9156=CARTESIAN_POINT('',(70.3310481087629,-159.509414248269,12.3492196623831));
#9157=CARTESIAN_POINT('',(70.592019191465,-159.9,12.3752714407778));
#9158=CARTESIAN_POINT('',(71.0886821461746,-157.40333704529,12.4));
#9159=CARTESIAN_POINT('',(70.592019191465,-159.9,12.3752714407778));
#9160=CARTESIAN_POINT('',(70.592019191465,-159.9,12.3752714407778));
#9161=CARTESIAN_POINT('',(70.7238426499286,-160.097295286844,12.3884308892943));
#9162=CARTESIAN_POINT('',(70.8913825309217,-160.264836604206,12.3884311779959));
#9163=CARTESIAN_POINT('',(71.0886821461746,-160.396662954709,12.3752714407778));
#9164=CARTESIAN_POINT('',(71.0886821461746,-160.396662954709,12.3752714407778));
#9165=CARTESIAN_POINT('',(71.0886821461745,-160.39666295471,12.3752714407778));
#9166=CARTESIAN_POINT('',(71.4782968292846,-160.656985214898,12.349284431936));
#9167=CARTESIAN_POINT('',(72.4784459671879,-160.854783455545,12.3074413127127));
#9168=CARTESIAN_POINT('',(73.3209228313378,-160.29575101523,12.4));
#9169=CARTESIAN_POINT('',(73.5853451008842,-159.9,12.4));
#9170=CARTESIAN_POINT('',(73.5853451008842,-159.9,12.4));
#9171=CARTESIAN_POINT('',(72.0886821461746,-158.9,12.4));
#9172=CARTESIAN_POINT('',(72.0886821461746,-158.9,10.));
#9173=CARTESIAN_POINT('',(73.8886821461746,-158.9,10.));
#9174=CARTESIAN_POINT('',(154.488682146175,-53.,12.4));
#9175=CARTESIAN_POINT('',(155.488682146175,-54.4966629547096,12.4));
#9176=CARTESIAN_POINT('',(155.884750058489,-54.2320289493924,12.4));
#9177=CARTESIAN_POINT('',(156.442811257873,-53.3902477993058,12.3075002660777));
#9178=CARTESIAN_POINT('',(156.246316183586,-52.3905857517307,12.3492196623831));
#9179=CARTESIAN_POINT('',(155.985345100884,-52.,12.3752714407778));
#9180=CARTESIAN_POINT('',(155.488682146175,-54.4966629547096,12.4));
#9181=CARTESIAN_POINT('',(155.985345100884,-52.,12.3752714407778));
#9182=CARTESIAN_POINT('',(155.985345100884,-52.,12.3752714407778));
#9183=CARTESIAN_POINT('',(155.85352164242,-51.8027047131559,12.3884308892943));
#9184=CARTESIAN_POINT('',(155.685981761427,-51.6351633957937,12.3884311779959));
#9185=CARTESIAN_POINT('',(155.488682146175,-51.5033370452904,12.3752714407778));
#9186=CARTESIAN_POINT('',(155.488682146175,-51.5033370452904,12.3752714407778));
#9187=CARTESIAN_POINT('',(155.488682146174,-51.5033370452904,12.3752714407778));
#9188=CARTESIAN_POINT('',(155.099067463064,-51.2430147851022,12.349284431936));
#9189=CARTESIAN_POINT('',(154.098918325161,-51.0452165444556,12.3074413127127));
#9190=CARTESIAN_POINT('',(153.256441461011,-51.6042489847697,12.4));
#9191=CARTESIAN_POINT('',(152.992019191465,-52.,12.4));
#9192=CARTESIAN_POINT('',(152.992019191465,-52.,12.4));
#9193=CARTESIAN_POINT('',(154.488682146175,-53.,12.4));
#9194=CARTESIAN_POINT('',(154.488682146175,-53.,10.));
#9195=CARTESIAN_POINT('',(156.288682146174,-53.,10.));
#9196=CARTESIAN_POINT('',(154.488682146175,-158.9,12.4));
#9197=CARTESIAN_POINT('',(152.992019191465,-159.9,12.4));
#9198=CARTESIAN_POINT('',(153.256653196782,-160.296067912315,12.4));
#9199=CARTESIAN_POINT('',(154.098434346869,-160.854129111699,12.3075002660777));
#9200=CARTESIAN_POINT('',(155.098096394444,-160.657634037412,12.3492196623831));
#9201=CARTESIAN_POINT('',(155.488682146175,-160.39666295471,12.3752714407778));
#9202=CARTESIAN_POINT('',(152.992019191465,-159.9,12.4));
#9203=CARTESIAN_POINT('',(155.488682146175,-160.396662954709,12.3752714407778));
#9204=CARTESIAN_POINT('',(155.488682146175,-160.396662954709,12.3752714407778));
#9205=CARTESIAN_POINT('',(155.685977433019,-160.264839496246,12.3884308892943));
#9206=CARTESIAN_POINT('',(155.853518750381,-160.097299615253,12.3884311779959));
#9207=CARTESIAN_POINT('',(155.985345100884,-159.9,12.3752714407778));
#9208=CARTESIAN_POINT('',(155.985345100884,-159.9,12.3752714407778));
#9209=CARTESIAN_POINT('',(155.985345100884,-159.9,12.3752714407778));
#9210=CARTESIAN_POINT('',(156.245667361072,-159.51038531689,12.349284431936));
#9211=CARTESIAN_POINT('',(156.443465601719,-158.510236178987,12.3074413127127));
#9212=CARTESIAN_POINT('',(155.884433161405,-157.667759314837,12.4));
#9213=CARTESIAN_POINT('',(155.488682146175,-157.40333704529,12.4));
#9214=CARTESIAN_POINT('',(155.488682146175,-157.40333704529,12.4));
#9215=CARTESIAN_POINT('',(154.488682146175,-158.9,12.4));
#9216=CARTESIAN_POINT('',(154.488682146175,-158.9,10.));
#9217=CARTESIAN_POINT('',(156.288682146174,-158.9,10.));
#9218=CARTESIAN_POINT('',(132.960483431816,-65.9550130367279,12.4));
#9219=CARTESIAN_POINT('',(132.960483431816,-65.9550130367279,12.4));
#9220=CARTESIAN_POINT('',(136.960483431816,-65.9550130367279,12.4));
#9221=CARTESIAN_POINT('',(132.960483431816,-65.9550130367279,10.));
#9222=CARTESIAN_POINT('',(136.960483431816,-65.9550130367279,10.));
#9223=CARTESIAN_POINT('',(113.288682146175,-105.95,12.4));
#9224=CARTESIAN_POINT('',(71.0886821461746,-164.9,12.4));
#9225=CARTESIAN_POINT('',(160.488682146175,-159.9,12.4));
#9226=CARTESIAN_POINT('',(155.488682146175,-105.95,12.4));
#9227=CARTESIAN_POINT('',(113.288682146175,-52.,12.4));
#9228=CARTESIAN_POINT('',(91.8469849228858,-65.3157840669155,12.4));
#9229=CARTESIAN_POINT('',(111.995051503181,-65.3157840669155,12.4));
#9230=CARTESIAN_POINT('',(111.995051503181,-67.9739367961884,12.4));
#9231=CARTESIAN_POINT('',(91.8469849228858,-67.9739367961884,12.4));
#9232=CARTESIAN_POINT('',(113.288682146175,-105.95,10.));
#9233=CARTESIAN_POINT('',(159.759513446987,-105.95,10.));
#9234=CARTESIAN_POINT('',(159.759513446987,-52.,10.));
#9235=CARTESIAN_POINT('',(159.759513446987,-159.9,10.));
#9236=CARTESIAN_POINT('',(155.488682146175,-159.9,10.));
#9237=CARTESIAN_POINT('',(155.488682146175,-164.170831300812,10.));
#9238=CARTESIAN_POINT('',(113.288682146175,-164.170831300812,10.));
#9239=CARTESIAN_POINT('',(71.0886821461746,-164.170831300812,10.));
#9240=CARTESIAN_POINT('',(71.0886821461746,-159.9,10.));
#9241=CARTESIAN_POINT('',(66.8178508453621,-159.9,10.));
#9242=CARTESIAN_POINT('',(66.8178508453621,-105.95,10.));
#9243=CARTESIAN_POINT('',(66.8178508453621,-52.,10.));
#9244=CARTESIAN_POINT('',(71.0886821461746,-52.,10.));
#9245=CARTESIAN_POINT('',(71.0886821461746,-47.7291686991875,10.));
#9246=CARTESIAN_POINT('',(113.288682146175,-47.7291686991875,10.));
#9247=CARTESIAN_POINT('',(155.488682146175,-47.7291686991875,10.));
#9248=CARTESIAN_POINT('',(155.488682146175,-52.,10.));
#9249=CARTESIAN_POINT('',(91.8469849228858,-65.3157840669155,10.));
#9250=CARTESIAN_POINT('',(91.8469849228858,-67.9739367961884,10.));
#9251=CARTESIAN_POINT('',(111.995051503181,-67.9739367961884,10.));
#9252=CARTESIAN_POINT('',(111.995051503181,-65.3157840669155,10.));
#9253=CARTESIAN_POINT('',(155.488682146175,-105.95,7.4));
#9254=CARTESIAN_POINT('',(155.488682146175,-159.9,7.4));
#9255=CARTESIAN_POINT('',(155.488682146175,-52.,7.4));
#9256=CARTESIAN_POINT('',(113.288682146175,-52.,7.4));
#9257=CARTESIAN_POINT('',(155.488682146175,-52.,7.4));
#9258=CARTESIAN_POINT('',(71.0886821461746,-52.,7.4));
#9259=CARTESIAN_POINT('',(113.288682146175,-159.9,7.4));
#9260=CARTESIAN_POINT('',(155.488682146175,-159.9,7.4));
#9261=CARTESIAN_POINT('',(71.0886821461746,-159.9,7.4));
#9262=CARTESIAN_POINT('',(71.0886821461746,-105.95,7.4));
#9263=CARTESIAN_POINT('',(71.0886821461746,-159.9,7.4));
#9264=CARTESIAN_POINT('',(71.0886821461746,-52.,7.4));
#9265=CARTESIAN_POINT('',(111.995051503181,-65.3157840669155,12.4));
#9266=CARTESIAN_POINT('',(111.995051503181,-67.9739367961884,12.4));
#9267=CARTESIAN_POINT('',(91.8469849228858,-67.9739367961884,12.4));
#9268=CARTESIAN_POINT('',(91.8469849228858,-65.3157840669155,12.4));
#9269=CARTESIAN_POINT('',(155.488682146175,-159.9,7.4));
#9270=CARTESIAN_POINT('',(71.0886821461746,-159.9,7.4));
#9271=CARTESIAN_POINT('',(155.488682146175,-52.,7.4));
#9272=CARTESIAN_POINT('',(71.0886821461746,-52.,7.4));
#9273=CARTESIAN_POINT('',(0.,0.,0.));
#9274=CARTESIAN_POINT('',(149.366290948819,-146.866522933124,14.4));
#9275=CARTESIAN_POINT('',(149.366290948819,-146.866522933124,12.4));
#9276=CARTESIAN_POINT('',(149.366290948819,-148.944241838763,14.4));
#9277=CARTESIAN_POINT('',(149.366290948819,-148.944241838763,12.4));
#9278=CARTESIAN_POINT('',(148.937555301624,-150.738162046764,14.4));
#9279=CARTESIAN_POINT('',(148.937555301624,-150.738162046764,12.4));
#9280=CARTESIAN_POINT('',(148.080084007233,-152.248283557128,14.4));
#9281=CARTESIAN_POINT('',(148.080084007233,-152.248283557128,12.4));
#9282=CARTESIAN_POINT('',(149.366290948819,-146.866522933124,12.4));
#9283=CARTESIAN_POINT('',(149.366290948819,-149.983101291582,12.4));
#9284=CARTESIAN_POINT('',(148.080084007233,-152.248283557128,12.4));
#9285=CARTESIAN_POINT('',(149.366290948819,-146.866522933124,12.4));
#9286=CARTESIAN_POINT('',(148.080084007233,-152.248283557128,12.4));
#9287=CARTESIAN_POINT('',(149.366290948819,-146.866522933124,14.4));
#9288=CARTESIAN_POINT('',(149.366290948819,-146.866522933124,14.4));
#9289=CARTESIAN_POINT('',(149.366290948819,-146.866522933124,14.4));
#9290=CARTESIAN_POINT('',(149.366290948819,-149.983101291582,14.4));
#9291=CARTESIAN_POINT('',(148.080084007233,-152.248283557128,14.4));
#9292=CARTESIAN_POINT('',(148.080084007233,-152.248283557128,14.4));
#9293=CARTESIAN_POINT('',(148.080084007233,-152.248283557128,14.4));
#9294=CARTESIAN_POINT('',(149.366290948819,-146.776696739835,14.4));
#9295=CARTESIAN_POINT('',(149.366290948819,-146.776696739835,12.4));
#9296=CARTESIAN_POINT('',(149.366290948819,-146.686870546546,12.4));
#9297=CARTESIAN_POINT('',(149.366290948819,-146.686870546546,14.4));
#9298=CARTESIAN_POINT('',(149.366290948819,-146.686870546546,14.4));
#9299=CARTESIAN_POINT('',(149.366290948819,-146.776696739835,14.4));
#9300=CARTESIAN_POINT('',(148.080084007233,-141.307713580318,14.4));
#9301=CARTESIAN_POINT('',(148.080084007233,-141.307713580318,12.4));
#9302=CARTESIAN_POINT('',(148.937555301624,-142.821306634384,14.4));
#9303=CARTESIAN_POINT('',(148.937555301624,-142.821306634384,12.4));
#9304=CARTESIAN_POINT('',(149.366290948819,-144.61435895646,14.4));
#9305=CARTESIAN_POINT('',(149.366290948819,-144.61435895646,12.4));
#9306=CARTESIAN_POINT('',(149.366290948819,-146.686870546546,14.4));
#9307=CARTESIAN_POINT('',(149.366290948819,-146.686870546546,12.4));
#9308=CARTESIAN_POINT('',(148.080084007233,-141.307713580318,12.4));
#9309=CARTESIAN_POINT('',(149.366290948819,-143.578103161417,12.4));
#9310=CARTESIAN_POINT('',(149.366290948819,-146.686870546546,12.4));
#9311=CARTESIAN_POINT('',(148.080084007233,-141.307713580318,12.4));
#9312=CARTESIAN_POINT('',(148.080084007233,-141.307713580318,14.4));
#9313=CARTESIAN_POINT('',(148.080084007233,-141.307713580318,14.4));
#9314=CARTESIAN_POINT('',(148.080084007233,-141.307713580318,14.4));
#9315=CARTESIAN_POINT('',(149.366290948819,-143.578103161417,14.4));
#9316=CARTESIAN_POINT('',(149.366290948819,-146.686870546546,14.4));
#9317=CARTESIAN_POINT('',(145.216060453095,-138.386409555096,14.4));
#9318=CARTESIAN_POINT('',(145.216060453095,-138.386409555096,12.4));
#9319=CARTESIAN_POINT('',(146.267938194796,-138.820352517844,14.4));
#9320=CARTESIAN_POINT('',(146.267938194796,-138.820352517844,12.4));
#9321=CARTESIAN_POINT('',(147.222612712843,-139.794120526252,14.4));
#9322=CARTESIAN_POINT('',(147.222612712843,-139.794120526252,12.4));
#9323=CARTESIAN_POINT('',(148.080084007233,-141.307713580318,14.4));
#9324=CARTESIAN_POINT('',(148.080084007233,-141.307713580318,12.4));
#9325=CARTESIAN_POINT('',(145.216060453095,-138.386409555096,12.4));
#9326=CARTESIAN_POINT('',(146.793877065647,-139.037323999219,12.4));
#9327=CARTESIAN_POINT('',(148.080084007233,-141.307713580318,12.4));
#9328=CARTESIAN_POINT('',(145.216060453095,-138.386409555096,12.4));
#9329=CARTESIAN_POINT('',(145.216060453095,-138.386409555096,14.4));
#9330=CARTESIAN_POINT('',(145.216060453095,-138.386409555096,14.4));
#9331=CARTESIAN_POINT('',(145.216060453095,-138.386409555096,14.4));
#9332=CARTESIAN_POINT('',(146.793877065647,-139.037323999219,14.4));
#9333=CARTESIAN_POINT('',(148.080084007233,-141.307713580318,14.4));
#9334=CARTESIAN_POINT('',(145.191325704218,-138.386409555096,14.4));
#9335=CARTESIAN_POINT('',(145.191325704218,-138.386409555096,12.4));
#9336=CARTESIAN_POINT('',(145.166590955341,-138.386409555096,12.4));
#9337=CARTESIAN_POINT('',(145.166590955341,-138.386409555096,14.4));
#9338=CARTESIAN_POINT('',(145.166590955341,-138.386409555096,14.4));
#9339=CARTESIAN_POINT('',(145.191325704218,-138.386409555096,14.4));
#9340=CARTESIAN_POINT('',(144.947883702116,-138.964421581477,14.4));
#9341=CARTESIAN_POINT('',(144.947883702116,-138.964421581477,12.4));
#9342=CARTESIAN_POINT('',(144.729176448891,-139.542433607858,12.4));
#9343=CARTESIAN_POINT('',(144.729176448891,-139.542433607858,14.4));
#9344=CARTESIAN_POINT('',(144.729176448891,-139.542433607858,14.4));
#9345=CARTESIAN_POINT('',(144.947883702116,-138.964421581477,14.4));
#9346=CARTESIAN_POINT('',(146.50226739468,-142.143487726571,14.4));
#9347=CARTESIAN_POINT('',(146.50226739468,-142.143487726571,12.4));
#9348=CARTESIAN_POINT('',(146.009308188998,-140.947540921237,14.4));
#9349=CARTESIAN_POINT('',(146.009308188998,-140.947540921237,12.4));
#9350=CARTESIAN_POINT('',(145.418277873735,-140.080522881665,14.4));
#9351=CARTESIAN_POINT('',(145.418277873735,-140.080522881665,12.4));
#9352=CARTESIAN_POINT('',(144.729176448891,-139.542433607858,14.4));
#9353=CARTESIAN_POINT('',(144.729176448891,-139.542433607858,12.4));
#9354=CARTESIAN_POINT('',(146.50226739468,-142.143487726571,12.4));
#9355=CARTESIAN_POINT('',(145.762828586157,-140.349567518569,12.4));
#9356=CARTESIAN_POINT('',(144.729176448891,-139.542433607858,12.4));
#9357=CARTESIAN_POINT('',(146.50226739468,-142.143487726571,12.4));
#9358=CARTESIAN_POINT('',(146.50226739468,-142.143487726571,14.4));
#9359=CARTESIAN_POINT('',(146.50226739468,-142.143487726571,14.4));
#9360=CARTESIAN_POINT('',(146.50226739468,-142.143487726571,14.4));
#9361=CARTESIAN_POINT('',(145.762828586157,-140.349567518569,14.4));
#9362=CARTESIAN_POINT('',(144.729176448891,-139.542433607858,14.4));
#9363=CARTESIAN_POINT('',(147.241706203204,-146.671248599887,14.4));
#9364=CARTESIAN_POINT('',(147.241706203204,-146.671248599887,12.4));
#9365=CARTESIAN_POINT('',(147.241706203204,-144.848688156344,14.4));
#9366=CARTESIAN_POINT('',(147.241706203204,-144.848688156344,12.4));
#9367=CARTESIAN_POINT('',(146.995226600363,-143.339434531905,14.4));
#9368=CARTESIAN_POINT('',(146.995226600363,-143.339434531905,12.4));
#9369=CARTESIAN_POINT('',(146.50226739468,-142.143487726571,14.4));
#9370=CARTESIAN_POINT('',(146.50226739468,-142.143487726571,12.4));
#9371=CARTESIAN_POINT('',(147.241706203204,-146.671248599887,12.4));
#9372=CARTESIAN_POINT('',(147.241706203204,-143.937407934573,12.4));
#9373=CARTESIAN_POINT('',(146.50226739468,-142.143487726571,12.4));
#9374=CARTESIAN_POINT('',(147.241706203204,-146.671248599887,12.4));
#9375=CARTESIAN_POINT('',(147.241706203204,-146.671248599887,14.4));
#9376=CARTESIAN_POINT('',(147.241706203204,-146.671248599887,14.4));
#9377=CARTESIAN_POINT('',(147.241706203204,-146.671248599887,14.4));
#9378=CARTESIAN_POINT('',(147.241706203204,-143.937407934573,14.4));
#9379=CARTESIAN_POINT('',(146.50226739468,-142.143487726571,14.4));
#9380=CARTESIAN_POINT('',(147.241706203204,-146.776696739835,14.4));
#9381=CARTESIAN_POINT('',(147.241706203204,-146.776696739835,12.4));
#9382=CARTESIAN_POINT('',(147.241706203204,-146.882144879783,12.4));
#9383=CARTESIAN_POINT('',(147.241706203204,-146.882144879783,14.4));
#9384=CARTESIAN_POINT('',(147.241706203204,-146.882144879783,14.4));
#9385=CARTESIAN_POINT('',(147.241706203204,-146.776696739835,14.4));
#9386=CARTESIAN_POINT('',(146.51007836801,-151.421622213092,14.4));
#9387=CARTESIAN_POINT('',(146.51007836801,-151.421622213092,12.4));
#9388=CARTESIAN_POINT('',(146.997830258139,-150.233486381088,14.4));
#9389=CARTESIAN_POINT('',(146.997830258139,-150.233486381088,12.4));
#9390=CARTESIAN_POINT('',(147.241706203204,-148.720327269984,14.4));
#9391=CARTESIAN_POINT('',(147.241706203204,-148.720327269984,12.4));
#9392=CARTESIAN_POINT('',(147.241706203204,-146.882144879783,14.4));
#9393=CARTESIAN_POINT('',(147.241706203204,-146.882144879783,12.4));
#9394=CARTESIAN_POINT('',(146.51007836801,-151.421622213092,12.4));
#9395=CARTESIAN_POINT('',(147.241706203204,-149.639418465085,12.4));
#9396=CARTESIAN_POINT('',(147.241706203204,-146.882144879783,12.4));
#9397=CARTESIAN_POINT('',(146.51007836801,-151.421622213092,12.4));
#9398=CARTESIAN_POINT('',(146.51007836801,-151.421622213092,14.4));
#9399=CARTESIAN_POINT('',(146.51007836801,-151.421622213092,14.4));
#9400=CARTESIAN_POINT('',(146.51007836801,-151.421622213092,14.4));
#9401=CARTESIAN_POINT('',(147.241706203204,-149.639418465085,14.4));
#9402=CARTESIAN_POINT('',(147.241706203204,-146.882144879783,14.4));
#9403=CARTESIAN_POINT('',(144.729176448891,-154.000545240706,14.4));
#9404=CARTESIAN_POINT('',(144.729176448891,-154.000545240706,12.4));
#9405=CARTESIAN_POINT('',(145.428692504841,-153.469399054302,14.4));
#9406=CARTESIAN_POINT('',(145.428692504841,-153.469399054302,12.4));
#9407=CARTESIAN_POINT('',(146.022326477881,-152.609758045097,14.4));
#9408=CARTESIAN_POINT('',(146.022326477881,-152.609758045097,12.4));
#9409=CARTESIAN_POINT('',(146.51007836801,-151.421622213092,14.4));
#9410=CARTESIAN_POINT('',(146.51007836801,-151.421622213092,12.4));
#9411=CARTESIAN_POINT('',(144.729176448891,-154.000545240706,12.4));
#9412=CARTESIAN_POINT('',(145.778450532816,-153.2038259611,12.4));
#9413=CARTESIAN_POINT('',(146.51007836801,-151.421622213092,12.4));
#9414=CARTESIAN_POINT('',(144.729176448891,-154.000545240706,12.4));
#9415=CARTESIAN_POINT('',(144.729176448891,-154.000545240706,14.4));
#9416=CARTESIAN_POINT('',(144.729176448891,-154.000545240706,14.4));
#9417=CARTESIAN_POINT('',(144.729176448891,-154.000545240706,14.4));
#9418=CARTESIAN_POINT('',(145.778450532816,-153.2038259611,14.4));
#9419=CARTESIAN_POINT('',(146.51007836801,-151.421622213092,14.4));
#9420=CARTESIAN_POINT('',(144.947883702116,-154.582462753752,14.4));
#9421=CARTESIAN_POINT('',(144.947883702116,-154.582462753752,12.4));
#9422=CARTESIAN_POINT('',(145.166590955341,-155.164380266797,12.4));
#9423=CARTESIAN_POINT('',(145.166590955341,-155.164380266797,14.4));
#9424=CARTESIAN_POINT('',(145.166590955341,-155.164380266797,14.4));
#9425=CARTESIAN_POINT('',(144.947883702116,-154.582462753752,14.4));
#9426=CARTESIAN_POINT('',(145.191325704218,-155.164380266797,14.4));
#9427=CARTESIAN_POINT('',(145.191325704218,-155.164380266797,12.4));
#9428=CARTESIAN_POINT('',(145.216060453095,-155.164380266797,12.4));
#9429=CARTESIAN_POINT('',(145.216060453095,-155.164380266797,14.4));
#9430=CARTESIAN_POINT('',(145.216060453095,-155.164380266797,14.4));
#9431=CARTESIAN_POINT('',(145.191325704218,-155.164380266797,14.4));
#9432=CARTESIAN_POINT('',(148.080084007233,-152.248283557128,14.4));
#9433=CARTESIAN_POINT('',(148.080084007233,-152.248283557128,12.4));
#9434=CARTESIAN_POINT('',(147.222612712843,-153.758405067492,14.4));
#9435=CARTESIAN_POINT('',(147.222612712843,-153.758405067492,12.4));
#9436=CARTESIAN_POINT('',(146.267938194796,-154.730437304049,14.4));
#9437=CARTESIAN_POINT('',(146.267938194796,-154.730437304049,12.4));
#9438=CARTESIAN_POINT('',(145.216060453095,-155.164380266797,14.4));
#9439=CARTESIAN_POINT('',(145.216060453095,-155.164380266797,12.4));
#9440=CARTESIAN_POINT('',(148.080084007233,-152.248283557128,12.4));
#9441=CARTESIAN_POINT('',(146.793877065647,-154.513465822675,12.4));
#9442=CARTESIAN_POINT('',(145.216060453095,-155.164380266797,12.4));
#9443=CARTESIAN_POINT('',(148.080084007233,-152.248283557128,14.4));
#9444=CARTESIAN_POINT('',(146.793877065647,-154.513465822675,14.4));
#9445=CARTESIAN_POINT('',(145.216060453095,-155.164380266797,14.4));
#9446=CARTESIAN_POINT('',(113.288682146175,-105.95,14.4));
#9447=CARTESIAN_POINT('',(113.288682146175,-105.95,12.4));
#9448=CARTESIAN_POINT('',(0.,0.,0.));
#9449=CARTESIAN_POINT('',(142.453579552239,-144.791407685261,14.4));
#9450=CARTESIAN_POINT('',(142.453579552239,-144.791407685261,12.4));
#9451=CARTESIAN_POINT('',(143.638243840542,-144.791407685261,12.4));
#9452=CARTESIAN_POINT('',(141.268915263936,-144.791407685261,12.4));
#9453=CARTESIAN_POINT('',(143.638243840542,-144.791407685261,14.4));
#9454=CARTESIAN_POINT('',(143.638243840542,-144.791407685261,14.4));
#9455=CARTESIAN_POINT('',(142.453579552239,-144.791407685261,14.4));
#9456=CARTESIAN_POINT('',(141.268915263936,-144.791407685261,14.4));
#9457=CARTESIAN_POINT('',(141.268915263936,-144.791407685261,14.4));
#9458=CARTESIAN_POINT('',(143.638243840542,-143.749944574665,14.4));
#9459=CARTESIAN_POINT('',(143.638243840542,-143.749944574665,12.4));
#9460=CARTESIAN_POINT('',(143.638243840542,-142.708481464069,12.4));
#9461=CARTESIAN_POINT('',(143.638243840542,-142.708481464069,14.4));
#9462=CARTESIAN_POINT('',(143.638243840542,-142.708481464069,14.4));
#9463=CARTESIAN_POINT('',(143.638243840542,-143.749944574665,14.4));
#9464=CARTESIAN_POINT('',(142.453579552239,-142.708481464069,14.4));
#9465=CARTESIAN_POINT('',(142.453579552239,-142.708481464069,12.4));
#9466=CARTESIAN_POINT('',(141.268915263936,-142.708481464069,12.4));
#9467=CARTESIAN_POINT('',(141.268915263936,-142.708481464069,14.4));
#9468=CARTESIAN_POINT('',(141.268915263936,-142.708481464069,14.4));
#9469=CARTESIAN_POINT('',(142.453579552239,-142.708481464069,14.4));
#9470=CARTESIAN_POINT('',(141.268915263936,-143.749944574665,14.4));
#9471=CARTESIAN_POINT('',(141.268915263936,-143.749944574665,12.4));
#9472=CARTESIAN_POINT('',(141.268915263936,-143.749944574665,14.4));
#9473=CARTESIAN_POINT('',(113.288682146175,-105.95,14.4));
#9474=CARTESIAN_POINT('',(113.288682146175,-105.95,12.4));
#9475=CARTESIAN_POINT('',(0.,0.,0.));
#9476=CARTESIAN_POINT('',(142.453579552239,-151.503637433052,14.4));
#9477=CARTESIAN_POINT('',(142.453579552239,-151.503637433052,12.4));
#9478=CARTESIAN_POINT('',(143.638243840542,-151.503637433052,12.4));
#9479=CARTESIAN_POINT('',(141.268915263936,-151.503637433052,12.4));
#9480=CARTESIAN_POINT('',(143.638243840542,-151.503637433052,14.4));
#9481=CARTESIAN_POINT('',(143.638243840542,-151.503637433052,14.4));
#9482=CARTESIAN_POINT('',(142.453579552239,-151.503637433052,14.4));
#9483=CARTESIAN_POINT('',(141.268915263936,-151.503637433052,14.4));
#9484=CARTESIAN_POINT('',(141.268915263936,-151.503637433052,14.4));
#9485=CARTESIAN_POINT('',(143.638243840542,-150.462174322456,14.4));
#9486=CARTESIAN_POINT('',(143.638243840542,-150.462174322456,12.4));
#9487=CARTESIAN_POINT('',(143.638243840542,-149.42071121186,12.4));
#9488=CARTESIAN_POINT('',(143.638243840542,-149.42071121186,14.4));
#9489=CARTESIAN_POINT('',(143.638243840542,-149.42071121186,14.4));
#9490=CARTESIAN_POINT('',(143.638243840542,-150.462174322456,14.4));
#9491=CARTESIAN_POINT('',(142.453579552239,-149.42071121186,14.4));
#9492=CARTESIAN_POINT('',(142.453579552239,-149.42071121186,12.4));
#9493=CARTESIAN_POINT('',(141.268915263936,-149.42071121186,12.4));
#9494=CARTESIAN_POINT('',(141.268915263936,-149.42071121186,14.4));
#9495=CARTESIAN_POINT('',(141.268915263936,-149.42071121186,14.4));
#9496=CARTESIAN_POINT('',(142.453579552239,-149.42071121186,14.4));
#9497=CARTESIAN_POINT('',(141.268915263936,-150.462174322456,14.4));
#9498=CARTESIAN_POINT('',(141.268915263936,-150.462174322456,12.4));
#9499=CARTESIAN_POINT('',(141.268915263936,-150.462174322456,14.4));
#9500=CARTESIAN_POINT('',(113.288682146175,-105.95,14.4));
#9501=CARTESIAN_POINT('',(113.288682146175,-105.95,12.4));
#9502=CARTESIAN_POINT('',(0.,0.,0.));
#9503=CARTESIAN_POINT('',(129.057760292198,-145.584221478202,14.4));
#9504=CARTESIAN_POINT('',(129.057760292198,-145.584221478202,12.4));
#9505=CARTESIAN_POINT('',(129.057760292198,-141.487365966896,12.4));
#9506=CARTESIAN_POINT('',(129.057760292198,-149.681076989509,12.4));
#9507=CARTESIAN_POINT('',(129.057760292198,-141.487365966896,14.4));
#9508=CARTESIAN_POINT('',(129.057760292198,-141.487365966896,14.4));
#9509=CARTESIAN_POINT('',(129.057760292198,-145.584221478202,14.4));
#9510=CARTESIAN_POINT('',(129.057760292198,-149.681076989509,14.4));
#9511=CARTESIAN_POINT('',(129.057760292198,-149.681076989509,14.4));
#9512=CARTESIAN_POINT('',(129.84276311181,-141.487365966896,14.4));
#9513=CARTESIAN_POINT('',(129.84276311181,-141.487365966896,12.4));
#9514=CARTESIAN_POINT('',(130.627765931422,-141.487365966896,12.4));
#9515=CARTESIAN_POINT('',(130.627765931422,-141.487365966896,14.4));
#9516=CARTESIAN_POINT('',(130.627765931422,-141.487365966896,14.4));
#9517=CARTESIAN_POINT('',(129.84276311181,-141.487365966896,14.4));
#9518=CARTESIAN_POINT('',(132.629978761543,-142.350478519802,14.4));
#9519=CARTESIAN_POINT('',(132.629978761543,-142.350478519802,12.4));
#9520=CARTESIAN_POINT('',(132.147434186966,-141.775070151198,14.4));
#9521=CARTESIAN_POINT('',(132.147434186966,-141.775070151198,12.4));
#9522=CARTESIAN_POINT('',(131.48002991026,-141.487365966896,14.4));
#9523=CARTESIAN_POINT('',(131.48002991026,-141.487365966896,12.4));
#9524=CARTESIAN_POINT('',(130.627765931422,-141.487365966896,14.4));
#9525=CARTESIAN_POINT('',(130.627765931422,-141.487365966896,12.4));
#9526=CARTESIAN_POINT('',(132.629978761543,-142.350478519802,12.4));
#9527=CARTESIAN_POINT('',(131.906161899678,-141.487365966896,12.4));
#9528=CARTESIAN_POINT('',(130.627765931422,-141.487365966896,12.4));
#9529=CARTESIAN_POINT('',(132.629978761543,-142.350478519802,12.4));
#9530=CARTESIAN_POINT('',(132.629978761543,-142.350478519802,14.4));
#9531=CARTESIAN_POINT('',(132.629978761543,-142.350478519802,14.4));
#9532=CARTESIAN_POINT('',(132.629978761543,-142.350478519802,14.4));
#9533=CARTESIAN_POINT('',(131.906161899678,-141.487365966896,14.4));
#9534=CARTESIAN_POINT('',(130.627765931422,-141.487365966896,14.4));
#9535=CARTESIAN_POINT('',(133.353795623407,-144.588322378695,14.4));
#9536=CARTESIAN_POINT('',(133.353795623407,-144.588322378695,12.4));
#9537=CARTESIAN_POINT('',(133.353795623407,-143.671834841371,14.4));
#9538=CARTESIAN_POINT('',(133.353795623407,-143.671834841371,12.4));
#9539=CARTESIAN_POINT('',(133.112523336119,-142.925886888406,14.4));
#9540=CARTESIAN_POINT('',(133.112523336119,-142.925886888406,12.4));
#9541=CARTESIAN_POINT('',(132.629978761543,-142.350478519802,14.4));
#9542=CARTESIAN_POINT('',(132.629978761543,-142.350478519802,12.4));
#9543=CARTESIAN_POINT('',(133.353795623407,-144.588322378695,12.4));
#9544=CARTESIAN_POINT('',(133.353795623407,-143.213591072708,12.4));
#9545=CARTESIAN_POINT('',(132.629978761543,-142.350478519802,12.4));
#9546=CARTESIAN_POINT('',(133.353795623407,-144.588322378695,12.4));
#9547=CARTESIAN_POINT('',(133.353795623407,-144.588322378695,14.4));
#9548=CARTESIAN_POINT('',(133.353795623407,-144.588322378695,14.4));
#9549=CARTESIAN_POINT('',(133.353795623407,-144.588322378695,14.4));
#9550=CARTESIAN_POINT('',(133.353795623407,-143.213591072708,14.4));
#9551=CARTESIAN_POINT('',(132.629978761543,-142.350478519802,14.4));
#9552=CARTESIAN_POINT('',(133.353795623407,-145.576410504873,14.4));
#9553=CARTESIAN_POINT('',(133.353795623407,-145.576410504873,12.4));
#9554=CARTESIAN_POINT('',(133.353795623407,-146.564498631051,12.4));
#9555=CARTESIAN_POINT('',(133.353795623407,-146.564498631051,14.4));
#9556=CARTESIAN_POINT('',(133.353795623407,-146.564498631051,14.4));
#9557=CARTESIAN_POINT('',(133.353795623407,-145.576410504873,14.4));
#9558=CARTESIAN_POINT('',(132.629978761543,-148.817964436603,14.4));
#9559=CARTESIAN_POINT('',(132.629978761543,-148.817964436603,12.4));
#9560=CARTESIAN_POINT('',(133.112523336119,-148.242556067999,14.4));
#9561=CARTESIAN_POINT('',(133.112523336119,-148.242556067999,12.4));
#9562=CARTESIAN_POINT('',(133.353795623407,-147.491400799481,14.4));
#9563=CARTESIAN_POINT('',(133.353795623407,-147.491400799481,12.4));
#9564=CARTESIAN_POINT('',(133.353795623407,-146.564498631051,14.4));
#9565=CARTESIAN_POINT('',(133.353795623407,-146.564498631051,12.4));
#9566=CARTESIAN_POINT('',(132.629978761543,-148.817964436603,12.4));
#9567=CARTESIAN_POINT('',(133.353795623407,-147.954851883696,12.4));
#9568=CARTESIAN_POINT('',(133.353795623407,-146.564498631051,12.4));
#9569=CARTESIAN_POINT('',(132.629978761543,-148.817964436603,12.4));
#9570=CARTESIAN_POINT('',(132.629978761543,-148.817964436603,14.4));
#9571=CARTESIAN_POINT('',(132.629978761543,-148.817964436603,14.4));
#9572=CARTESIAN_POINT('',(132.629978761543,-148.817964436603,14.4));
#9573=CARTESIAN_POINT('',(133.353795623407,-147.954851883696,14.4));
#9574=CARTESIAN_POINT('',(133.353795623407,-146.564498631051,14.4));
#9575=CARTESIAN_POINT('',(130.627765931422,-149.681076989509,14.4));
#9576=CARTESIAN_POINT('',(130.627765931422,-149.681076989509,12.4));
#9577=CARTESIAN_POINT('',(131.48002991026,-149.681076989509,14.4));
#9578=CARTESIAN_POINT('',(131.48002991026,-149.681076989509,12.4));
#9579=CARTESIAN_POINT('',(132.147434186966,-149.393372805207,14.4));
#9580=CARTESIAN_POINT('',(132.147434186966,-149.393372805207,12.4));
#9581=CARTESIAN_POINT('',(132.629978761543,-148.817964436603,14.4));
#9582=CARTESIAN_POINT('',(132.629978761543,-148.817964436603,12.4));
#9583=CARTESIAN_POINT('',(130.627765931422,-149.681076989509,12.4));
#9584=CARTESIAN_POINT('',(131.906161899678,-149.681076989509,12.4));
#9585=CARTESIAN_POINT('',(132.629978761543,-148.817964436603,12.4));
#9586=CARTESIAN_POINT('',(130.627765931422,-149.681076989509,12.4));
#9587=CARTESIAN_POINT('',(130.627765931422,-149.681076989509,14.4));
#9588=CARTESIAN_POINT('',(130.627765931422,-149.681076989509,14.4));
#9589=CARTESIAN_POINT('',(130.627765931422,-149.681076989509,14.4));
#9590=CARTESIAN_POINT('',(131.906161899678,-149.681076989509,14.4));
#9591=CARTESIAN_POINT('',(132.629978761543,-148.817964436603,14.4));
#9592=CARTESIAN_POINT('',(130.750137846917,-139.656994550023,14.4));
#9593=CARTESIAN_POINT('',(130.750137846917,-139.656994550023,12.4));
#9594=CARTESIAN_POINT('',(132.197771570645,-139.656994550023,14.4));
#9595=CARTESIAN_POINT('',(132.197771570645,-139.656994550023,12.4));
#9596=CARTESIAN_POINT('',(133.391114718203,-140.119577748313,14.4));
#9597=CARTESIAN_POINT('',(133.391114718203,-140.119577748313,12.4));
#9598=CARTESIAN_POINT('',(134.33016728959,-141.044744144892,14.4));
#9599=CARTESIAN_POINT('',(134.33016728959,-141.044744144892,12.4));
#9600=CARTESIAN_POINT('',(130.750137846917,-139.656994550023,12.4));
#9601=CARTESIAN_POINT('',(132.921588432509,-139.656994550023,12.4));
#9602=CARTESIAN_POINT('',(134.33016728959,-141.044744144892,12.4));
#9603=CARTESIAN_POINT('',(130.750137846917,-139.656994550023,12.4));
#9604=CARTESIAN_POINT('',(134.33016728959,-141.044744144892,12.4));
#9605=CARTESIAN_POINT('',(130.750137846917,-139.656994550023,14.4));
#9606=CARTESIAN_POINT('',(130.750137846917,-139.656994550023,14.4));
#9607=CARTESIAN_POINT('',(130.750137846917,-139.656994550023,14.4));
#9608=CARTESIAN_POINT('',(132.921588432509,-139.656994550023,14.4));
#9609=CARTESIAN_POINT('',(134.33016728959,-141.044744144892,14.4));
#9610=CARTESIAN_POINT('',(134.33016728959,-141.044744144892,14.4));
#9611=CARTESIAN_POINT('',(134.33016728959,-141.044744144892,14.4));
#9612=CARTESIAN_POINT('',(128.71537929459,-139.656994550023,14.4));
#9613=CARTESIAN_POINT('',(128.71537929459,-139.656994550023,12.4));
#9614=CARTESIAN_POINT('',(125.420450378442,-139.656994550023,12.4));
#9615=CARTESIAN_POINT('',(125.420450378442,-139.656994550023,14.4));
#9616=CARTESIAN_POINT('',(125.420450378442,-139.656994550023,14.4));
#9617=CARTESIAN_POINT('',(128.71537929459,-139.656994550023,14.4));
#9618=CARTESIAN_POINT('',(125.420450378442,-140.373000438558,14.4));
#9619=CARTESIAN_POINT('',(125.420450378442,-140.373000438558,12.4));
#9620=CARTESIAN_POINT('',(125.420450378442,-141.089006327093,12.4));
#9621=CARTESIAN_POINT('',(125.420450378442,-141.089006327093,14.4));
#9622=CARTESIAN_POINT('',(125.420450378442,-141.089006327093,14.4));
#9623=CARTESIAN_POINT('',(125.420450378442,-140.373000438558,14.4));
#9624=CARTESIAN_POINT('',(126.050535560353,-141.211378242588,14.4));
#9625=CARTESIAN_POINT('',(126.050535560353,-141.211378242588,12.4));
#9626=CARTESIAN_POINT('',(126.680620742263,-141.333750158083,12.4));
#9627=CARTESIAN_POINT('',(126.680620742263,-141.333750158083,14.4));
#9628=CARTESIAN_POINT('',(126.680620742263,-141.333750158083,14.4));
#9629=CARTESIAN_POINT('',(126.050535560353,-141.211378242588,14.4));
#9630=CARTESIAN_POINT('',(126.680620742263,-145.584221478202,14.4));
#9631=CARTESIAN_POINT('',(126.680620742263,-145.584221478202,12.4));
#9632=CARTESIAN_POINT('',(126.680620742263,-149.834692798322,12.4));
#9633=CARTESIAN_POINT('',(126.680620742263,-149.834692798322,14.4));
#9634=CARTESIAN_POINT('',(126.680620742263,-149.834692798322,14.4));
#9635=CARTESIAN_POINT('',(126.680620742263,-145.584221478202,14.4));
#9636=CARTESIAN_POINT('',(126.050535560353,-149.957064713817,14.4));
#9637=CARTESIAN_POINT('',(126.050535560353,-149.957064713817,12.4));
#9638=CARTESIAN_POINT('',(125.420450378442,-150.079436629312,12.4));
#9639=CARTESIAN_POINT('',(125.420450378442,-150.079436629312,14.4));
#9640=CARTESIAN_POINT('',(125.420450378442,-150.079436629312,14.4));
#9641=CARTESIAN_POINT('',(126.050535560353,-149.957064713817,14.4));
#9642=CARTESIAN_POINT('',(125.420450378442,-150.791537031182,14.4));
#9643=CARTESIAN_POINT('',(125.420450378442,-150.791537031182,12.4));
#9644=CARTESIAN_POINT('',(125.420450378442,-151.503637433052,12.4));
#9645=CARTESIAN_POINT('',(125.420450378442,-151.503637433052,14.4));
#9646=CARTESIAN_POINT('',(125.420450378442,-151.503637433052,14.4));
#9647=CARTESIAN_POINT('',(125.420450378442,-150.791537031182,14.4));
#9648=CARTESIAN_POINT('',(128.08529411268,-151.503637433052,14.4));
#9649=CARTESIAN_POINT('',(128.08529411268,-151.503637433052,12.4));
#9650=CARTESIAN_POINT('',(130.750137846917,-151.503637433052,12.4));
#9651=CARTESIAN_POINT('',(130.750137846917,-151.503637433052,14.4));
#9652=CARTESIAN_POINT('',(130.750137846917,-151.503637433052,14.4));
#9653=CARTESIAN_POINT('',(128.08529411268,-151.503637433052,14.4));
#9654=CARTESIAN_POINT('',(134.33016728959,-150.1250006404,14.4));
#9655=CARTESIAN_POINT('',(134.33016728959,-150.1250006404,12.4));
#9656=CARTESIAN_POINT('',(133.391114718203,-151.044091835502,14.4));
#9657=CARTESIAN_POINT('',(133.391114718203,-151.044091835502,12.4));
#9658=CARTESIAN_POINT('',(132.197771570645,-151.503637433052,14.4));
#9659=CARTESIAN_POINT('',(132.197771570645,-151.503637433052,12.4));
#9660=CARTESIAN_POINT('',(130.750137846917,-151.503637433052,14.4));
#9661=CARTESIAN_POINT('',(130.750137846917,-151.503637433052,12.4));
#9662=CARTESIAN_POINT('',(134.33016728959,-150.1250006404,12.4));
#9663=CARTESIAN_POINT('',(132.921588432509,-151.503637433052,12.4));
#9664=CARTESIAN_POINT('',(130.750137846917,-151.503637433052,12.4));
#9665=CARTESIAN_POINT('',(134.33016728959,-150.1250006404,12.4));
#9666=CARTESIAN_POINT('',(134.33016728959,-150.1250006404,14.4));
#9667=CARTESIAN_POINT('',(134.33016728959,-150.1250006404,14.4));
#9668=CARTESIAN_POINT('',(134.33016728959,-150.1250006404,14.4));
#9669=CARTESIAN_POINT('',(132.921588432509,-151.503637433052,14.4));
#9670=CARTESIAN_POINT('',(130.750137846917,-151.503637433052,14.4));
#9671=CARTESIAN_POINT('',(135.738746146671,-146.564498631051,14.4));
#9672=CARTESIAN_POINT('',(135.738746146671,-146.564498631051,12.4));
#9673=CARTESIAN_POINT('',(135.738746146671,-148.019075442183,14.4));
#9674=CARTESIAN_POINT('',(135.738746146671,-148.019075442183,12.4));
#9675=CARTESIAN_POINT('',(135.269219860978,-149.2059094453,14.4));
#9676=CARTESIAN_POINT('',(135.269219860978,-149.2059094453,12.4));
#9677=CARTESIAN_POINT('',(134.33016728959,-150.1250006404,14.4));
#9678=CARTESIAN_POINT('',(134.33016728959,-150.1250006404,12.4));
#9679=CARTESIAN_POINT('',(135.738746146671,-146.564498631051,12.4));
#9680=CARTESIAN_POINT('',(135.738746146671,-148.746363847749,12.4));
#9681=CARTESIAN_POINT('',(134.33016728959,-150.1250006404,12.4));
#9682=CARTESIAN_POINT('',(135.738746146671,-146.564498631051,12.4));
#9683=CARTESIAN_POINT('',(135.738746146671,-146.564498631051,14.4));
#9684=CARTESIAN_POINT('',(135.738746146671,-146.564498631051,14.4));
#9685=CARTESIAN_POINT('',(135.738746146671,-146.564498631051,14.4));
#9686=CARTESIAN_POINT('',(135.738746146671,-148.746363847749,14.4));
#9687=CARTESIAN_POINT('',(134.33016728959,-150.1250006404,14.4));
#9688=CARTESIAN_POINT('',(135.738746146671,-145.584221478202,14.4));
#9689=CARTESIAN_POINT('',(135.738746146671,-145.584221478202,12.4));
#9690=CARTESIAN_POINT('',(135.738746146671,-144.603944325354,12.4));
#9691=CARTESIAN_POINT('',(135.738746146671,-144.603944325354,14.4));
#9692=CARTESIAN_POINT('',(135.738746146671,-144.603944325354,14.4));
#9693=CARTESIAN_POINT('',(135.738746146671,-145.584221478202,14.4));
#9694=CARTESIAN_POINT('',(134.33016728959,-141.044744144892,14.4));
#9695=CARTESIAN_POINT('',(134.33016728959,-141.044744144892,12.4));
#9696=CARTESIAN_POINT('',(135.269219860978,-141.969910541472,14.4));
#9697=CARTESIAN_POINT('',(135.269219860978,-141.969910541472,12.4));
#9698=CARTESIAN_POINT('',(135.738746146671,-143.156310601626,14.4));
#9699=CARTESIAN_POINT('',(135.738746146671,-143.156310601626,12.4));
#9700=CARTESIAN_POINT('',(135.738746146671,-144.603944325354,14.4));
#9701=CARTESIAN_POINT('',(135.738746146671,-144.603944325354,12.4));
#9702=CARTESIAN_POINT('',(134.33016728959,-141.044744144892,12.4));
#9703=CARTESIAN_POINT('',(135.738746146671,-142.432493739761,12.4));
#9704=CARTESIAN_POINT('',(135.738746146671,-144.603944325354,12.4));
#9705=CARTESIAN_POINT('',(134.33016728959,-141.044744144892,14.4));
#9706=CARTESIAN_POINT('',(135.738746146671,-142.432493739761,14.4));
#9707=CARTESIAN_POINT('',(135.738746146671,-144.603944325354,14.4));
#9708=CARTESIAN_POINT('',(129.84276311181,-149.681076989509,14.4));
#9709=CARTESIAN_POINT('',(129.84276311181,-149.681076989509,12.4));
#9710=CARTESIAN_POINT('',(129.84276311181,-149.681076989509,14.4));
#9711=CARTESIAN_POINT('',(113.288682146175,-105.95,14.4));
#9712=CARTESIAN_POINT('',(113.288682146175,-105.95,12.4));
#9713=CARTESIAN_POINT('',(0.,0.,0.));
#9714=CARTESIAN_POINT('',(118.984208354959,-146.556687657721,14.4));
#9715=CARTESIAN_POINT('',(118.984208354959,-146.556687657721,12.4));
#9716=CARTESIAN_POINT('',(117.625098995632,-146.556687657721,12.4));
#9717=CARTESIAN_POINT('',(120.343317714287,-146.556687657721,12.4));
#9718=CARTESIAN_POINT('',(117.625098995632,-146.556687657721,14.4));
#9719=CARTESIAN_POINT('',(117.625098995632,-146.556687657721,14.4));
#9720=CARTESIAN_POINT('',(118.984208354959,-146.556687657721,14.4));
#9721=CARTESIAN_POINT('',(120.343317714287,-146.556687657721,14.4));
#9722=CARTESIAN_POINT('',(120.343317714287,-146.556687657721,14.4));
#9723=CARTESIAN_POINT('',(118.292937215301,-144.469855949865,14.4));
#9724=CARTESIAN_POINT('',(118.292937215301,-144.469855949865,12.4));
#9725=CARTESIAN_POINT('',(118.960775434971,-142.383024242008,12.4));
#9726=CARTESIAN_POINT('',(118.960775434971,-142.383024242008,14.4));
#9727=CARTESIAN_POINT('',(118.960775434971,-142.383024242008,14.4));
#9728=CARTESIAN_POINT('',(118.292937215301,-144.469855949865,14.4));
#9729=CARTESIAN_POINT('',(118.984208354959,-142.383024242008,14.4));
#9730=CARTESIAN_POINT('',(118.984208354959,-142.383024242008,12.4));
#9731=CARTESIAN_POINT('',(119.007641274948,-142.383024242008,12.4));
#9732=CARTESIAN_POINT('',(119.007641274948,-142.383024242008,14.4));
#9733=CARTESIAN_POINT('',(119.007641274948,-142.383024242008,14.4));
#9734=CARTESIAN_POINT('',(118.984208354959,-142.383024242008,14.4));
#9735=CARTESIAN_POINT('',(113.752158053103,-150.018250671565,14.4));
#9736=CARTESIAN_POINT('',(113.752158053103,-150.018250671565,12.4));
#9737=CARTESIAN_POINT('',(113.329063664423,-150.079436629312,12.4));
#9738=CARTESIAN_POINT('',(114.175252441782,-149.957064713817,12.4));
#9739=CARTESIAN_POINT('',(113.329063664423,-150.079436629312,14.4));
#9740=CARTESIAN_POINT('',(113.329063664423,-150.079436629312,14.4));
#9741=CARTESIAN_POINT('',(113.752158053103,-150.018250671565,14.4));
#9742=CARTESIAN_POINT('',(114.175252441782,-149.957064713817,14.4));
#9743=CARTESIAN_POINT('',(114.175252441782,-149.957064713817,14.4));
#9744=CARTESIAN_POINT('',(113.329063664423,-150.791537031182,14.4));
#9745=CARTESIAN_POINT('',(113.329063664423,-150.791537031182,12.4));
#9746=CARTESIAN_POINT('',(113.329063664423,-151.503637433052,12.4));
#9747=CARTESIAN_POINT('',(113.329063664423,-151.503637433052,14.4));
#9748=CARTESIAN_POINT('',(113.329063664423,-151.503637433052,14.4));
#9749=CARTESIAN_POINT('',(113.329063664423,-150.791537031182,14.4));
#9750=CARTESIAN_POINT('',(115.346898441203,-151.503637433052,14.4));
#9751=CARTESIAN_POINT('',(115.346898441203,-151.503637433052,12.4));
#9752=CARTESIAN_POINT('',(117.364733217983,-151.503637433052,12.4));
#9753=CARTESIAN_POINT('',(117.364733217983,-151.503637433052,14.4));
#9754=CARTESIAN_POINT('',(117.364733217983,-151.503637433052,14.4));
#9755=CARTESIAN_POINT('',(115.346898441203,-151.503637433052,14.4));
#9756=CARTESIAN_POINT('',(117.364733217983,-150.791537031182,14.4));
#9757=CARTESIAN_POINT('',(117.364733217983,-150.791537031182,12.4));
#9758=CARTESIAN_POINT('',(117.364733217983,-150.079436629312,12.4));
#9759=CARTESIAN_POINT('',(117.364733217983,-150.079436629312,14.4));
#9760=CARTESIAN_POINT('',(117.364733217983,-150.079436629312,14.4));
#9761=CARTESIAN_POINT('',(117.364733217983,-150.791537031182,14.4));
#9762=CARTESIAN_POINT('',(116.954657118185,-150.006534211571,14.4));
#9763=CARTESIAN_POINT('',(116.954657118185,-150.006534211571,12.4));
#9764=CARTESIAN_POINT('',(116.544581018388,-149.933631793829,12.4));
#9765=CARTESIAN_POINT('',(116.544581018388,-149.933631793829,14.4));
#9766=CARTESIAN_POINT('',(116.544581018388,-149.933631793829,14.4));
#9767=CARTESIAN_POINT('',(116.954657118185,-150.006534211571,14.4));
#9768=CARTESIAN_POINT('',(116.804946796037,-149.119988738676,14.4));
#9769=CARTESIAN_POINT('',(116.804946796037,-149.119988738676,12.4));
#9770=CARTESIAN_POINT('',(117.065312573686,-148.306345683522,12.4));
#9771=CARTESIAN_POINT('',(117.065312573686,-148.306345683522,14.4));
#9772=CARTESIAN_POINT('',(117.065312573686,-148.306345683522,14.4));
#9773=CARTESIAN_POINT('',(116.804946796037,-149.119988738676,14.4));
#9774=CARTESIAN_POINT('',(118.985510183847,-148.306345683522,14.4));
#9775=CARTESIAN_POINT('',(118.985510183847,-148.306345683522,12.4));
#9776=CARTESIAN_POINT('',(120.905707794009,-148.306345683522,12.4));
#9777=CARTESIAN_POINT('',(120.905707794009,-148.306345683522,14.4));
#9778=CARTESIAN_POINT('',(120.905707794009,-148.306345683522,14.4));
#9779=CARTESIAN_POINT('',(118.985510183847,-148.306345683522,14.4));
#9780=CARTESIAN_POINT('',(121.166073571658,-149.119988738676,14.4));
#9781=CARTESIAN_POINT('',(121.166073571658,-149.119988738676,12.4));
#9782=CARTESIAN_POINT('',(121.426439349307,-149.933631793829,12.4));
#9783=CARTESIAN_POINT('',(121.426439349307,-149.933631793829,14.4));
#9784=CARTESIAN_POINT('',(121.426439349307,-149.933631793829,14.4));
#9785=CARTESIAN_POINT('',(121.166073571658,-149.119988738676,14.4));
#9786=CARTESIAN_POINT('',(121.015061420621,-150.006534211571,14.4));
#9787=CARTESIAN_POINT('',(121.015061420621,-150.006534211571,12.4));
#9788=CARTESIAN_POINT('',(120.603683491936,-150.079436629312,12.4));
#9789=CARTESIAN_POINT('',(120.603683491936,-150.079436629312,14.4));
#9790=CARTESIAN_POINT('',(120.603683491936,-150.079436629312,14.4));
#9791=CARTESIAN_POINT('',(121.015061420621,-150.006534211571,14.4));
#9792=CARTESIAN_POINT('',(120.603683491936,-150.791537031182,14.4));
#9793=CARTESIAN_POINT('',(120.603683491936,-150.791537031182,12.4));
#9794=CARTESIAN_POINT('',(120.603683491936,-151.503637433052,12.4));
#9795=CARTESIAN_POINT('',(120.603683491936,-151.503637433052,14.4));
#9796=CARTESIAN_POINT('',(120.603683491936,-151.503637433052,14.4));
#9797=CARTESIAN_POINT('',(120.603683491936,-150.791537031182,14.4));
#9798=CARTESIAN_POINT('',(122.621518268716,-151.503637433052,14.4));
#9799=CARTESIAN_POINT('',(122.621518268716,-151.503637433052,12.4));
#9800=CARTESIAN_POINT('',(124.639353045495,-151.503637433052,12.4));
#9801=CARTESIAN_POINT('',(124.639353045495,-151.503637433052,14.4));
#9802=CARTESIAN_POINT('',(124.639353045495,-151.503637433052,14.4));
#9803=CARTESIAN_POINT('',(122.621518268716,-151.503637433052,14.4));
#9804=CARTESIAN_POINT('',(124.639353045495,-150.791537031182,14.4));
#9805=CARTESIAN_POINT('',(124.639353045495,-150.791537031182,12.4));
#9806=CARTESIAN_POINT('',(124.639353045495,-150.079436629312,12.4));
#9807=CARTESIAN_POINT('',(124.639353045495,-150.079436629312,14.4));
#9808=CARTESIAN_POINT('',(124.639353045495,-150.079436629312,14.4));
#9809=CARTESIAN_POINT('',(124.639353045495,-150.791537031182,14.4));
#9810=CARTESIAN_POINT('',(124.216258656816,-150.018250671565,14.4));
#9811=CARTESIAN_POINT('',(124.216258656816,-150.018250671565,12.4));
#9812=CARTESIAN_POINT('',(123.793164268136,-149.957064713817,12.4));
#9813=CARTESIAN_POINT('',(123.793164268136,-149.957064713817,14.4));
#9814=CARTESIAN_POINT('',(123.793164268136,-149.957064713817,14.4));
#9815=CARTESIAN_POINT('',(124.216258656816,-150.018250671565,14.4));
#9816=CARTESIAN_POINT('',(122.003149546799,-144.80702963192,14.4));
#9817=CARTESIAN_POINT('',(122.003149546799,-144.80702963192,12.4));
#9818=CARTESIAN_POINT('',(120.213134825462,-139.656994550023,12.4));
#9819=CARTESIAN_POINT('',(120.213134825462,-139.656994550023,14.4));
#9820=CARTESIAN_POINT('',(120.213134825462,-139.656994550023,14.4));
#9821=CARTESIAN_POINT('',(122.003149546799,-144.80702963192,14.4));
#9822=CARTESIAN_POINT('',(118.997226643842,-139.656994550023,14.4));
#9823=CARTESIAN_POINT('',(118.997226643842,-139.656994550023,12.4));
#9824=CARTESIAN_POINT('',(117.781318462221,-139.656994550023,12.4));
#9825=CARTESIAN_POINT('',(117.781318462221,-139.656994550023,14.4));
#9826=CARTESIAN_POINT('',(117.781318462221,-139.656994550023,14.4));
#9827=CARTESIAN_POINT('',(118.997226643842,-139.656994550023,14.4));
#9828=CARTESIAN_POINT('',(115.978285452002,-144.80702963192,14.4));
#9829=CARTESIAN_POINT('',(115.978285452002,-144.80702963192,12.4));
#9830=CARTESIAN_POINT('',(115.978285452002,-144.80702963192,14.4));
#9831=CARTESIAN_POINT('',(119.675479494617,-144.469855949865,14.4));
#9832=CARTESIAN_POINT('',(119.675479494617,-144.469855949865,12.4));
#9833=CARTESIAN_POINT('',(119.675479494617,-144.469855949865,14.4));
#9834=CARTESIAN_POINT('',(113.288682146175,-105.95,14.4));
#9835=CARTESIAN_POINT('',(113.288682146175,-105.95,12.4));
#9836=CARTESIAN_POINT('',(0.,0.,0.));
#9837=CARTESIAN_POINT('',(107.30810505629,-145.377230684971,14.4));
#9838=CARTESIAN_POINT('',(107.30810505629,-145.377230684971,12.4));
#9839=CARTESIAN_POINT('',(106.30699864123,-145.377230684971,12.4));
#9840=CARTESIAN_POINT('',(108.309211471351,-145.377230684971,12.4));
#9841=CARTESIAN_POINT('',(106.30699864123,-145.377230684971,14.4));
#9842=CARTESIAN_POINT('',(106.30699864123,-145.377230684971,14.4));
#9843=CARTESIAN_POINT('',(107.30810505629,-145.377230684971,14.4));
#9844=CARTESIAN_POINT('',(108.309211471351,-145.377230684971,14.4));
#9845=CARTESIAN_POINT('',(108.309211471351,-145.377230684971,14.4));
#9846=CARTESIAN_POINT('',(106.30699864123,-143.432298325933,14.4));
#9847=CARTESIAN_POINT('',(106.30699864123,-143.432298325933,12.4));
#9848=CARTESIAN_POINT('',(106.30699864123,-141.487365966896,12.4));
#9849=CARTESIAN_POINT('',(106.30699864123,-141.487365966896,14.4));
#9850=CARTESIAN_POINT('',(106.30699864123,-141.487365966896,14.4));
#9851=CARTESIAN_POINT('',(106.30699864123,-143.432298325933,14.4));
#9852=CARTESIAN_POINT('',(107.30810505629,-141.487365966896,14.4));
#9853=CARTESIAN_POINT('',(107.30810505629,-141.487365966896,12.4));
#9854=CARTESIAN_POINT('',(108.309211471351,-141.487365966896,12.4));
#9855=CARTESIAN_POINT('',(108.309211471351,-141.487365966896,14.4));
#9856=CARTESIAN_POINT('',(108.309211471351,-141.487365966896,14.4));
#9857=CARTESIAN_POINT('',(107.30810505629,-141.487365966896,14.4));
#9858=CARTESIAN_POINT('',(109.810220179497,-142.044548731064,14.4));
#9859=CARTESIAN_POINT('',(109.810220179497,-142.044548731064,12.4));
#9860=CARTESIAN_POINT('',(109.470876782628,-141.673093554952,14.4));
#9861=CARTESIAN_POINT('',(109.470876782628,-141.673093554952,12.4));
#9862=CARTESIAN_POINT('',(108.970540546579,-141.487365966896,14.4));
#9863=CARTESIAN_POINT('',(108.970540546579,-141.487365966896,12.4));
#9864=CARTESIAN_POINT('',(108.309211471351,-141.487365966896,14.4));
#9865=CARTESIAN_POINT('',(108.309211471351,-141.487365966896,12.4));
#9866=CARTESIAN_POINT('',(109.810220179497,-142.044548731064,12.4));
#9867=CARTESIAN_POINT('',(109.301205084193,-141.487365966896,12.4));
#9868=CARTESIAN_POINT('',(108.309211471351,-141.487365966896,12.4));
#9869=CARTESIAN_POINT('',(109.810220179497,-142.044548731064,12.4));
#9870=CARTESIAN_POINT('',(109.810220179497,-142.044548731064,14.4));
#9871=CARTESIAN_POINT('',(109.810220179497,-142.044548731064,14.4));
#9872=CARTESIAN_POINT('',(109.810220179497,-142.044548731064,14.4));
#9873=CARTESIAN_POINT('',(109.301205084193,-141.487365966896,14.4));
#9874=CARTESIAN_POINT('',(108.309211471351,-141.487365966896,14.4));
#9875=CARTESIAN_POINT('',(110.319235274801,-143.455731245922,14.4));
#9876=CARTESIAN_POINT('',(110.319235274801,-143.455731245922,12.4));
#9877=CARTESIAN_POINT('',(110.319235274801,-142.886398078796,14.4));
#9878=CARTESIAN_POINT('',(110.319235274801,-142.886398078796,12.4));
#9879=CARTESIAN_POINT('',(110.149563576366,-142.416003907177,14.4));
#9880=CARTESIAN_POINT('',(110.149563576366,-142.416003907177,12.4));
#9881=CARTESIAN_POINT('',(109.810220179497,-142.044548731064,14.4));
#9882=CARTESIAN_POINT('',(109.810220179497,-142.044548731064,12.4));
#9883=CARTESIAN_POINT('',(110.319235274801,-143.455731245922,12.4));
#9884=CARTESIAN_POINT('',(110.319235274801,-142.601731495233,12.4));
#9885=CARTESIAN_POINT('',(109.810220179497,-142.044548731064,12.4));
#9886=CARTESIAN_POINT('',(110.319235274801,-143.455731245922,12.4));
#9887=CARTESIAN_POINT('',(110.319235274801,-143.455731245922,14.4));
#9888=CARTESIAN_POINT('',(110.319235274801,-143.455731245922,14.4));
#9889=CARTESIAN_POINT('',(110.319235274801,-143.455731245922,14.4));
#9890=CARTESIAN_POINT('',(110.319235274801,-142.601731495233,14.4));
#9891=CARTESIAN_POINT('',(109.810220179497,-142.044548731064,14.4));
#9892=CARTESIAN_POINT('',(109.810220179497,-144.835669867462,14.4));
#9893=CARTESIAN_POINT('',(109.810220179497,-144.835669867462,12.4));
#9894=CARTESIAN_POINT('',(110.149563576366,-144.474629322455,14.4));
#9895=CARTESIAN_POINT('',(110.149563576366,-144.474629322455,12.4));
#9896=CARTESIAN_POINT('',(110.319235274801,-144.014649781942,14.4));
#9897=CARTESIAN_POINT('',(110.319235274801,-144.014649781942,12.4));
#9898=CARTESIAN_POINT('',(110.319235274801,-143.455731245922,14.4));
#9899=CARTESIAN_POINT('',(110.319235274801,-143.455731245922,12.4));
#9900=CARTESIAN_POINT('',(109.810220179497,-144.835669867462,12.4));
#9901=CARTESIAN_POINT('',(110.319235274801,-144.294109049952,12.4));
#9902=CARTESIAN_POINT('',(110.319235274801,-143.455731245922,12.4));
#9903=CARTESIAN_POINT('',(109.810220179497,-144.835669867462,12.4));
#9904=CARTESIAN_POINT('',(109.810220179497,-144.835669867462,14.4));
#9905=CARTESIAN_POINT('',(109.810220179497,-144.835669867462,14.4));
#9906=CARTESIAN_POINT('',(109.810220179497,-144.835669867462,14.4));
#9907=CARTESIAN_POINT('',(110.319235274801,-144.294109049952,14.4));
#9908=CARTESIAN_POINT('',(110.319235274801,-143.455731245922,14.4));
#9909=CARTESIAN_POINT('',(108.309211471351,-139.656994550023,14.4));
#9910=CARTESIAN_POINT('',(108.309211471351,-139.656994550023,12.4));
#9911=CARTESIAN_POINT('',(109.664849286977,-139.656994550023,14.4));
#9912=CARTESIAN_POINT('',(109.664849286977,-139.656994550023,12.4));
#9913=CARTESIAN_POINT('',(110.734518690151,-140.00545074911,14.4));
#9914=CARTESIAN_POINT('',(110.734518690151,-140.00545074911,12.4));
#9915=CARTESIAN_POINT('',(111.518219680875,-140.702363147284,14.4));
#9916=CARTESIAN_POINT('',(111.518219680875,-140.702363147284,12.4));
#9917=CARTESIAN_POINT('',(108.309211471351,-139.656994550023,12.4));
#9918=CARTESIAN_POINT('',(110.342668194789,-139.656994550023,12.4));
#9919=CARTESIAN_POINT('',(111.518219680875,-140.702363147284,12.4));
#9920=CARTESIAN_POINT('',(108.309211471351,-139.656994550023,12.4));
#9921=CARTESIAN_POINT('',(111.518219680875,-140.702363147284,12.4));
#9922=CARTESIAN_POINT('',(108.309211471351,-139.656994550023,14.4));
#9923=CARTESIAN_POINT('',(108.309211471351,-139.656994550023,14.4));
#9924=CARTESIAN_POINT('',(108.309211471351,-139.656994550023,14.4));
#9925=CARTESIAN_POINT('',(110.342668194789,-139.656994550023,14.4));
#9926=CARTESIAN_POINT('',(111.518219680875,-140.702363147284,14.4));
#9927=CARTESIAN_POINT('',(111.518219680875,-140.702363147284,14.4));
#9928=CARTESIAN_POINT('',(111.518219680875,-140.702363147284,14.4));
#9929=CARTESIAN_POINT('',(106.119535281323,-139.656994550023,14.4));
#9930=CARTESIAN_POINT('',(106.119535281323,-139.656994550023,12.4));
#9931=CARTESIAN_POINT('',(102.669688727474,-139.656994550023,12.4));
#9932=CARTESIAN_POINT('',(102.669688727474,-139.656994550023,14.4));
#9933=CARTESIAN_POINT('',(102.669688727474,-139.656994550023,14.4));
#9934=CARTESIAN_POINT('',(106.119535281323,-139.656994550023,14.4));
#9935=CARTESIAN_POINT('',(102.669688727474,-140.373000438558,14.4));
#9936=CARTESIAN_POINT('',(102.669688727474,-140.373000438558,12.4));
#9937=CARTESIAN_POINT('',(102.669688727474,-141.089006327093,12.4));
#9938=CARTESIAN_POINT('',(102.669688727474,-141.089006327093,14.4));
#9939=CARTESIAN_POINT('',(102.669688727474,-141.089006327093,14.4));
#9940=CARTESIAN_POINT('',(102.669688727474,-140.373000438558,14.4));
#9941=CARTESIAN_POINT('',(103.299773909384,-141.211378242588,14.4));
#9942=CARTESIAN_POINT('',(103.299773909384,-141.211378242588,12.4));
#9943=CARTESIAN_POINT('',(103.929859091295,-141.333750158083,12.4));
#9944=CARTESIAN_POINT('',(103.929859091295,-141.333750158083,14.4));
#9945=CARTESIAN_POINT('',(103.929859091295,-141.333750158083,14.4));
#9946=CARTESIAN_POINT('',(103.299773909384,-141.211378242588,14.4));
#9947=CARTESIAN_POINT('',(103.929859091295,-145.584221478202,14.4));
#9948=CARTESIAN_POINT('',(103.929859091295,-145.584221478202,12.4));
#9949=CARTESIAN_POINT('',(103.929859091295,-149.834692798322,12.4));
#9950=CARTESIAN_POINT('',(103.929859091295,-149.834692798322,14.4));
#9951=CARTESIAN_POINT('',(103.929859091295,-149.834692798322,14.4));
#9952=CARTESIAN_POINT('',(103.929859091295,-145.584221478202,14.4));
#9953=CARTESIAN_POINT('',(103.299773909384,-149.957064713817,14.4));
#9954=CARTESIAN_POINT('',(103.299773909384,-149.957064713817,12.4));
#9955=CARTESIAN_POINT('',(102.669688727474,-150.079436629312,12.4));
#9956=CARTESIAN_POINT('',(102.669688727474,-150.079436629312,14.4));
#9957=CARTESIAN_POINT('',(102.669688727474,-150.079436629312,14.4));
#9958=CARTESIAN_POINT('',(103.299773909384,-149.957064713817,14.4));
#9959=CARTESIAN_POINT('',(102.669688727474,-150.791537031182,14.4));
#9960=CARTESIAN_POINT('',(102.669688727474,-150.791537031182,12.4));
#9961=CARTESIAN_POINT('',(102.669688727474,-151.503637433052,12.4));
#9962=CARTESIAN_POINT('',(102.669688727474,-151.503637433052,14.4));
#9963=CARTESIAN_POINT('',(102.669688727474,-151.503637433052,14.4));
#9964=CARTESIAN_POINT('',(102.669688727474,-150.791537031182,14.4));
#9965=CARTESIAN_POINT('',(105.122334352927,-151.503637433052,14.4));
#9966=CARTESIAN_POINT('',(105.122334352927,-151.503637433052,12.4));
#9967=CARTESIAN_POINT('',(107.574979978381,-151.503637433052,12.4));
#9968=CARTESIAN_POINT('',(107.574979978381,-151.503637433052,14.4));
#9969=CARTESIAN_POINT('',(107.574979978381,-151.503637433052,14.4));
#9970=CARTESIAN_POINT('',(105.122334352927,-151.503637433052,14.4));
#9971=CARTESIAN_POINT('',(107.574979978381,-150.791537031182,14.4));
#9972=CARTESIAN_POINT('',(107.574979978381,-150.791537031182,12.4));
#9973=CARTESIAN_POINT('',(107.574979978381,-150.079436629312,12.4));
#9974=CARTESIAN_POINT('',(107.574979978381,-150.079436629312,14.4));
#9975=CARTESIAN_POINT('',(107.574979978381,-150.079436629312,14.4));
#9976=CARTESIAN_POINT('',(107.574979978381,-150.791537031182,14.4));
#9977=CARTESIAN_POINT('',(106.940989309805,-149.957064713817,14.4));
#9978=CARTESIAN_POINT('',(106.940989309805,-149.957064713817,12.4));
#9979=CARTESIAN_POINT('',(106.30699864123,-149.834692798322,12.4));
#9980=CARTESIAN_POINT('',(106.30699864123,-149.834692798322,14.4));
#9981=CARTESIAN_POINT('',(106.30699864123,-149.834692798322,14.4));
#9982=CARTESIAN_POINT('',(106.940989309805,-149.957064713817,14.4));
#9983=CARTESIAN_POINT('',(106.30699864123,-148.521147450083,14.4));
#9984=CARTESIAN_POINT('',(106.30699864123,-148.521147450083,12.4));
#9985=CARTESIAN_POINT('',(106.30699864123,-147.207602101844,12.4));
#9986=CARTESIAN_POINT('',(106.30699864123,-147.207602101844,14.4));
#9987=CARTESIAN_POINT('',(106.30699864123,-147.207602101844,14.4));
#9988=CARTESIAN_POINT('',(106.30699864123,-148.521147450083,14.4));
#9989=CARTESIAN_POINT('',(107.30810505629,-147.207602101844,14.4));
#9990=CARTESIAN_POINT('',(107.30810505629,-147.207602101844,12.4));
#9991=CARTESIAN_POINT('',(108.309211471351,-147.207602101844,12.4));
#9992=CARTESIAN_POINT('',(108.309211471351,-147.207602101844,14.4));
#9993=CARTESIAN_POINT('',(108.309211471351,-147.207602101844,14.4));
#9994=CARTESIAN_POINT('',(107.30810505629,-147.207602101844,14.4));
#9995=CARTESIAN_POINT('',(111.518219680875,-146.173949964577,14.4));
#9996=CARTESIAN_POINT('',(111.518219680875,-146.173949964577,12.4));
#9997=CARTESIAN_POINT('',(110.734518690151,-146.863051389422,14.4));
#9998=CARTESIAN_POINT('',(110.734518690151,-146.863051389422,12.4));
#9999=CARTESIAN_POINT('',(109.664849286977,-147.207602101844,14.4));
#10000=CARTESIAN_POINT('',(109.664849286977,-147.207602101844,12.4));
#10001=CARTESIAN_POINT('',(108.309211471351,-147.207602101844,14.4));
#10002=CARTESIAN_POINT('',(108.309211471351,-147.207602101844,12.4));
#10003=CARTESIAN_POINT('',(111.518219680875,-146.173949964577,12.4));
#10004=CARTESIAN_POINT('',(110.342668194789,-147.207602101844,12.4));
#10005=CARTESIAN_POINT('',(108.309211471351,-147.207602101844,12.4));
#10006=CARTESIAN_POINT('',(111.518219680875,-146.173949964577,12.4));
#10007=CARTESIAN_POINT('',(111.518219680875,-146.173949964577,14.4));
#10008=CARTESIAN_POINT('',(111.518219680875,-146.173949964577,14.4));
#10009=CARTESIAN_POINT('',(111.518219680875,-146.173949964577,14.4));
#10010=CARTESIAN_POINT('',(110.342668194789,-147.207602101844,14.4));
#10011=CARTESIAN_POINT('',(108.309211471351,-147.207602101844,14.4));
#10012=CARTESIAN_POINT('',(112.69377116696,-143.440109299263,14.4));
#10013=CARTESIAN_POINT('',(112.69377116696,-143.440109299263,12.4));
#10014=CARTESIAN_POINT('',(112.69377116696,-144.573568317962,14.4));
#10015=CARTESIAN_POINT('',(112.69377116696,-144.573568317962,12.4));
#10016=CARTESIAN_POINT('',(112.301920671598,-145.484848539733,14.4));
#10017=CARTESIAN_POINT('',(112.301920671598,-145.484848539733,12.4));
#10018=CARTESIAN_POINT('',(111.518219680875,-146.173949964577,14.4));
#10019=CARTESIAN_POINT('',(111.518219680875,-146.173949964577,12.4));
#10020=CARTESIAN_POINT('',(112.69377116696,-143.440109299263,12.4));
#10021=CARTESIAN_POINT('',(112.69377116696,-145.140297827311,12.4));
#10022=CARTESIAN_POINT('',(111.518219680875,-146.173949964577,12.4));
#10023=CARTESIAN_POINT('',(112.69377116696,-143.440109299263,12.4));
#10024=CARTESIAN_POINT('',(112.69377116696,-143.440109299263,14.4));
#10025=CARTESIAN_POINT('',(112.69377116696,-143.440109299263,14.4));
#10026=CARTESIAN_POINT('',(112.69377116696,-143.440109299263,14.4));
#10027=CARTESIAN_POINT('',(112.69377116696,-145.140297827311,14.4));
#10028=CARTESIAN_POINT('',(111.518219680875,-146.173949964577,14.4));
#10029=CARTESIAN_POINT('',(111.518219680875,-140.702363147284,14.4));
#10030=CARTESIAN_POINT('',(111.518219680875,-140.702363147284,12.4));
#10031=CARTESIAN_POINT('',(112.301920671598,-141.399275545458,14.4));
#10032=CARTESIAN_POINT('',(112.301920671598,-141.399275545458,12.4));
#10033=CARTESIAN_POINT('',(112.69377116696,-142.311857596117,14.4));
#10034=CARTESIAN_POINT('',(112.69377116696,-142.311857596117,12.4));
#10035=CARTESIAN_POINT('',(112.69377116696,-143.440109299263,14.4));
#10036=CARTESIAN_POINT('',(112.69377116696,-143.440109299263,12.4));
#10037=CARTESIAN_POINT('',(111.518219680875,-140.702363147284,12.4));
#10038=CARTESIAN_POINT('',(112.69377116696,-141.747731744545,12.4));
#10039=CARTESIAN_POINT('',(112.69377116696,-143.440109299263,12.4));
#10040=CARTESIAN_POINT('',(111.518219680875,-140.702363147284,14.4));
#10041=CARTESIAN_POINT('',(112.69377116696,-141.747731744545,14.4));
#10042=CARTESIAN_POINT('',(112.69377116696,-143.440109299263,14.4));
#10043=CARTESIAN_POINT('',(108.309211471351,-145.377230684971,14.4));
#10044=CARTESIAN_POINT('',(108.309211471351,-145.377230684971,12.4));
#10045=CARTESIAN_POINT('',(108.970540546579,-145.377230684971,14.4));
#10046=CARTESIAN_POINT('',(108.970540546579,-145.377230684971,12.4));
#10047=CARTESIAN_POINT('',(109.470876782628,-145.196710412468,14.4));
#10048=CARTESIAN_POINT('',(109.470876782628,-145.196710412468,12.4));
#10049=CARTESIAN_POINT('',(109.810220179497,-144.835669867462,14.4));
#10050=CARTESIAN_POINT('',(109.810220179497,-144.835669867462,12.4));
#10051=CARTESIAN_POINT('',(108.309211471351,-145.377230684971,12.4));
#10052=CARTESIAN_POINT('',(109.301205084193,-145.377230684971,12.4));
#10053=CARTESIAN_POINT('',(109.810220179497,-144.835669867462,12.4));
#10054=CARTESIAN_POINT('',(108.309211471351,-145.377230684971,14.4));
#10055=CARTESIAN_POINT('',(109.301205084193,-145.377230684971,14.4));
#10056=CARTESIAN_POINT('',(109.810220179497,-144.835669867462,14.4));
#10057=CARTESIAN_POINT('',(113.288682146175,-105.95,14.4));
#10058=CARTESIAN_POINT('',(113.288682146175,-105.95,12.4));
#10059=CARTESIAN_POINT('',(0.,0.,0.));
#10060=CARTESIAN_POINT('',(98.9425526204286,-147.353406937327,14.4));
#10061=CARTESIAN_POINT('',(98.9425526204286,-147.353406937327,12.4));
#10062=CARTESIAN_POINT('',(101.237676950404,-147.353406937327,12.4));
#10063=CARTESIAN_POINT('',(96.6474282904528,-147.353406937327,12.4));
#10064=CARTESIAN_POINT('',(101.237676950404,-147.353406937327,14.4));
#10065=CARTESIAN_POINT('',(101.237676950404,-147.353406937327,14.4));
#10066=CARTESIAN_POINT('',(98.9425526204286,-147.353406937327,14.4));
#10067=CARTESIAN_POINT('',(96.6474282904528,-147.353406937327,14.4));
#10068=CARTESIAN_POINT('',(96.6474282904528,-147.353406937327,14.4));
#10069=CARTESIAN_POINT('',(101.237676950404,-146.438221228891,14.4));
#10070=CARTESIAN_POINT('',(101.237676950404,-146.438221228891,12.4));
#10071=CARTESIAN_POINT('',(101.237676950404,-145.523035520455,12.4));
#10072=CARTESIAN_POINT('',(101.237676950404,-145.523035520455,14.4));
#10073=CARTESIAN_POINT('',(101.237676950404,-145.523035520455,14.4));
#10074=CARTESIAN_POINT('',(101.237676950404,-146.438221228891,14.4));
#10075=CARTESIAN_POINT('',(98.9425526204286,-145.523035520455,14.4));
#10076=CARTESIAN_POINT('',(98.9425526204286,-145.523035520455,12.4));
#10077=CARTESIAN_POINT('',(96.6474282904528,-145.523035520455,12.4));
#10078=CARTESIAN_POINT('',(96.6474282904528,-145.523035520455,14.4));
#10079=CARTESIAN_POINT('',(96.6474282904528,-145.523035520455,14.4));
#10080=CARTESIAN_POINT('',(98.9425526204286,-145.523035520455,14.4));
#10081=CARTESIAN_POINT('',(96.6474282904528,-146.438221228891,14.4));
#10082=CARTESIAN_POINT('',(96.6474282904528,-146.438221228891,12.4));
#10083=CARTESIAN_POINT('',(96.6474282904528,-146.438221228891,14.4));
#10084=CARTESIAN_POINT('',(113.288682146175,-105.95,14.4));
#10085=CARTESIAN_POINT('',(113.288682146175,-105.95,12.4));
#10086=CARTESIAN_POINT('',(0.,0.,0.));
#10087=CARTESIAN_POINT('',(91.0378476110054,-146.296321880072,14.4));
#10088=CARTESIAN_POINT('',(91.0378476110054,-146.296321880072,12.4));
#10089=CARTESIAN_POINT('',(93.0439659277909,-146.296321880072,12.4));
#10090=CARTESIAN_POINT('',(89.03172929422,-146.296321880072,12.4));
#10091=CARTESIAN_POINT('',(93.0439659277909,-146.296321880072,14.4));
#10092=CARTESIAN_POINT('',(93.0439659277909,-146.296321880072,14.4));
#10093=CARTESIAN_POINT('',(91.0378476110054,-146.296321880072,14.4));
#10094=CARTESIAN_POINT('',(89.03172929422,-146.296321880072,14.4));
#10095=CARTESIAN_POINT('',(89.03172929422,-146.296321880072,14.4));
#10096=CARTESIAN_POINT('',(93.0439659277909,-145.381136171636,14.4));
#10097=CARTESIAN_POINT('',(93.0439659277909,-145.381136171636,12.4));
#10098=CARTESIAN_POINT('',(93.0439659277909,-144.4659504632,12.4));
#10099=CARTESIAN_POINT('',(93.0439659277909,-144.4659504632,14.4));
#10100=CARTESIAN_POINT('',(93.0439659277909,-144.4659504632,14.4));
#10101=CARTESIAN_POINT('',(93.0439659277909,-145.381136171636,14.4));
#10102=CARTESIAN_POINT('',(91.0378476110054,-144.4659504632,14.4));
#10103=CARTESIAN_POINT('',(91.0378476110054,-144.4659504632,12.4));
#10104=CARTESIAN_POINT('',(89.03172929422,-144.4659504632,12.4));
#10105=CARTESIAN_POINT('',(89.03172929422,-144.4659504632,14.4));
#10106=CARTESIAN_POINT('',(89.03172929422,-144.4659504632,14.4));
#10107=CARTESIAN_POINT('',(91.0378476110054,-144.4659504632,14.4));
#10108=CARTESIAN_POINT('',(89.03172929422,-142.976658215048,14.4));
#10109=CARTESIAN_POINT('',(89.03172929422,-142.976658215048,12.4));
#10110=CARTESIAN_POINT('',(89.03172929422,-141.487365966896,12.4));
#10111=CARTESIAN_POINT('',(89.03172929422,-141.487365966896,14.4));
#10112=CARTESIAN_POINT('',(89.03172929422,-141.487365966896,14.4));
#10113=CARTESIAN_POINT('',(89.03172929422,-142.976658215048,14.4));
#10114=CARTESIAN_POINT('',(90.9271921555046,-141.487365966896,14.4));
#10115=CARTESIAN_POINT('',(90.9271921555046,-141.487365966896,12.4));
#10116=CARTESIAN_POINT('',(92.8226550167892,-141.487365966896,12.4));
#10117=CARTESIAN_POINT('',(92.8226550167892,-141.487365966896,14.4));
#10118=CARTESIAN_POINT('',(92.8226550167892,-141.487365966896,14.4));
#10119=CARTESIAN_POINT('',(90.9271921555046,-141.487365966896,14.4));
#10120=CARTESIAN_POINT('',(92.8760300012073,-142.195560882101,14.4));
#10121=CARTESIAN_POINT('',(92.8760300012073,-142.195560882101,12.4));
#10122=CARTESIAN_POINT('',(92.9294049856253,-142.903755797306,12.4));
#10123=CARTESIAN_POINT('',(92.9294049856253,-142.903755797306,14.4));
#10124=CARTESIAN_POINT('',(92.9294049856253,-142.903755797306,14.4));
#10125=CARTESIAN_POINT('',(92.8760300012073,-142.195560882101,14.4));
#10126=CARTESIAN_POINT('',(93.8406852073967,-142.903755797306,14.4));
#10127=CARTESIAN_POINT('',(93.8406852073967,-142.903755797306,12.4));
#10128=CARTESIAN_POINT('',(94.7519654291682,-142.903755797306,12.4));
#10129=CARTESIAN_POINT('',(94.7519654291682,-142.903755797306,14.4));
#10130=CARTESIAN_POINT('',(94.7519654291682,-142.903755797306,14.4));
#10131=CARTESIAN_POINT('',(93.8406852073967,-142.903755797306,14.4));
#10132=CARTESIAN_POINT('',(94.7519654291682,-141.280375173665,14.4));
#10133=CARTESIAN_POINT('',(94.7519654291682,-141.280375173665,12.4));
#10134=CARTESIAN_POINT('',(94.7519654291682,-139.656994550023,12.4));
#10135=CARTESIAN_POINT('',(94.7519654291682,-139.656994550023,14.4));
#10136=CARTESIAN_POINT('',(94.7519654291682,-139.656994550023,14.4));
#10137=CARTESIAN_POINT('',(94.7519654291682,-141.280375173665,14.4));
#10138=CARTESIAN_POINT('',(90.7032775867265,-139.656994550023,14.4));
#10139=CARTESIAN_POINT('',(90.7032775867265,-139.656994550023,12.4));
#10140=CARTESIAN_POINT('',(85.3944193804637,-139.656994550023,12.4));
#10141=CARTESIAN_POINT('',(85.3944193804637,-139.656994550023,14.4));
#10142=CARTESIAN_POINT('',(85.3944193804637,-139.656994550023,14.4));
#10143=CARTESIAN_POINT('',(90.7032775867265,-139.656994550023,14.4));
#10144=CARTESIAN_POINT('',(85.3944193804637,-140.373000438558,14.4));
#10145=CARTESIAN_POINT('',(85.3944193804637,-140.373000438558,12.4));
#10146=CARTESIAN_POINT('',(85.3944193804637,-141.089006327093,12.4));
#10147=CARTESIAN_POINT('',(85.3944193804637,-141.089006327093,14.4));
#10148=CARTESIAN_POINT('',(85.3944193804637,-141.089006327093,14.4));
#10149=CARTESIAN_POINT('',(85.3944193804637,-140.373000438558,14.4));
#10150=CARTESIAN_POINT('',(86.0245045623742,-141.211378242588,14.4));
#10151=CARTESIAN_POINT('',(86.0245045623742,-141.211378242588,12.4));
#10152=CARTESIAN_POINT('',(86.6545897442848,-141.333750158083,12.4));
#10153=CARTESIAN_POINT('',(86.6545897442848,-141.333750158083,14.4));
#10154=CARTESIAN_POINT('',(86.6545897442848,-141.333750158083,14.4));
#10155=CARTESIAN_POINT('',(86.0245045623742,-141.211378242588,14.4));
#10156=CARTESIAN_POINT('',(86.6545897442848,-145.584221478202,14.4));
#10157=CARTESIAN_POINT('',(86.6545897442848,-145.584221478202,12.4));
#10158=CARTESIAN_POINT('',(86.6545897442848,-149.834692798322,12.4));
#10159=CARTESIAN_POINT('',(86.6545897442848,-149.834692798322,14.4));
#10160=CARTESIAN_POINT('',(86.6545897442848,-149.834692798322,14.4));
#10161=CARTESIAN_POINT('',(86.6545897442848,-145.584221478202,14.4));
#10162=CARTESIAN_POINT('',(86.0245045623742,-149.957064713817,14.4));
#10163=CARTESIAN_POINT('',(86.0245045623742,-149.957064713817,12.4));
#10164=CARTESIAN_POINT('',(85.3944193804637,-150.079436629312,12.4));
#10165=CARTESIAN_POINT('',(85.3944193804637,-150.079436629312,14.4));
#10166=CARTESIAN_POINT('',(85.3944193804637,-150.079436629312,14.4));
#10167=CARTESIAN_POINT('',(86.0245045623742,-149.957064713817,14.4));
#10168=CARTESIAN_POINT('',(85.3944193804637,-150.791537031182,14.4));
#10169=CARTESIAN_POINT('',(85.3944193804637,-150.791537031182,12.4));
#10170=CARTESIAN_POINT('',(85.3944193804637,-151.503637433052,12.4));
#10171=CARTESIAN_POINT('',(85.3944193804637,-151.503637433052,14.4));
#10172=CARTESIAN_POINT('',(85.3944193804637,-151.503637433052,14.4));
#10173=CARTESIAN_POINT('',(85.3944193804637,-150.791537031182,14.4));
#10174=CARTESIAN_POINT('',(90.0810033781454,-151.503637433052,14.4));
#10175=CARTESIAN_POINT('',(90.0810033781454,-151.503637433052,12.4));
#10176=CARTESIAN_POINT('',(94.7675873758271,-151.503637433052,12.4));
#10177=CARTESIAN_POINT('',(94.7675873758271,-151.503637433052,14.4));
#10178=CARTESIAN_POINT('',(94.7675873758271,-151.503637433052,14.4));
#10179=CARTESIAN_POINT('',(90.0810033781454,-151.503637433052,14.4));
#10180=CARTESIAN_POINT('',(94.7675873758271,-149.884162296075,14.4));
#10181=CARTESIAN_POINT('',(94.7675873758271,-149.884162296075,12.4));
#10182=CARTESIAN_POINT('',(94.7675873758271,-148.264687159099,12.4));
#10183=CARTESIAN_POINT('',(94.7675873758271,-148.264687159099,14.4));
#10184=CARTESIAN_POINT('',(94.7675873758271,-148.264687159099,14.4));
#10185=CARTESIAN_POINT('',(94.7675873758271,-149.884162296075,14.4));
#10186=CARTESIAN_POINT('',(93.8641181273852,-148.264687159099,14.4));
#10187=CARTESIAN_POINT('',(93.8641181273852,-148.264687159099,12.4));
#10188=CARTESIAN_POINT('',(92.9606488789432,-148.264687159099,12.4));
#10189=CARTESIAN_POINT('',(92.9606488789432,-148.264687159099,14.4));
#10190=CARTESIAN_POINT('',(92.9606488789432,-148.264687159099,14.4));
#10191=CARTESIAN_POINT('',(93.8641181273852,-148.264687159099,14.4));
#10192=CARTESIAN_POINT('',(92.9085757234134,-148.972882074304,14.4));
#10193=CARTESIAN_POINT('',(92.9085757234134,-148.972882074304,12.4));
#10194=CARTESIAN_POINT('',(92.8565025678836,-149.681076989509,12.4));
#10195=CARTESIAN_POINT('',(92.8565025678836,-149.681076989509,14.4));
#10196=CARTESIAN_POINT('',(92.8565025678836,-149.681076989509,14.4));
#10197=CARTESIAN_POINT('',(92.9085757234134,-148.972882074304,14.4));
#10198=CARTESIAN_POINT('',(90.9441159310518,-149.681076989509,14.4));
#10199=CARTESIAN_POINT('',(90.9441159310518,-149.681076989509,12.4));
#10200=CARTESIAN_POINT('',(89.03172929422,-149.681076989509,12.4));
#10201=CARTESIAN_POINT('',(89.03172929422,-149.681076989509,14.4));
#10202=CARTESIAN_POINT('',(89.03172929422,-149.681076989509,14.4));
#10203=CARTESIAN_POINT('',(90.9441159310518,-149.681076989509,14.4));
#10204=CARTESIAN_POINT('',(89.03172929422,-147.988699434791,14.4));
#10205=CARTESIAN_POINT('',(89.03172929422,-147.988699434791,12.4));
#10206=CARTESIAN_POINT('',(89.03172929422,-147.988699434791,14.4));
#10207=CARTESIAN_POINT('',(113.288682146175,-105.95,14.4));
#10208=CARTESIAN_POINT('',(113.288682146175,-105.95,12.4));
#10209=CARTESIAN_POINT('',(0.,0.,0.));
#10210=CARTESIAN_POINT('',(78.9581773569807,-146.556687657721,14.4));
#10211=CARTESIAN_POINT('',(78.9581773569807,-146.556687657721,12.4));
#10212=CARTESIAN_POINT('',(77.599067997653,-146.556687657721,12.4));
#10213=CARTESIAN_POINT('',(80.3172867163084,-146.556687657721,12.4));
#10214=CARTESIAN_POINT('',(77.599067997653,-146.556687657721,14.4));
#10215=CARTESIAN_POINT('',(77.599067997653,-146.556687657721,14.4));
#10216=CARTESIAN_POINT('',(78.9581773569807,-146.556687657721,14.4));
#10217=CARTESIAN_POINT('',(80.3172867163084,-146.556687657721,14.4));
#10218=CARTESIAN_POINT('',(80.3172867163084,-146.556687657721,14.4));
#10219=CARTESIAN_POINT('',(78.2669062173227,-144.469855949865,14.4));
#10220=CARTESIAN_POINT('',(78.2669062173227,-144.469855949865,12.4));
#10221=CARTESIAN_POINT('',(78.9347444369923,-142.383024242008,12.4));
#10222=CARTESIAN_POINT('',(78.9347444369923,-142.383024242008,14.4));
#10223=CARTESIAN_POINT('',(78.9347444369923,-142.383024242008,14.4));
#10224=CARTESIAN_POINT('',(78.2669062173227,-144.469855949865,14.4));
#10225=CARTESIAN_POINT('',(78.9581773569807,-142.383024242008,14.4));
#10226=CARTESIAN_POINT('',(78.9581773569807,-142.383024242008,12.4));
#10227=CARTESIAN_POINT('',(78.9816102769692,-142.383024242008,12.4));
#10228=CARTESIAN_POINT('',(78.9816102769692,-142.383024242008,14.4));
#10229=CARTESIAN_POINT('',(78.9816102769692,-142.383024242008,14.4));
#10230=CARTESIAN_POINT('',(78.9581773569807,-142.383024242008,14.4));
#10231=CARTESIAN_POINT('',(73.7261270551244,-150.018250671565,14.4));
#10232=CARTESIAN_POINT('',(73.7261270551244,-150.018250671565,12.4));
#10233=CARTESIAN_POINT('',(73.3030326664448,-150.079436629312,12.4));
#10234=CARTESIAN_POINT('',(74.149221443804,-149.957064713817,12.4));
#10235=CARTESIAN_POINT('',(73.3030326664448,-150.079436629312,14.4));
#10236=CARTESIAN_POINT('',(73.3030326664448,-150.079436629312,14.4));
#10237=CARTESIAN_POINT('',(73.7261270551244,-150.018250671565,14.4));
#10238=CARTESIAN_POINT('',(74.149221443804,-149.957064713817,14.4));
#10239=CARTESIAN_POINT('',(74.149221443804,-149.957064713817,14.4));
#10240=CARTESIAN_POINT('',(73.3030326664448,-150.791537031182,14.4));
#10241=CARTESIAN_POINT('',(73.3030326664448,-150.791537031182,12.4));
#10242=CARTESIAN_POINT('',(73.3030326664448,-151.503637433052,12.4));
#10243=CARTESIAN_POINT('',(73.3030326664448,-151.503637433052,14.4));
#10244=CARTESIAN_POINT('',(73.3030326664448,-151.503637433052,14.4));
#10245=CARTESIAN_POINT('',(73.3030326664448,-150.791537031182,14.4));
#10246=CARTESIAN_POINT('',(75.3208674432244,-151.503637433052,14.4));
#10247=CARTESIAN_POINT('',(75.3208674432244,-151.503637433052,12.4));
#10248=CARTESIAN_POINT('',(77.3387022200041,-151.503637433052,12.4));
#10249=CARTESIAN_POINT('',(77.3387022200041,-151.503637433052,14.4));
#10250=CARTESIAN_POINT('',(77.3387022200041,-151.503637433052,14.4));
#10251=CARTESIAN_POINT('',(75.3208674432244,-151.503637433052,14.4));
#10252=CARTESIAN_POINT('',(77.3387022200041,-150.791537031182,14.4));
#10253=CARTESIAN_POINT('',(77.3387022200041,-150.791537031182,12.4));
#10254=CARTESIAN_POINT('',(77.3387022200041,-150.079436629312,12.4));
#10255=CARTESIAN_POINT('',(77.3387022200041,-150.079436629312,14.4));
#10256=CARTESIAN_POINT('',(77.3387022200041,-150.079436629312,14.4));
#10257=CARTESIAN_POINT('',(77.3387022200041,-150.791537031182,14.4));
#10258=CARTESIAN_POINT('',(76.9286261202069,-150.006534211571,14.4));
#10259=CARTESIAN_POINT('',(76.9286261202069,-150.006534211571,12.4));
#10260=CARTESIAN_POINT('',(76.5185500204098,-149.933631793829,12.4));
#10261=CARTESIAN_POINT('',(76.5185500204098,-149.933631793829,14.4));
#10262=CARTESIAN_POINT('',(76.5185500204098,-149.933631793829,14.4));
#10263=CARTESIAN_POINT('',(76.9286261202069,-150.006534211571,14.4));
#10264=CARTESIAN_POINT('',(76.7789157980587,-149.119988738676,14.4));
#10265=CARTESIAN_POINT('',(76.7789157980587,-149.119988738676,12.4));
#10266=CARTESIAN_POINT('',(77.0392815757077,-148.306345683522,12.4));
#10267=CARTESIAN_POINT('',(77.0392815757077,-148.306345683522,14.4));
#10268=CARTESIAN_POINT('',(77.0392815757077,-148.306345683522,14.4));
#10269=CARTESIAN_POINT('',(76.7789157980587,-149.119988738676,14.4));
#10270=CARTESIAN_POINT('',(78.959479185869,-148.306345683522,14.4));
#10271=CARTESIAN_POINT('',(78.959479185869,-148.306345683522,12.4));
#10272=CARTESIAN_POINT('',(80.8796767960303,-148.306345683522,12.4));
#10273=CARTESIAN_POINT('',(80.8796767960303,-148.306345683522,14.4));
#10274=CARTESIAN_POINT('',(80.8796767960303,-148.306345683522,14.4));
#10275=CARTESIAN_POINT('',(78.959479185869,-148.306345683522,14.4));
#10276=CARTESIAN_POINT('',(81.1400425736792,-149.119988738676,14.4));
#10277=CARTESIAN_POINT('',(81.1400425736792,-149.119988738676,12.4));
#10278=CARTESIAN_POINT('',(81.4004083513282,-149.933631793829,12.4));
#10279=CARTESIAN_POINT('',(81.4004083513282,-149.933631793829,14.4));
#10280=CARTESIAN_POINT('',(81.4004083513282,-149.933631793829,14.4));
#10281=CARTESIAN_POINT('',(81.1400425736792,-149.119988738676,14.4));
#10282=CARTESIAN_POINT('',(80.9890304226428,-150.006534211571,14.4));
#10283=CARTESIAN_POINT('',(80.9890304226428,-150.006534211571,12.4));
#10284=CARTESIAN_POINT('',(80.5776524939574,-150.079436629312,12.4));
#10285=CARTESIAN_POINT('',(80.5776524939574,-150.079436629312,14.4));
#10286=CARTESIAN_POINT('',(80.5776524939574,-150.079436629312,14.4));
#10287=CARTESIAN_POINT('',(80.9890304226428,-150.006534211571,14.4));
#10288=CARTESIAN_POINT('',(80.5776524939574,-150.791537031182,14.4));
#10289=CARTESIAN_POINT('',(80.5776524939574,-150.791537031182,12.4));
#10290=CARTESIAN_POINT('',(80.5776524939574,-151.503637433052,12.4));
#10291=CARTESIAN_POINT('',(80.5776524939574,-151.503637433052,14.4));
#10292=CARTESIAN_POINT('',(80.5776524939574,-151.503637433052,14.4));
#10293=CARTESIAN_POINT('',(80.5776524939574,-150.791537031182,14.4));
#10294=CARTESIAN_POINT('',(82.5954872707371,-151.503637433052,14.4));
#10295=CARTESIAN_POINT('',(82.5954872707371,-151.503637433052,12.4));
#10296=CARTESIAN_POINT('',(84.6133220475167,-151.503637433052,12.4));
#10297=CARTESIAN_POINT('',(84.6133220475167,-151.503637433052,14.4));
#10298=CARTESIAN_POINT('',(84.6133220475167,-151.503637433052,14.4));
#10299=CARTESIAN_POINT('',(82.5954872707371,-151.503637433052,14.4));
#10300=CARTESIAN_POINT('',(84.6133220475167,-150.791537031182,14.4));
#10301=CARTESIAN_POINT('',(84.6133220475167,-150.791537031182,12.4));
#10302=CARTESIAN_POINT('',(84.6133220475167,-150.079436629312,12.4));
#10303=CARTESIAN_POINT('',(84.6133220475167,-150.079436629312,14.4));
#10304=CARTESIAN_POINT('',(84.6133220475167,-150.079436629312,14.4));
#10305=CARTESIAN_POINT('',(84.6133220475167,-150.791537031182,14.4));
#10306=CARTESIAN_POINT('',(84.1902276588371,-150.018250671565,14.4));
#10307=CARTESIAN_POINT('',(84.1902276588371,-150.018250671565,12.4));
#10308=CARTESIAN_POINT('',(83.7671332701575,-149.957064713817,12.4));
#10309=CARTESIAN_POINT('',(83.7671332701575,-149.957064713817,14.4));
#10310=CARTESIAN_POINT('',(83.7671332701575,-149.957064713817,14.4));
#10311=CARTESIAN_POINT('',(84.1902276588371,-150.018250671565,14.4));
#10312=CARTESIAN_POINT('',(81.9771185488207,-144.80702963192,14.4));
#10313=CARTESIAN_POINT('',(81.9771185488207,-144.80702963192,12.4));
#10314=CARTESIAN_POINT('',(80.187103827484,-139.656994550023,12.4));
#10315=CARTESIAN_POINT('',(80.187103827484,-139.656994550023,14.4));
#10316=CARTESIAN_POINT('',(80.187103827484,-139.656994550023,14.4));
#10317=CARTESIAN_POINT('',(81.9771185488207,-144.80702963192,14.4));
#10318=CARTESIAN_POINT('',(78.9711956458632,-139.656994550023,14.4));
#10319=CARTESIAN_POINT('',(78.9711956458632,-139.656994550023,12.4));
#10320=CARTESIAN_POINT('',(77.7552874642424,-139.656994550023,12.4));
#10321=CARTESIAN_POINT('',(77.7552874642424,-139.656994550023,14.4));
#10322=CARTESIAN_POINT('',(77.7552874642424,-139.656994550023,14.4));
#10323=CARTESIAN_POINT('',(78.9711956458632,-139.656994550023,14.4));
#10324=CARTESIAN_POINT('',(75.9522544540232,-144.80702963192,14.4));
#10325=CARTESIAN_POINT('',(75.9522544540232,-144.80702963192,12.4));
#10326=CARTESIAN_POINT('',(75.9522544540232,-144.80702963192,14.4));
#10327=CARTESIAN_POINT('',(79.6494484966388,-144.469855949865,14.4));
#10328=CARTESIAN_POINT('',(79.6494484966388,-144.469855949865,12.4));
#10329=CARTESIAN_POINT('',(79.6494484966388,-144.469855949865,14.4));
#10330=CARTESIAN_POINT('',(113.288682146175,-105.95,14.4));
#10331=CARTESIAN_POINT('',(113.288682146175,-105.95,12.4));
#10332=CARTESIAN_POINT('',(0.,0.,0.));
#10333=CARTESIAN_POINT('',(113.288682146175,-164.9,3.));
#10334=CARTESIAN_POINT('',(113.288682146175,-164.9,10.));
#10335=CARTESIAN_POINT('',(71.0886821461746,-164.9,10.));
#10336=CARTESIAN_POINT('',(155.488682146175,-164.9,10.));
#10337=CARTESIAN_POINT('',(71.0886821461746,-164.9,3.));
#10338=CARTESIAN_POINT('',(71.0886821461746,-164.9,0.));
#10339=CARTESIAN_POINT('',(113.288682146175,-164.9,0.));
#10340=CARTESIAN_POINT('',(155.488682146175,-164.9,0.));
#10341=CARTESIAN_POINT('',(155.488682146175,-164.9,10.));
#10342=CARTESIAN_POINT('',(121.417578309774,-164.9,6.55567087233067));
#10343=CARTESIAN_POINT('',(114.796243607998,-164.9,6.55567087233067));
#10344=CARTESIAN_POINT('',(128.038913011551,-164.9,6.55567087233067));
#10345=CARTESIAN_POINT('',(128.038913011551,-164.9,4.27860445820212));
#10346=CARTESIAN_POINT('',(128.038913011551,-164.9,2.00153804407357));
#10347=CARTESIAN_POINT('',(121.417578309774,-164.9,2.00153804407357));
#10348=CARTESIAN_POINT('',(114.796243607998,-164.9,2.00153804407357));
#10349=CARTESIAN_POINT('',(114.796243607998,-164.9,4.27860445820212));
#10350=CARTESIAN_POINT('',(113.288682146175,-47.,3.));
#10351=CARTESIAN_POINT('',(113.288682146175,-47.,10.));
#10352=CARTESIAN_POINT('',(71.0886821461746,-47.,10.));
#10353=CARTESIAN_POINT('',(155.488682146175,-47.,10.));
#10354=CARTESIAN_POINT('',(155.488682146175,-47.,3.));
#10355=CARTESIAN_POINT('',(155.488682146175,-47.,0.));
#10356=CARTESIAN_POINT('',(113.288682146175,-47.,0.));
#10357=CARTESIAN_POINT('',(71.0886821461746,-47.,0.));
#10358=CARTESIAN_POINT('',(71.0886821461746,-47.,10.));
#10359=CARTESIAN_POINT('',(66.0886821461746,-105.95,3.));
#10360=CARTESIAN_POINT('',(66.0886821461746,-105.95,10.));
#10361=CARTESIAN_POINT('',(66.0886821461746,-52.,10.));
#10362=CARTESIAN_POINT('',(66.0886821461746,-159.9,10.));
#10363=CARTESIAN_POINT('',(66.0886821461746,-52.,0.));
#10364=CARTESIAN_POINT('',(66.0886821461746,-52.,0.));
#10365=CARTESIAN_POINT('',(66.0886821461746,-105.95,0.));
#10366=CARTESIAN_POINT('',(66.0886821461746,-159.9,0.));
#10367=CARTESIAN_POINT('',(66.0886821461746,-159.9,3.));
#10368=CARTESIAN_POINT('',(72.0886821461746,-53.,3.));
#10369=CARTESIAN_POINT('',(72.0886821461746,-53.,0.));
#10370=CARTESIAN_POINT('',(73.8886821461746,-53.,0.));
#10371=CARTESIAN_POINT('',(72.0886821461746,-53.,10.));
#10372=CARTESIAN_POINT('',(73.8886821461746,-53.,10.));
#10373=CARTESIAN_POINT('',(72.0886821461746,-158.9,3.));
#10374=CARTESIAN_POINT('',(72.0886821461746,-158.9,0.));
#10375=CARTESIAN_POINT('',(73.8886821461746,-158.9,0.));
#10376=CARTESIAN_POINT('',(72.0886821461746,-158.9,10.));
#10377=CARTESIAN_POINT('',(73.8886821461746,-158.9,10.));
#10378=CARTESIAN_POINT('',(154.488682146175,-53.,3.));
#10379=CARTESIAN_POINT('',(154.488682146175,-53.,0.));
#10380=CARTESIAN_POINT('',(156.288682146174,-53.,0.));
#10381=CARTESIAN_POINT('',(154.488682146175,-53.,10.));
#10382=CARTESIAN_POINT('',(156.288682146174,-53.,10.));
#10383=CARTESIAN_POINT('',(154.488682146175,-158.9,3.));
#10384=CARTESIAN_POINT('',(154.488682146175,-158.9,0.));
#10385=CARTESIAN_POINT('',(156.288682146174,-158.9,0.));
#10386=CARTESIAN_POINT('',(154.488682146175,-158.9,10.));
#10387=CARTESIAN_POINT('',(156.288682146174,-158.9,10.));
#10388=CARTESIAN_POINT('',(160.488682146175,-105.95,3.));
#10389=CARTESIAN_POINT('',(160.488682146175,-105.95,0.));
#10390=CARTESIAN_POINT('',(160.488682146175,-52.,0.));
#10391=CARTESIAN_POINT('',(160.488682146175,-159.9,0.));
#10392=CARTESIAN_POINT('',(160.488682146175,-52.,3.));
#10393=CARTESIAN_POINT('',(160.488682146175,-52.,10.));
#10394=CARTESIAN_POINT('',(160.488682146175,-105.95,10.));
#10395=CARTESIAN_POINT('',(160.488682146175,-159.9,10.));
#10396=CARTESIAN_POINT('',(160.488682146175,-159.9,0.));
#10397=CARTESIAN_POINT('',(113.288682146175,-105.95,0.));
#10398=CARTESIAN_POINT('',(155.488682146175,-52.,0.));
#10399=CARTESIAN_POINT('',(155.488682146175,-159.9,0.));
#10400=CARTESIAN_POINT('',(71.0886821461746,-159.9,0.));
#10401=CARTESIAN_POINT('',(71.0886821461746,-52.,0.));
#10402=CARTESIAN_POINT('',(76.0886821461746,-105.95,10.));
#10403=CARTESIAN_POINT('',(76.0886821461746,-154.9,10.));
#10404=CARTESIAN_POINT('',(76.0886821461746,-154.9,10.));
#10405=CARTESIAN_POINT('',(76.0886821461746,-154.9,3.));
#10406=CARTESIAN_POINT('',(76.0886821461746,-105.95,3.));
#10407=CARTESIAN_POINT('',(76.0886821461746,-57.,3.));
#10408=CARTESIAN_POINT('',(76.0886821461746,-57.,10.));
#10409=CARTESIAN_POINT('',(76.0886821461746,-57.,10.));
#10410=CARTESIAN_POINT('',(76.0886821461746,-105.95,10.));
#10411=CARTESIAN_POINT('',(113.288682146175,-57.,10.));
#10412=CARTESIAN_POINT('',(113.288682146175,-57.,3.));
#10413=CARTESIAN_POINT('',(150.488682146175,-57.,3.));
#10414=CARTESIAN_POINT('',(150.488682146175,-57.,10.));
#10415=CARTESIAN_POINT('',(150.488682146175,-57.,10.));
#10416=CARTESIAN_POINT('',(113.288682146175,-57.,10.));
#10417=CARTESIAN_POINT('',(150.488682146175,-105.95,10.));
#10418=CARTESIAN_POINT('',(150.488682146175,-105.95,3.));
#10419=CARTESIAN_POINT('',(150.488682146175,-154.9,3.));
#10420=CARTESIAN_POINT('',(150.488682146175,-154.9,10.));
#10421=CARTESIAN_POINT('',(150.488682146175,-154.9,10.));
#10422=CARTESIAN_POINT('',(150.488682146175,-105.95,10.));
#10423=CARTESIAN_POINT('',(113.288682146175,-154.9,10.));
#10424=CARTESIAN_POINT('',(114.796243607998,-154.9,10.));
#10425=CARTESIAN_POINT('',(114.796243607998,-154.9,3.));
#10426=CARTESIAN_POINT('',(114.796243607998,-154.9,6.55567087233067));
#10427=CARTESIAN_POINT('',(113.288682146175,-154.9,3.));
#10428=CARTESIAN_POINT('',(113.288682146175,-154.9,10.));
#10429=CARTESIAN_POINT('',(113.288682146175,-154.9,3.));
#10430=CARTESIAN_POINT('',(128.038913011551,-154.9,3.));
#10431=CARTESIAN_POINT('',(128.038913011551,-154.9,10.));
#10432=CARTESIAN_POINT('',(128.038913011551,-154.9,6.55567087233067));
#10433=CARTESIAN_POINT('',(113.288682146175,-154.9,6.55567087233067));
#10434=CARTESIAN_POINT('',(113.288682146175,-105.95,10.));
#10435=CARTESIAN_POINT('',(155.488682146175,-52.,10.));
#10436=CARTESIAN_POINT('',(71.0886821461746,-52.,10.));
#10437=CARTESIAN_POINT('',(71.0886821461746,-159.9,10.));
#10438=CARTESIAN_POINT('',(155.488682146175,-159.9,10.));
#10439=CARTESIAN_POINT('',(113.288682146175,-105.95,3.));
#10440=CARTESIAN_POINT('',(114.796243607998,-105.95,3.));
#10441=CARTESIAN_POINT('',(114.796243607998,-139.9,3.));
#10442=CARTESIAN_POINT('',(113.288682146175,-139.9,3.));
#10443=CARTESIAN_POINT('',(128.038913011551,-139.9,3.));
#10444=CARTESIAN_POINT('',(128.038913011551,-105.95,3.));
#10445=CARTESIAN_POINT('',(155.488682146175,-52.,3.));
#10446=CARTESIAN_POINT('',(71.0886821461746,-52.,3.));
#10447=CARTESIAN_POINT('',(71.0886821461746,-159.9,3.));
#10448=CARTESIAN_POINT('',(155.488682146175,-159.9,3.));
#10449=CARTESIAN_POINT('',(121.417578309774,-139.9,6.55567087233067));
#10450=CARTESIAN_POINT('',(128.038913011551,-139.9,6.55567087233067));
#10451=CARTESIAN_POINT('',(114.796243607998,-139.9,6.55567087233067));
#10452=CARTESIAN_POINT('',(114.796243607998,-139.9,4.27860445820212));
#10453=CARTESIAN_POINT('',(114.796243607998,-139.9,2.00153804407357));
#10454=CARTESIAN_POINT('',(114.796243607998,-139.9,2.00153804407357));
#10455=CARTESIAN_POINT('',(114.796243607998,-139.9,4.27860445820212));
#10456=CARTESIAN_POINT('',(121.417578309774,-139.9,2.00153804407357));
#10457=CARTESIAN_POINT('',(128.038913011551,-139.9,2.00153804407357));
#10458=CARTESIAN_POINT('',(128.038913011551,-139.9,2.00153804407357));
#10459=CARTESIAN_POINT('',(121.417578309774,-139.9,2.00153804407357));
#10460=CARTESIAN_POINT('',(128.038913011551,-139.9,4.27860445820212));
#10461=CARTESIAN_POINT('',(128.038913011551,-139.9,4.27860445820212));
#10462=CARTESIAN_POINT('',(113.288682146175,-139.9,5.));
#10463=CARTESIAN_POINT('',(0.,0.,0.));
#10464=CARTESIAN_POINT('',(150.,-154.5,0.));
#10465=CARTESIAN_POINT('',(150.,-154.5,0.));
#10466=CARTESIAN_POINT('',(150.,-154.5,0.));
#10467=CARTESIAN_POINT('',(150.,-154.5,1.51));
#10468=CARTESIAN_POINT('',(150.,-154.5,1.51));
#10469=CARTESIAN_POINT('',(76.,-154.5,1.51));
#10470=CARTESIAN_POINT('',(76.,-154.5,0.));
#10471=CARTESIAN_POINT('',(76.,-154.5,0.));
#10472=CARTESIAN_POINT('',(0.,-154.5,0.));
#10473=CARTESIAN_POINT('',(150.,-57.,0.));
#10474=CARTESIAN_POINT('',(150.,-57.,0.));
#10475=CARTESIAN_POINT('',(150.,-57.,0.));
#10476=CARTESIAN_POINT('',(150.,-57.,1.51));
#10477=CARTESIAN_POINT('',(150.,-57.,1.51));
#10478=CARTESIAN_POINT('',(150.,0.,0.));
#10479=CARTESIAN_POINT('',(76.,-154.5,0.));
#10480=CARTESIAN_POINT('',(76.,-154.5,1.51));
#10481=CARTESIAN_POINT('',(76.,-57.,1.51));
#10482=CARTESIAN_POINT('',(76.,-57.,0.));
#10483=CARTESIAN_POINT('',(76.,-57.,0.));
#10484=CARTESIAN_POINT('',(76.,0.,0.));
#10485=CARTESIAN_POINT('',(0.,0.,0.));
#10486=CARTESIAN_POINT('',(0.,-57.,0.));
#10487=CARTESIAN_POINT('',(80.,-150.5,0.));
#10488=CARTESIAN_POINT('',(78.4,-150.5,0.));
#10489=CARTESIAN_POINT('',(89.38,-139.,0.));
#10490=CARTESIAN_POINT('',(88.98,-139.,0.));
#10491=CARTESIAN_POINT('',(97.,-139.,0.));
#10492=CARTESIAN_POINT('',(96.6,-139.,0.));
#10493=CARTESIAN_POINT('',(101.38,-139.,0.));
#10494=CARTESIAN_POINT('',(100.98,-139.,0.));
#10495=CARTESIAN_POINT('',(109.,-139.,0.));
#10496=CARTESIAN_POINT('',(108.6,-139.,0.));
#10497=CARTESIAN_POINT('',(88.42,-127.58,0.));
#10498=CARTESIAN_POINT('',(87.57,-127.58,0.));
#10499=CARTESIAN_POINT('',(89.69,-125.04,0.));
#10500=CARTESIAN_POINT('',(88.94,-125.04,0.));
#10501=CARTESIAN_POINT('',(93.5,-127.58,0.));
#10502=CARTESIAN_POINT('',(91.5,-127.58,0.));
#10503=CARTESIAN_POINT('',(88.88,-116.5,0.));
#10504=CARTESIAN_POINT('',(88.48,-116.5,0.));
#10505=CARTESIAN_POINT('',(98.58,-127.58,0.));
#10506=CARTESIAN_POINT('',(97.73,-127.58,0.));
#10507=CARTESIAN_POINT('',(96.04,-122.5,0.));
#10508=CARTESIAN_POINT('',(95.29,-122.5,0.));
#10509=CARTESIAN_POINT('',(108.42,-127.5,0.));
#10510=CARTESIAN_POINT('',(107.57,-127.5,0.));
#10511=CARTESIAN_POINT('',(109.69,-124.96,0.));
#10512=CARTESIAN_POINT('',(108.94,-124.96,0.));
#10513=CARTESIAN_POINT('',(96.5,-116.5,0.));
#10514=CARTESIAN_POINT('',(96.1,-116.5,0.));
#10515=CARTESIAN_POINT('',(109.38,-116.5,0.));
#10516=CARTESIAN_POINT('',(108.98,-116.5,0.));
#10517=CARTESIAN_POINT('',(113.375,-152.12,0.));
#10518=CARTESIAN_POINT('',(112.875,-152.12,0.));
#10519=CARTESIAN_POINT('',(113.375,-149.58,0.));
#10520=CARTESIAN_POINT('',(112.875,-149.58,0.));
#10521=CARTESIAN_POINT('',(113.375,-147.04,0.));
#10522=CARTESIAN_POINT('',(112.875,-147.04,0.));
#10523=CARTESIAN_POINT('',(113.375,-144.5,0.));
#10524=CARTESIAN_POINT('',(112.875,-144.5,0.));
#10525=CARTESIAN_POINT('',(113.375,-141.96,0.));
#10526=CARTESIAN_POINT('',(112.875,-141.96,0.));
#10527=CARTESIAN_POINT('',(128.625,-152.12,0.));
#10528=CARTESIAN_POINT('',(128.125,-152.12,0.));
#10529=CARTESIAN_POINT('',(128.625,-149.58,0.));
#10530=CARTESIAN_POINT('',(128.125,-149.58,0.));
#10531=CARTESIAN_POINT('',(128.625,-147.04,0.));
#10532=CARTESIAN_POINT('',(128.125,-147.04,0.));
#10533=CARTESIAN_POINT('',(128.625,-144.5,0.));
#10534=CARTESIAN_POINT('',(128.125,-144.5,0.));
#10535=CARTESIAN_POINT('',(128.625,-141.96,0.));
#10536=CARTESIAN_POINT('',(128.125,-141.96,0.));
#10537=CARTESIAN_POINT('',(113.375,-139.42,0.));
#10538=CARTESIAN_POINT('',(112.875,-139.42,0.));
#10539=CARTESIAN_POINT('',(113.375,-136.88,0.));
#10540=CARTESIAN_POINT('',(112.875,-136.88,0.));
#10541=CARTESIAN_POINT('',(128.625,-139.42,0.));
#10542=CARTESIAN_POINT('',(128.125,-139.42,0.));
#10543=CARTESIAN_POINT('',(128.625,-136.88,0.));
#10544=CARTESIAN_POINT('',(128.125,-136.88,0.));
#10545=CARTESIAN_POINT('',(146.,-150.5,0.));
#10546=CARTESIAN_POINT('',(144.4,-150.5,0.));
#10547=CARTESIAN_POINT('',(132.69,-138.5,0.));
#10548=CARTESIAN_POINT('',(132.29,-138.5,0.));
#10549=CARTESIAN_POINT('',(140.31,-138.5,0.));
#10550=CARTESIAN_POINT('',(139.91,-138.5,0.));
#10551=CARTESIAN_POINT('',(113.5,-127.5,0.));
#10552=CARTESIAN_POINT('',(111.5,-127.5,0.));
#10553=CARTESIAN_POINT('',(118.58,-127.5,0.));
#10554=CARTESIAN_POINT('',(117.73,-127.5,0.));
#10555=CARTESIAN_POINT('',(116.04,-122.42,0.));
#10556=CARTESIAN_POINT('',(115.29,-122.42,0.));
#10557=CARTESIAN_POINT('',(129.34,-127.5,0.));
#10558=CARTESIAN_POINT('',(128.49,-127.5,0.));
#10559=CARTESIAN_POINT('',(117.,-116.5,0.));
#10560=CARTESIAN_POINT('',(116.6,-116.5,0.));
#10561=CARTESIAN_POINT('',(130.19,-116.5,0.));
#10562=CARTESIAN_POINT('',(129.79,-116.5,0.));
#10563=CARTESIAN_POINT('',(134.42,-127.5,0.));
#10564=CARTESIAN_POINT('',(132.42,-127.5,0.));
#10565=CARTESIAN_POINT('',(130.61,-124.96,0.));
#10566=CARTESIAN_POINT('',(129.86,-124.96,0.));
#10567=CARTESIAN_POINT('',(136.96,-122.42,0.));
#10568=CARTESIAN_POINT('',(136.21,-122.42,0.));
#10569=CARTESIAN_POINT('',(139.5,-127.5,0.));
#10570=CARTESIAN_POINT('',(138.65,-127.5,0.));
#10571=CARTESIAN_POINT('',(137.81,-116.5,0.));
#10572=CARTESIAN_POINT('',(137.41,-116.5,0.));
#10573=CARTESIAN_POINT('',(88.42,-105.5,0.));
#10574=CARTESIAN_POINT('',(87.57,-105.5,0.));
#10575=CARTESIAN_POINT('',(89.69,-102.96,0.));
#10576=CARTESIAN_POINT('',(88.94,-102.96,0.));
#10577=CARTESIAN_POINT('',(93.5,-105.5,0.));
#10578=CARTESIAN_POINT('',(91.5,-105.5,0.));
#10579=CARTESIAN_POINT('',(88.88,-94.5,0.));
#10580=CARTESIAN_POINT('',(88.48,-94.5,0.));
#10581=CARTESIAN_POINT('',(88.42,-83.5,0.));
#10582=CARTESIAN_POINT('',(87.57,-83.5,0.));
#10583=CARTESIAN_POINT('',(93.5,-83.5,0.));
#10584=CARTESIAN_POINT('',(91.5,-83.5,0.));
#10585=CARTESIAN_POINT('',(98.58,-105.5,0.));
#10586=CARTESIAN_POINT('',(97.73,-105.5,0.));
#10587=CARTESIAN_POINT('',(96.04,-100.42,0.));
#10588=CARTESIAN_POINT('',(95.29,-100.42,0.));
#10589=CARTESIAN_POINT('',(108.23,-105.54,0.));
#10590=CARTESIAN_POINT('',(107.38,-105.54,0.));
#10591=CARTESIAN_POINT('',(109.5,-103.,0.));
#10592=CARTESIAN_POINT('',(108.75,-103.,0.));
#10593=CARTESIAN_POINT('',(96.5,-94.5,0.));
#10594=CARTESIAN_POINT('',(96.1,-94.5,0.));
#10595=CARTESIAN_POINT('',(98.58,-83.5,0.));
#10596=CARTESIAN_POINT('',(97.73,-83.5,0.));
#10597=CARTESIAN_POINT('',(108.88,-94.5,0.));
#10598=CARTESIAN_POINT('',(108.48,-94.5,0.));
#10599=CARTESIAN_POINT('',(108.42,-83.5,0.));
#10600=CARTESIAN_POINT('',(107.57,-83.5,0.));
#10601=CARTESIAN_POINT('',(89.69,-80.96,0.));
#10602=CARTESIAN_POINT('',(88.94,-80.96,0.));
#10603=CARTESIAN_POINT('',(80.,-62.,0.));
#10604=CARTESIAN_POINT('',(78.4,-62.,0.));
#10605=CARTESIAN_POINT('',(96.04,-78.42,0.));
#10606=CARTESIAN_POINT('',(95.29,-78.42,0.));
#10607=CARTESIAN_POINT('',(109.69,-80.96,0.));
#10608=CARTESIAN_POINT('',(108.94,-80.96,0.));
#10609=CARTESIAN_POINT('',(113.31,-105.54,0.));
#10610=CARTESIAN_POINT('',(111.31,-105.54,0.));
#10611=CARTESIAN_POINT('',(115.85,-100.46,0.));
#10612=CARTESIAN_POINT('',(115.1,-100.46,0.));
#10613=CARTESIAN_POINT('',(118.39,-105.54,0.));
#10614=CARTESIAN_POINT('',(117.54,-105.54,0.));
#10615=CARTESIAN_POINT('',(128.42,-105.5,0.));
#10616=CARTESIAN_POINT('',(127.57,-105.5,0.));
#10617=CARTESIAN_POINT('',(129.69,-102.96,0.));
#10618=CARTESIAN_POINT('',(128.94,-102.96,0.));
#10619=CARTESIAN_POINT('',(116.5,-94.5,0.));
#10620=CARTESIAN_POINT('',(116.1,-94.5,0.));
#10621=CARTESIAN_POINT('',(113.5,-83.5,0.));
#10622=CARTESIAN_POINT('',(111.5,-83.5,0.));
#10623=CARTESIAN_POINT('',(118.58,-83.5,0.));
#10624=CARTESIAN_POINT('',(117.73,-83.5,0.));
#10625=CARTESIAN_POINT('',(129.38,-94.5,0.));
#10626=CARTESIAN_POINT('',(128.98,-94.5,0.));
#10627=CARTESIAN_POINT('',(128.42,-83.5,0.));
#10628=CARTESIAN_POINT('',(127.57,-83.5,0.));
#10629=CARTESIAN_POINT('',(133.5,-105.5,0.));
#10630=CARTESIAN_POINT('',(131.5,-105.5,0.));
#10631=CARTESIAN_POINT('',(138.58,-105.5,0.));
#10632=CARTESIAN_POINT('',(137.73,-105.5,0.));
#10633=CARTESIAN_POINT('',(136.04,-100.42,0.));
#10634=CARTESIAN_POINT('',(135.29,-100.42,0.));
#10635=CARTESIAN_POINT('',(137.,-94.5,0.));
#10636=CARTESIAN_POINT('',(136.6,-94.5,0.));
#10637=CARTESIAN_POINT('',(133.5,-83.5,0.));
#10638=CARTESIAN_POINT('',(131.5,-83.5,0.));
#10639=CARTESIAN_POINT('',(138.58,-83.5,0.));
#10640=CARTESIAN_POINT('',(137.73,-83.5,0.));
#10641=CARTESIAN_POINT('',(116.04,-78.42,0.));
#10642=CARTESIAN_POINT('',(115.29,-78.42,0.));
#10643=CARTESIAN_POINT('',(129.69,-80.96,0.));
#10644=CARTESIAN_POINT('',(128.94,-80.96,0.));
#10645=CARTESIAN_POINT('',(120.615,-70.425,0.));
#10646=CARTESIAN_POINT('',(120.115,-70.425,0.));
#10647=CARTESIAN_POINT('',(120.615,-67.885,0.));
#10648=CARTESIAN_POINT('',(120.115,-67.885,0.));
#10649=CARTESIAN_POINT('',(120.615,-65.345,0.));
#10650=CARTESIAN_POINT('',(120.115,-65.345,0.));
#10651=CARTESIAN_POINT('',(120.615,-62.805,0.));
#10652=CARTESIAN_POINT('',(120.115,-62.805,0.));
#10653=CARTESIAN_POINT('',(126.,-68.5,0.));
#10654=CARTESIAN_POINT('',(125.5,-68.5,0.));
#10655=CARTESIAN_POINT('',(126.,-66.,0.));
#10656=CARTESIAN_POINT('',(125.5,-66.,0.));
#10657=CARTESIAN_POINT('',(126.,-63.5,0.));
#10658=CARTESIAN_POINT('',(125.5,-63.5,0.));
#10659=CARTESIAN_POINT('',(136.04,-78.42,0.));
#10660=CARTESIAN_POINT('',(135.29,-78.42,0.));
#10661=CARTESIAN_POINT('',(134.15,-70.85,0.));
#10662=CARTESIAN_POINT('',(132.85,-70.85,0.));
#10663=CARTESIAN_POINT('',(134.15,-70.85,0.));
#10664=CARTESIAN_POINT('',(132.85,-71.6,0.));
#10665=CARTESIAN_POINT('',(132.85,-72.35,0.));
#10666=CARTESIAN_POINT('',(132.85,-72.35,0.));
#10667=CARTESIAN_POINT('',(134.15,-72.35,0.));
#10668=CARTESIAN_POINT('',(134.15,-71.6,0.));
#10669=CARTESIAN_POINT('',(134.15,-59.65,0.));
#10670=CARTESIAN_POINT('',(132.85,-59.65,0.));
#10671=CARTESIAN_POINT('',(134.15,-59.65,0.));
#10672=CARTESIAN_POINT('',(132.85,-60.4,0.));
#10673=CARTESIAN_POINT('',(132.85,-61.15,0.));
#10674=CARTESIAN_POINT('',(132.85,-61.15,0.));
#10675=CARTESIAN_POINT('',(134.15,-61.15,0.));
#10676=CARTESIAN_POINT('',(134.15,-60.4,0.));
#10677=CARTESIAN_POINT('',(140.5,-68.5,0.));
#10678=CARTESIAN_POINT('',(140.,-68.5,0.));
#10679=CARTESIAN_POINT('',(140.5,-63.5,0.));
#10680=CARTESIAN_POINT('',(140.,-63.5,0.));
#10681=CARTESIAN_POINT('',(146.,-62.,0.));
#10682=CARTESIAN_POINT('',(144.4,-62.,0.));
#10683=CARTESIAN_POINT('',(0.,0.,1.51));
#10684=CARTESIAN_POINT('',(76.,-57.,1.51));
#10685=CARTESIAN_POINT('',(80.,-150.5,1.51));
#10686=CARTESIAN_POINT('',(78.4,-150.5,1.51));
#10687=CARTESIAN_POINT('',(89.38,-139.,1.51));
#10688=CARTESIAN_POINT('',(88.98,-139.,1.51));
#10689=CARTESIAN_POINT('',(97.,-139.,1.51));
#10690=CARTESIAN_POINT('',(96.6,-139.,1.51));
#10691=CARTESIAN_POINT('',(101.38,-139.,1.51));
#10692=CARTESIAN_POINT('',(100.98,-139.,1.51));
#10693=CARTESIAN_POINT('',(109.,-139.,1.51));
#10694=CARTESIAN_POINT('',(108.6,-139.,1.51));
#10695=CARTESIAN_POINT('',(88.42,-127.58,1.51));
#10696=CARTESIAN_POINT('',(87.57,-127.58,1.51));
#10697=CARTESIAN_POINT('',(89.69,-125.04,1.51));
#10698=CARTESIAN_POINT('',(88.94,-125.04,1.51));
#10699=CARTESIAN_POINT('',(93.5,-127.58,1.51));
#10700=CARTESIAN_POINT('',(91.5,-127.58,1.51));
#10701=CARTESIAN_POINT('',(88.88,-116.5,1.51));
#10702=CARTESIAN_POINT('',(88.48,-116.5,1.51));
#10703=CARTESIAN_POINT('',(98.58,-127.58,1.51));
#10704=CARTESIAN_POINT('',(97.73,-127.58,1.51));
#10705=CARTESIAN_POINT('',(96.04,-122.5,1.51));
#10706=CARTESIAN_POINT('',(95.29,-122.5,1.51));
#10707=CARTESIAN_POINT('',(108.42,-127.5,1.51));
#10708=CARTESIAN_POINT('',(107.57,-127.5,1.51));
#10709=CARTESIAN_POINT('',(109.69,-124.96,1.51));
#10710=CARTESIAN_POINT('',(108.94,-124.96,1.51));
#10711=CARTESIAN_POINT('',(96.5,-116.5,1.51));
#10712=CARTESIAN_POINT('',(96.1,-116.5,1.51));
#10713=CARTESIAN_POINT('',(109.38,-116.5,1.51));
#10714=CARTESIAN_POINT('',(108.98,-116.5,1.51));
#10715=CARTESIAN_POINT('',(113.375,-152.12,1.51));
#10716=CARTESIAN_POINT('',(112.875,-152.12,1.51));
#10717=CARTESIAN_POINT('',(113.375,-149.58,1.51));
#10718=CARTESIAN_POINT('',(112.875,-149.58,1.51));
#10719=CARTESIAN_POINT('',(113.375,-147.04,1.51));
#10720=CARTESIAN_POINT('',(112.875,-147.04,1.51));
#10721=CARTESIAN_POINT('',(113.375,-144.5,1.51));
#10722=CARTESIAN_POINT('',(112.875,-144.5,1.51));
#10723=CARTESIAN_POINT('',(113.375,-141.96,1.51));
#10724=CARTESIAN_POINT('',(112.875,-141.96,1.51));
#10725=CARTESIAN_POINT('',(128.625,-152.12,1.51));
#10726=CARTESIAN_POINT('',(128.125,-152.12,1.51));
#10727=CARTESIAN_POINT('',(128.625,-149.58,1.51));
#10728=CARTESIAN_POINT('',(128.125,-149.58,1.51));
#10729=CARTESIAN_POINT('',(128.625,-147.04,1.51));
#10730=CARTESIAN_POINT('',(128.125,-147.04,1.51));
#10731=CARTESIAN_POINT('',(128.625,-144.5,1.51));
#10732=CARTESIAN_POINT('',(128.125,-144.5,1.51));
#10733=CARTESIAN_POINT('',(128.625,-141.96,1.51));
#10734=CARTESIAN_POINT('',(128.125,-141.96,1.51));
#10735=CARTESIAN_POINT('',(113.375,-139.42,1.51));
#10736=CARTESIAN_POINT('',(112.875,-139.42,1.51));
#10737=CARTESIAN_POINT('',(113.375,-136.88,1.51));
#10738=CARTESIAN_POINT('',(112.875,-136.88,1.51));
#10739=CARTESIAN_POINT('',(128.625,-139.42,1.51));
#10740=CARTESIAN_POINT('',(128.125,-139.42,1.51));
#10741=CARTESIAN_POINT('',(128.625,-136.88,1.51));
#10742=CARTESIAN_POINT('',(128.125,-136.88,1.51));
#10743=CARTESIAN_POINT('',(146.,-150.5,1.51));
#10744=CARTESIAN_POINT('',(144.4,-150.5,1.51));
#10745=CARTESIAN_POINT('',(132.69,-138.5,1.51));
#10746=CARTESIAN_POINT('',(132.29,-138.5,1.51));
#10747=CARTESIAN_POINT('',(140.31,-138.5,1.51));
#10748=CARTESIAN_POINT('',(139.91,-138.5,1.51));
#10749=CARTESIAN_POINT('',(113.5,-127.5,1.51));
#10750=CARTESIAN_POINT('',(111.5,-127.5,1.51));
#10751=CARTESIAN_POINT('',(118.58,-127.5,1.51));
#10752=CARTESIAN_POINT('',(117.73,-127.5,1.51));
#10753=CARTESIAN_POINT('',(116.04,-122.42,1.51));
#10754=CARTESIAN_POINT('',(115.29,-122.42,1.51));
#10755=CARTESIAN_POINT('',(129.34,-127.5,1.51));
#10756=CARTESIAN_POINT('',(128.49,-127.5,1.51));
#10757=CARTESIAN_POINT('',(117.,-116.5,1.51));
#10758=CARTESIAN_POINT('',(116.6,-116.5,1.51));
#10759=CARTESIAN_POINT('',(130.19,-116.5,1.51));
#10760=CARTESIAN_POINT('',(129.79,-116.5,1.51));
#10761=CARTESIAN_POINT('',(134.42,-127.5,1.51));
#10762=CARTESIAN_POINT('',(132.42,-127.5,1.51));
#10763=CARTESIAN_POINT('',(130.61,-124.96,1.51));
#10764=CARTESIAN_POINT('',(129.86,-124.96,1.51));
#10765=CARTESIAN_POINT('',(136.96,-122.42,1.51));
#10766=CARTESIAN_POINT('',(136.21,-122.42,1.51));
#10767=CARTESIAN_POINT('',(139.5,-127.5,1.51));
#10768=CARTESIAN_POINT('',(138.65,-127.5,1.51));
#10769=CARTESIAN_POINT('',(137.81,-116.5,1.51));
#10770=CARTESIAN_POINT('',(137.41,-116.5,1.51));
#10771=CARTESIAN_POINT('',(88.42,-105.5,1.51));
#10772=CARTESIAN_POINT('',(87.57,-105.5,1.51));
#10773=CARTESIAN_POINT('',(89.69,-102.96,1.51));
#10774=CARTESIAN_POINT('',(88.94,-102.96,1.51));
#10775=CARTESIAN_POINT('',(93.5,-105.5,1.51));
#10776=CARTESIAN_POINT('',(91.5,-105.5,1.51));
#10777=CARTESIAN_POINT('',(88.88,-94.5,1.51));
#10778=CARTESIAN_POINT('',(88.48,-94.5,1.51));
#10779=CARTESIAN_POINT('',(88.42,-83.5,1.51));
#10780=CARTESIAN_POINT('',(87.57,-83.5,1.51));
#10781=CARTESIAN_POINT('',(93.5,-83.5,1.51));
#10782=CARTESIAN_POINT('',(91.5,-83.5,1.51));
#10783=CARTESIAN_POINT('',(98.58,-105.5,1.51));
#10784=CARTESIAN_POINT('',(97.73,-105.5,1.51));
#10785=CARTESIAN_POINT('',(96.04,-100.42,1.51));
#10786=CARTESIAN_POINT('',(95.29,-100.42,1.51));
#10787=CARTESIAN_POINT('',(108.23,-105.54,1.51));
#10788=CARTESIAN_POINT('',(107.38,-105.54,1.51));
#10789=CARTESIAN_POINT('',(109.5,-103.,1.51));
#10790=CARTESIAN_POINT('',(108.75,-103.,1.51));
#10791=CARTESIAN_POINT('',(96.5,-94.5,1.51));
#10792=CARTESIAN_POINT('',(96.1,-94.5,1.51));
#10793=CARTESIAN_POINT('',(98.58,-83.5,1.51));
#10794=CARTESIAN_POINT('',(97.73,-83.5,1.51));
#10795=CARTESIAN_POINT('',(108.88,-94.5,1.51));
#10796=CARTESIAN_POINT('',(108.48,-94.5,1.51));
#10797=CARTESIAN_POINT('',(108.42,-83.5,1.51));
#10798=CARTESIAN_POINT('',(107.57,-83.5,1.51));
#10799=CARTESIAN_POINT('',(89.69,-80.96,1.51));
#10800=CARTESIAN_POINT('',(88.94,-80.96,1.51));
#10801=CARTESIAN_POINT('',(80.,-62.,1.51));
#10802=CARTESIAN_POINT('',(78.4,-62.,1.51));
#10803=CARTESIAN_POINT('',(96.04,-78.42,1.51));
#10804=CARTESIAN_POINT('',(95.29,-78.42,1.51));
#10805=CARTESIAN_POINT('',(109.69,-80.96,1.51));
#10806=CARTESIAN_POINT('',(108.94,-80.96,1.51));
#10807=CARTESIAN_POINT('',(113.31,-105.54,1.51));
#10808=CARTESIAN_POINT('',(111.31,-105.54,1.51));
#10809=CARTESIAN_POINT('',(115.85,-100.46,1.51));
#10810=CARTESIAN_POINT('',(115.1,-100.46,1.51));
#10811=CARTESIAN_POINT('',(118.39,-105.54,1.51));
#10812=CARTESIAN_POINT('',(117.54,-105.54,1.51));
#10813=CARTESIAN_POINT('',(128.42,-105.5,1.51));
#10814=CARTESIAN_POINT('',(127.57,-105.5,1.51));
#10815=CARTESIAN_POINT('',(129.69,-102.96,1.51));
#10816=CARTESIAN_POINT('',(128.94,-102.96,1.51));
#10817=CARTESIAN_POINT('',(116.5,-94.5,1.51));
#10818=CARTESIAN_POINT('',(116.1,-94.5,1.51));
#10819=CARTESIAN_POINT('',(113.5,-83.5,1.51));
#10820=CARTESIAN_POINT('',(111.5,-83.5,1.51));
#10821=CARTESIAN_POINT('',(118.58,-83.5,1.51));
#10822=CARTESIAN_POINT('',(117.73,-83.5,1.51));
#10823=CARTESIAN_POINT('',(129.38,-94.5,1.51));
#10824=CARTESIAN_POINT('',(128.98,-94.5,1.51));
#10825=CARTESIAN_POINT('',(128.42,-83.5,1.51));
#10826=CARTESIAN_POINT('',(127.57,-83.5,1.51));
#10827=CARTESIAN_POINT('',(133.5,-105.5,1.51));
#10828=CARTESIAN_POINT('',(131.5,-105.5,1.51));
#10829=CARTESIAN_POINT('',(138.58,-105.5,1.51));
#10830=CARTESIAN_POINT('',(137.73,-105.5,1.51));
#10831=CARTESIAN_POINT('',(136.04,-100.42,1.51));
#10832=CARTESIAN_POINT('',(135.29,-100.42,1.51));
#10833=CARTESIAN_POINT('',(137.,-94.5,1.51));
#10834=CARTESIAN_POINT('',(136.6,-94.5,1.51));
#10835=CARTESIAN_POINT('',(133.5,-83.5,1.51));
#10836=CARTESIAN_POINT('',(131.5,-83.5,1.51));
#10837=CARTESIAN_POINT('',(138.58,-83.5,1.51));
#10838=CARTESIAN_POINT('',(137.73,-83.5,1.51));
#10839=CARTESIAN_POINT('',(116.04,-78.42,1.51));
#10840=CARTESIAN_POINT('',(115.29,-78.42,1.51));
#10841=CARTESIAN_POINT('',(129.69,-80.96,1.51));
#10842=CARTESIAN_POINT('',(128.94,-80.96,1.51));
#10843=CARTESIAN_POINT('',(120.615,-70.425,1.51));
#10844=CARTESIAN_POINT('',(120.115,-70.425,1.51));
#10845=CARTESIAN_POINT('',(120.615,-67.885,1.51));
#10846=CARTESIAN_POINT('',(120.115,-67.885,1.51));
#10847=CARTESIAN_POINT('',(120.615,-65.345,1.51));
#10848=CARTESIAN_POINT('',(120.115,-65.345,1.51));
#10849=CARTESIAN_POINT('',(120.615,-62.805,1.51));
#10850=CARTESIAN_POINT('',(120.115,-62.805,1.51));
#10851=CARTESIAN_POINT('',(126.,-68.5,1.51));
#10852=CARTESIAN_POINT('',(125.5,-68.5,1.51));
#10853=CARTESIAN_POINT('',(126.,-66.,1.51));
#10854=CARTESIAN_POINT('',(125.5,-66.,1.51));
#10855=CARTESIAN_POINT('',(126.,-63.5,1.51));
#10856=CARTESIAN_POINT('',(125.5,-63.5,1.51));
#10857=CARTESIAN_POINT('',(136.04,-78.42,1.51));
#10858=CARTESIAN_POINT('',(135.29,-78.42,1.51));
#10859=CARTESIAN_POINT('',(134.15,-71.6,1.51));
#10860=CARTESIAN_POINT('',(134.15,-70.85,1.51));
#10861=CARTESIAN_POINT('',(134.15,-72.35,1.51));
#10862=CARTESIAN_POINT('',(0.,-72.35,1.51));
#10863=CARTESIAN_POINT('',(132.85,-72.35,1.51));
#10864=CARTESIAN_POINT('',(132.85,-71.6,1.51));
#10865=CARTESIAN_POINT('',(132.85,-70.85,1.51));
#10866=CARTESIAN_POINT('',(0.,-70.85,1.51));
#10867=CARTESIAN_POINT('',(134.15,-60.4,1.51));
#10868=CARTESIAN_POINT('',(134.15,-59.65,1.51));
#10869=CARTESIAN_POINT('',(134.15,-61.15,1.51));
#10870=CARTESIAN_POINT('',(0.,-61.15,1.51));
#10871=CARTESIAN_POINT('',(132.85,-61.15,1.51));
#10872=CARTESIAN_POINT('',(132.85,-60.4,1.51));
#10873=CARTESIAN_POINT('',(132.85,-59.65,1.51));
#10874=CARTESIAN_POINT('',(0.,-59.65,1.51));
#10875=CARTESIAN_POINT('',(140.5,-68.5,1.51));
#10876=CARTESIAN_POINT('',(140.,-68.5,1.51));
#10877=CARTESIAN_POINT('',(140.5,-63.5,1.51));
#10878=CARTESIAN_POINT('',(140.,-63.5,1.51));
#10879=CARTESIAN_POINT('',(146.,-62.,1.51));
#10880=CARTESIAN_POINT('',(144.4,-62.,1.51));
#10881=CARTESIAN_POINT('',(76.,-57.,0.));
#10882=CARTESIAN_POINT('',(80.,-150.5,-0.046));
#10883=CARTESIAN_POINT('',(89.38,-139.,-0.046));
#10884=CARTESIAN_POINT('',(97.,-139.,-0.046));
#10885=CARTESIAN_POINT('',(101.38,-139.,-0.046));
#10886=CARTESIAN_POINT('',(109.,-139.,-0.046));
#10887=CARTESIAN_POINT('',(88.42,-127.58,-0.046));
#10888=CARTESIAN_POINT('',(89.69,-125.04,-0.046));
#10889=CARTESIAN_POINT('',(93.5,-127.58,-0.046));
#10890=CARTESIAN_POINT('',(88.88,-116.5,-0.046));
#10891=CARTESIAN_POINT('',(98.58,-127.58,-0.046));
#10892=CARTESIAN_POINT('',(96.04,-122.5,-0.046));
#10893=CARTESIAN_POINT('',(108.42,-127.5,-0.046));
#10894=CARTESIAN_POINT('',(109.69,-124.96,-0.046));
#10895=CARTESIAN_POINT('',(96.5,-116.5,-0.046));
#10896=CARTESIAN_POINT('',(109.38,-116.5,-0.046));
#10897=CARTESIAN_POINT('',(113.375,-152.12,-0.046));
#10898=CARTESIAN_POINT('',(113.375,-149.58,-0.046));
#10899=CARTESIAN_POINT('',(113.375,-147.04,-0.046));
#10900=CARTESIAN_POINT('',(113.375,-144.5,-0.046));
#10901=CARTESIAN_POINT('',(113.375,-141.96,-0.046));
#10902=CARTESIAN_POINT('',(128.625,-152.12,-0.046));
#10903=CARTESIAN_POINT('',(128.625,-149.58,-0.046));
#10904=CARTESIAN_POINT('',(128.625,-147.04,-0.046));
#10905=CARTESIAN_POINT('',(128.625,-144.5,-0.046));
#10906=CARTESIAN_POINT('',(128.625,-141.96,-0.046));
#10907=CARTESIAN_POINT('',(113.375,-139.42,-0.046));
#10908=CARTESIAN_POINT('',(113.375,-136.88,-0.046));
#10909=CARTESIAN_POINT('',(128.625,-139.42,-0.046));
#10910=CARTESIAN_POINT('',(128.625,-136.88,-0.046));
#10911=CARTESIAN_POINT('',(146.,-150.5,-0.046));
#10912=CARTESIAN_POINT('',(132.69,-138.5,-0.046));
#10913=CARTESIAN_POINT('',(140.31,-138.5,-0.046));
#10914=CARTESIAN_POINT('',(113.5,-127.5,-0.046));
#10915=CARTESIAN_POINT('',(118.58,-127.5,-0.046));
#10916=CARTESIAN_POINT('',(116.04,-122.42,-0.046));
#10917=CARTESIAN_POINT('',(129.34,-127.5,-0.046));
#10918=CARTESIAN_POINT('',(117.,-116.5,-0.046));
#10919=CARTESIAN_POINT('',(130.19,-116.5,-0.046));
#10920=CARTESIAN_POINT('',(134.42,-127.5,-0.046));
#10921=CARTESIAN_POINT('',(130.61,-124.96,-0.046));
#10922=CARTESIAN_POINT('',(136.96,-122.42,-0.046));
#10923=CARTESIAN_POINT('',(139.5,-127.5,-0.046));
#10924=CARTESIAN_POINT('',(137.81,-116.5,-0.046));
#10925=CARTESIAN_POINT('',(88.42,-105.5,-0.046));
#10926=CARTESIAN_POINT('',(89.69,-102.96,-0.046));
#10927=CARTESIAN_POINT('',(93.5,-105.5,-0.046));
#10928=CARTESIAN_POINT('',(88.88,-94.5,-0.046));
#10929=CARTESIAN_POINT('',(88.42,-83.5,-0.046));
#10930=CARTESIAN_POINT('',(93.5,-83.5,-0.046));
#10931=CARTESIAN_POINT('',(98.58,-105.5,-0.046));
#10932=CARTESIAN_POINT('',(96.04,-100.42,-0.046));
#10933=CARTESIAN_POINT('',(108.23,-105.54,-0.046));
#10934=CARTESIAN_POINT('',(109.5,-103.,-0.046));
#10935=CARTESIAN_POINT('',(96.5,-94.5,-0.046));
#10936=CARTESIAN_POINT('',(98.58,-83.5,-0.046));
#10937=CARTESIAN_POINT('',(108.88,-94.5,-0.046));
#10938=CARTESIAN_POINT('',(108.42,-83.5,-0.046));
#10939=CARTESIAN_POINT('',(89.69,-80.96,-0.046));
#10940=CARTESIAN_POINT('',(80.,-62.,-0.046));
#10941=CARTESIAN_POINT('',(96.04,-78.42,-0.046));
#10942=CARTESIAN_POINT('',(109.69,-80.96,-0.046));
#10943=CARTESIAN_POINT('',(113.31,-105.54,-0.046));
#10944=CARTESIAN_POINT('',(115.85,-100.46,-0.046));
#10945=CARTESIAN_POINT('',(118.39,-105.54,-0.046));
#10946=CARTESIAN_POINT('',(128.42,-105.5,-0.046));
#10947=CARTESIAN_POINT('',(129.69,-102.96,-0.046));
#10948=CARTESIAN_POINT('',(116.5,-94.5,-0.046));
#10949=CARTESIAN_POINT('',(113.5,-83.5,-0.046));
#10950=CARTESIAN_POINT('',(118.58,-83.5,-0.046));
#10951=CARTESIAN_POINT('',(129.38,-94.5,-0.046));
#10952=CARTESIAN_POINT('',(128.42,-83.5,-0.046));
#10953=CARTESIAN_POINT('',(133.5,-105.5,-0.046));
#10954=CARTESIAN_POINT('',(138.58,-105.5,-0.046));
#10955=CARTESIAN_POINT('',(136.04,-100.42,-0.046));
#10956=CARTESIAN_POINT('',(137.,-94.5,-0.046));
#10957=CARTESIAN_POINT('',(133.5,-83.5,-0.046));
#10958=CARTESIAN_POINT('',(138.58,-83.5,-0.046));
#10959=CARTESIAN_POINT('',(116.04,-78.42,-0.046));
#10960=CARTESIAN_POINT('',(129.69,-80.96,-0.046));
#10961=CARTESIAN_POINT('',(120.615,-70.425,-0.046));
#10962=CARTESIAN_POINT('',(120.615,-67.885,-0.046));
#10963=CARTESIAN_POINT('',(120.615,-65.345,-0.046));
#10964=CARTESIAN_POINT('',(120.615,-62.805,-0.046));
#10965=CARTESIAN_POINT('',(126.,-68.5,-0.046));
#10966=CARTESIAN_POINT('',(126.,-66.,-0.046));
#10967=CARTESIAN_POINT('',(126.,-63.5,-0.046));
#10968=CARTESIAN_POINT('',(136.04,-78.42,-0.046));
#10969=CARTESIAN_POINT('',(134.15,-71.6,-0.046));
#10970=CARTESIAN_POINT('',(134.15,-72.35,-0.046));
#10971=CARTESIAN_POINT('',(134.15,-70.85,-0.046));
#10972=CARTESIAN_POINT('',(134.15,-70.85,-0.046));
#10973=CARTESIAN_POINT('',(132.85,-70.85,-0.046));
#10974=CARTESIAN_POINT('',(132.85,-71.6,-0.046));
#10975=CARTESIAN_POINT('',(132.85,-72.35,-0.046));
#10976=CARTESIAN_POINT('',(132.85,-72.35,-0.046));
#10977=CARTESIAN_POINT('',(134.15,-60.4,-0.046));
#10978=CARTESIAN_POINT('',(134.15,-61.15,-0.046));
#10979=CARTESIAN_POINT('',(134.15,-59.65,-0.046));
#10980=CARTESIAN_POINT('',(134.15,-59.65,-0.046));
#10981=CARTESIAN_POINT('',(132.85,-59.65,-0.046));
#10982=CARTESIAN_POINT('',(132.85,-60.4,-0.046));
#10983=CARTESIAN_POINT('',(132.85,-61.15,-0.046));
#10984=CARTESIAN_POINT('',(132.85,-61.15,-0.046));
#10985=CARTESIAN_POINT('',(140.5,-68.5,-0.046));
#10986=CARTESIAN_POINT('',(140.5,-63.5,-0.046));
#10987=CARTESIAN_POINT('',(146.,-62.,-0.046));
#10988=MECHANICAL_DESIGN_GEOMETRIC_PRESENTATION_REPRESENTATION('',(#6541),
#11000);
#10989=MECHANICAL_DESIGN_GEOMETRIC_PRESENTATION_REPRESENTATION('',(#6542),
#11001);
#10990=MECHANICAL_DESIGN_GEOMETRIC_PRESENTATION_REPRESENTATION('',(#6543),
#11002);
#10991=MECHANICAL_DESIGN_GEOMETRIC_PRESENTATION_REPRESENTATION('',(#6544),
#11003);
#10992=MECHANICAL_DESIGN_GEOMETRIC_PRESENTATION_REPRESENTATION('',(#6545),
#11004);
#10993=MECHANICAL_DESIGN_GEOMETRIC_PRESENTATION_REPRESENTATION('',(#6546),
#11005);
#10994=MECHANICAL_DESIGN_GEOMETRIC_PRESENTATION_REPRESENTATION('',(#6547),
#11006);
#10995=MECHANICAL_DESIGN_GEOMETRIC_PRESENTATION_REPRESENTATION('',(#6548),
#11007);
#10996=MECHANICAL_DESIGN_GEOMETRIC_PRESENTATION_REPRESENTATION('',(#6549),
#11008);
#10997=MECHANICAL_DESIGN_GEOMETRIC_PRESENTATION_REPRESENTATION('',(#6550),
#11009);
#10998=MECHANICAL_DESIGN_GEOMETRIC_PRESENTATION_REPRESENTATION('',(#6551),
#11010);
#10999=MECHANICAL_DESIGN_GEOMETRIC_PRESENTATION_REPRESENTATION('',(#6552),
#11011);
#11000=(
GEOMETRIC_REPRESENTATION_CONTEXT(3)
GLOBAL_UNCERTAINTY_ASSIGNED_CONTEXT((#11012))
GLOBAL_UNIT_ASSIGNED_CONTEXT((#11048,#11036,#11024))
REPRESENTATION_CONTEXT('Part 203','TOP_LEVEL_ASSEMBLY_PART')
);
#11001=(
GEOMETRIC_REPRESENTATION_CONTEXT(3)
GLOBAL_UNCERTAINTY_ASSIGNED_CONTEXT((#11013))
GLOBAL_UNIT_ASSIGNED_CONTEXT((#11049,#11037,#11025))
REPRESENTATION_CONTEXT('Part 212','TOP_LEVEL_ASSEMBLY_PART')
);
#11002=(
GEOMETRIC_REPRESENTATION_CONTEXT(3)
GLOBAL_UNCERTAINTY_ASSIGNED_CONTEXT((#11014))
GLOBAL_UNIT_ASSIGNED_CONTEXT((#11050,#11038,#11026))
REPRESENTATION_CONTEXT('Part 211','TOP_LEVEL_ASSEMBLY_PART')
);
#11003=(
GEOMETRIC_REPRESENTATION_CONTEXT(3)
GLOBAL_UNCERTAINTY_ASSIGNED_CONTEXT((#11015))
GLOBAL_UNIT_ASSIGNED_CONTEXT((#11051,#11039,#11027))
REPRESENTATION_CONTEXT('Part 210','TOP_LEVEL_ASSEMBLY_PART')
);
#11004=(
GEOMETRIC_REPRESENTATION_CONTEXT(3)
GLOBAL_UNCERTAINTY_ASSIGNED_CONTEXT((#11016))
GLOBAL_UNIT_ASSIGNED_CONTEXT((#11052,#11040,#11028))
REPRESENTATION_CONTEXT('Part 209','TOP_LEVEL_ASSEMBLY_PART')
);
#11005=(
GEOMETRIC_REPRESENTATION_CONTEXT(3)
GLOBAL_UNCERTAINTY_ASSIGNED_CONTEXT((#11017))
GLOBAL_UNIT_ASSIGNED_CONTEXT((#11053,#11041,#11029))
REPRESENTATION_CONTEXT('Part 208','TOP_LEVEL_ASSEMBLY_PART')
);
#11006=(
GEOMETRIC_REPRESENTATION_CONTEXT(3)
GLOBAL_UNCERTAINTY_ASSIGNED_CONTEXT((#11018))
GLOBAL_UNIT_ASSIGNED_CONTEXT((#11054,#11042,#11030))
REPRESENTATION_CONTEXT('Part 207','TOP_LEVEL_ASSEMBLY_PART')
);
#11007=(
GEOMETRIC_REPRESENTATION_CONTEXT(3)
GLOBAL_UNCERTAINTY_ASSIGNED_CONTEXT((#11019))
GLOBAL_UNIT_ASSIGNED_CONTEXT((#11055,#11043,#11031))
REPRESENTATION_CONTEXT('Part 206','TOP_LEVEL_ASSEMBLY_PART')
);
#11008=(
GEOMETRIC_REPRESENTATION_CONTEXT(3)
GLOBAL_UNCERTAINTY_ASSIGNED_CONTEXT((#11020))
GLOBAL_UNIT_ASSIGNED_CONTEXT((#11056,#11044,#11032))
REPRESENTATION_CONTEXT('Part 205','TOP_LEVEL_ASSEMBLY_PART')
);
#11009=(
GEOMETRIC_REPRESENTATION_CONTEXT(3)
GLOBAL_UNCERTAINTY_ASSIGNED_CONTEXT((#11021))
GLOBAL_UNIT_ASSIGNED_CONTEXT((#11057,#11045,#11033))
REPRESENTATION_CONTEXT('Part 204','TOP_LEVEL_ASSEMBLY_PART')
);
#11010=(
GEOMETRIC_REPRESENTATION_CONTEXT(3)
GLOBAL_UNCERTAINTY_ASSIGNED_CONTEXT((#11022))
GLOBAL_UNIT_ASSIGNED_CONTEXT((#11058,#11046,#11034))
REPRESENTATION_CONTEXT('Part 202','TOP_LEVEL_ASSEMBLY_PART')
);
#11011=(
GEOMETRIC_REPRESENTATION_CONTEXT(3)
GLOBAL_UNCERTAINTY_ASSIGNED_CONTEXT((#11023))
GLOBAL_UNIT_ASSIGNED_CONTEXT((#11059,#11047,#11035))
REPRESENTATION_CONTEXT('AfterEffectsMacropad-unsaved-export-KeuIc4_PCB',
'TOP_LEVEL_ASSEMBLY_PART')
);
#11012=UNCERTAINTY_MEASURE_WITH_UNIT(LENGTH_MEASURE(1.E-5),#11048,
'DISTANCE_ACCURACY_VALUE','Maximum Tolerance applied to model');
#11013=UNCERTAINTY_MEASURE_WITH_UNIT(LENGTH_MEASURE(1.E-5),#11049,
'DISTANCE_ACCURACY_VALUE','Maximum Tolerance applied to model');
#11014=UNCERTAINTY_MEASURE_WITH_UNIT(LENGTH_MEASURE(1.E-5),#11050,
'DISTANCE_ACCURACY_VALUE','Maximum Tolerance applied to model');
#11015=UNCERTAINTY_MEASURE_WITH_UNIT(LENGTH_MEASURE(1.E-5),#11051,
'DISTANCE_ACCURACY_VALUE','Maximum Tolerance applied to model');
#11016=UNCERTAINTY_MEASURE_WITH_UNIT(LENGTH_MEASURE(1.E-5),#11052,
'DISTANCE_ACCURACY_VALUE','Maximum Tolerance applied to model');
#11017=UNCERTAINTY_MEASURE_WITH_UNIT(LENGTH_MEASURE(1.E-5),#11053,
'DISTANCE_ACCURACY_VALUE','Maximum Tolerance applied to model');
#11018=UNCERTAINTY_MEASURE_WITH_UNIT(LENGTH_MEASURE(1.E-5),#11054,
'DISTANCE_ACCURACY_VALUE','Maximum Tolerance applied to model');
#11019=UNCERTAINTY_MEASURE_WITH_UNIT(LENGTH_MEASURE(1.E-5),#11055,
'DISTANCE_ACCURACY_VALUE','Maximum Tolerance applied to model');
#11020=UNCERTAINTY_MEASURE_WITH_UNIT(LENGTH_MEASURE(1.E-5),#11056,
'DISTANCE_ACCURACY_VALUE','Maximum Tolerance applied to model');
#11021=UNCERTAINTY_MEASURE_WITH_UNIT(LENGTH_MEASURE(1.E-5),#11057,
'DISTANCE_ACCURACY_VALUE','Maximum Tolerance applied to model');
#11022=UNCERTAINTY_MEASURE_WITH_UNIT(LENGTH_MEASURE(1.E-5),#11058,
'DISTANCE_ACCURACY_VALUE','Maximum Tolerance applied to model');
#11023=UNCERTAINTY_MEASURE_WITH_UNIT(LENGTH_MEASURE(1.E-5),#11059,
'DISTANCE_ACCURACY_VALUE','Maximum Tolerance applied to model');
#11024=(
NAMED_UNIT(*)
SI_UNIT($,.STERADIAN.)
SOLID_ANGLE_UNIT()
);
#11025=(
NAMED_UNIT(*)
SI_UNIT($,.STERADIAN.)
SOLID_ANGLE_UNIT()
);
#11026=(
NAMED_UNIT(*)
SI_UNIT($,.STERADIAN.)
SOLID_ANGLE_UNIT()
);
#11027=(
NAMED_UNIT(*)
SI_UNIT($,.STERADIAN.)
SOLID_ANGLE_UNIT()
);
#11028=(
NAMED_UNIT(*)
SI_UNIT($,.STERADIAN.)
SOLID_ANGLE_UNIT()
);
#11029=(
NAMED_UNIT(*)
SI_UNIT($,.STERADIAN.)
SOLID_ANGLE_UNIT()
);
#11030=(
NAMED_UNIT(*)
SI_UNIT($,.STERADIAN.)
SOLID_ANGLE_UNIT()
);
#11031=(
NAMED_UNIT(*)
SI_UNIT($,.STERADIAN.)
SOLID_ANGLE_UNIT()
);
#11032=(
NAMED_UNIT(*)
SI_UNIT($,.STERADIAN.)
SOLID_ANGLE_UNIT()
);
#11033=(
NAMED_UNIT(*)
SI_UNIT($,.STERADIAN.)
SOLID_ANGLE_UNIT()
);
#11034=(
NAMED_UNIT(*)
SI_UNIT($,.STERADIAN.)
SOLID_ANGLE_UNIT()
);
#11035=(
NAMED_UNIT(*)
SI_UNIT($,.STERADIAN.)
SOLID_ANGLE_UNIT()
);
#11036=(
NAMED_UNIT(*)
PLANE_ANGLE_UNIT()
SI_UNIT($,.RADIAN.)
);
#11037=(
NAMED_UNIT(*)
PLANE_ANGLE_UNIT()
SI_UNIT($,.RADIAN.)
);
#11038=(
NAMED_UNIT(*)
PLANE_ANGLE_UNIT()
SI_UNIT($,.RADIAN.)
);
#11039=(
NAMED_UNIT(*)
PLANE_ANGLE_UNIT()
SI_UNIT($,.RADIAN.)
);
#11040=(
NAMED_UNIT(*)
PLANE_ANGLE_UNIT()
SI_UNIT($,.RADIAN.)
);
#11041=(
NAMED_UNIT(*)
PLANE_ANGLE_UNIT()
SI_UNIT($,.RADIAN.)
);
#11042=(
NAMED_UNIT(*)
PLANE_ANGLE_UNIT()
SI_UNIT($,.RADIAN.)
);
#11043=(
NAMED_UNIT(*)
PLANE_ANGLE_UNIT()
SI_UNIT($,.RADIAN.)
);
#11044=(
NAMED_UNIT(*)
PLANE_ANGLE_UNIT()
SI_UNIT($,.RADIAN.)
);
#11045=(
NAMED_UNIT(*)
PLANE_ANGLE_UNIT()
SI_UNIT($,.RADIAN.)
);
#11046=(
NAMED_UNIT(*)
PLANE_ANGLE_UNIT()
SI_UNIT($,.RADIAN.)
);
#11047=(
NAMED_UNIT(*)
PLANE_ANGLE_UNIT()
SI_UNIT($,.RADIAN.)
);
#11048=(
LENGTH_UNIT()
NAMED_UNIT(*)
SI_UNIT(.MILLI.,.METRE.)
);
#11049=(
LENGTH_UNIT()
NAMED_UNIT(*)
SI_UNIT(.MILLI.,.METRE.)
);
#11050=(
LENGTH_UNIT()
NAMED_UNIT(*)
SI_UNIT(.MILLI.,.METRE.)
);
#11051=(
LENGTH_UNIT()
NAMED_UNIT(*)
SI_UNIT(.MILLI.,.METRE.)
);
#11052=(
LENGTH_UNIT()
NAMED_UNIT(*)
SI_UNIT(.MILLI.,.METRE.)
);
#11053=(
LENGTH_UNIT()
NAMED_UNIT(*)
SI_UNIT(.MILLI.,.METRE.)
);
#11054=(
LENGTH_UNIT()
NAMED_UNIT(*)
SI_UNIT(.MILLI.,.METRE.)
);
#11055=(
LENGTH_UNIT()
NAMED_UNIT(*)
SI_UNIT(.MILLI.,.METRE.)
);
#11056=(
LENGTH_UNIT()
NAMED_UNIT(*)
SI_UNIT(.MILLI.,.METRE.)
);
#11057=(
LENGTH_UNIT()
NAMED_UNIT(*)
SI_UNIT(.MILLI.,.METRE.)
);
#11058=(
LENGTH_UNIT()
NAMED_UNIT(*)
SI_UNIT(.MILLI.,.METRE.)
);
#11059=(
LENGTH_UNIT()
NAMED_UNIT(*)
SI_UNIT(.MILLI.,.METRE.)
);
#11060=PRODUCT_DEFINITION_SHAPE('','',#11072);
#11061=PRODUCT_DEFINITION_SHAPE('','',#11073);
#11062=PRODUCT_DEFINITION_SHAPE('','',#11074);
#11063=PRODUCT_DEFINITION_SHAPE('','',#11075);
#11064=PRODUCT_DEFINITION_SHAPE('','',#11076);
#11065=PRODUCT_DEFINITION_SHAPE('','',#11077);
#11066=PRODUCT_DEFINITION_SHAPE('','',#11078);
#11067=PRODUCT_DEFINITION_SHAPE('','',#11079);
#11068=PRODUCT_DEFINITION_SHAPE('','',#11080);
#11069=PRODUCT_DEFINITION_SHAPE('','',#11081);
#11070=PRODUCT_DEFINITION_SHAPE('','',#11082);
#11071=PRODUCT_DEFINITION_SHAPE('','',#11083);
#11072=PRODUCT_DEFINITION('','',#11096,#11084);
#11073=PRODUCT_DEFINITION('','',#11097,#11085);
#11074=PRODUCT_DEFINITION('','',#11098,#11086);
#11075=PRODUCT_DEFINITION('','',#11099,#11087);
#11076=PRODUCT_DEFINITION('','',#11100,#11088);
#11077=PRODUCT_DEFINITION('','',#11101,#11089);
#11078=PRODUCT_DEFINITION('','',#11102,#11090);
#11079=PRODUCT_DEFINITION('','',#11103,#11091);
#11080=PRODUCT_DEFINITION('','',#11104,#11092);
#11081=PRODUCT_DEFINITION('','',#11105,#11093);
#11082=PRODUCT_DEFINITION('','',#11106,#11094);
#11083=PRODUCT_DEFINITION('','',#11107,#11095);
#11084=PRODUCT_DEFINITION_CONTEXT('',#11168,'design');
#11085=PRODUCT_DEFINITION_CONTEXT('',#11169,'design');
#11086=PRODUCT_DEFINITION_CONTEXT('',#11170,'design');
#11087=PRODUCT_DEFINITION_CONTEXT('',#11171,'design');
#11088=PRODUCT_DEFINITION_CONTEXT('',#11172,'design');
#11089=PRODUCT_DEFINITION_CONTEXT('',#11173,'design');
#11090=PRODUCT_DEFINITION_CONTEXT('',#11174,'design');
#11091=PRODUCT_DEFINITION_CONTEXT('',#11175,'design');
#11092=PRODUCT_DEFINITION_CONTEXT('',#11176,'design');
#11093=PRODUCT_DEFINITION_CONTEXT('',#11177,'design');
#11094=PRODUCT_DEFINITION_CONTEXT('',#11178,'design');
#11095=PRODUCT_DEFINITION_CONTEXT('',#11179,'design');
#11096=PRODUCT_DEFINITION_FORMATION_WITH_SPECIFIED_SOURCE('','',#11120,
 .NOT_KNOWN.);
#11097=PRODUCT_DEFINITION_FORMATION_WITH_SPECIFIED_SOURCE('','',#11121,
 .NOT_KNOWN.);
#11098=PRODUCT_DEFINITION_FORMATION_WITH_SPECIFIED_SOURCE('','',#11122,
 .NOT_KNOWN.);
#11099=PRODUCT_DEFINITION_FORMATION_WITH_SPECIFIED_SOURCE('','',#11123,
 .NOT_KNOWN.);
#11100=PRODUCT_DEFINITION_FORMATION_WITH_SPECIFIED_SOURCE('','',#11124,
 .NOT_KNOWN.);
#11101=PRODUCT_DEFINITION_FORMATION_WITH_SPECIFIED_SOURCE('','',#11125,
 .NOT_KNOWN.);
#11102=PRODUCT_DEFINITION_FORMATION_WITH_SPECIFIED_SOURCE('','',#11126,
 .NOT_KNOWN.);
#11103=PRODUCT_DEFINITION_FORMATION_WITH_SPECIFIED_SOURCE('','',#11127,
 .NOT_KNOWN.);
#11104=PRODUCT_DEFINITION_FORMATION_WITH_SPECIFIED_SOURCE('','',#11128,
 .NOT_KNOWN.);
#11105=PRODUCT_DEFINITION_FORMATION_WITH_SPECIFIED_SOURCE('','',#11129,
 .NOT_KNOWN.);
#11106=PRODUCT_DEFINITION_FORMATION_WITH_SPECIFIED_SOURCE('','',#11130,
 .NOT_KNOWN.);
#11107=PRODUCT_DEFINITION_FORMATION_WITH_SPECIFIED_SOURCE('','',#11131,
 .NOT_KNOWN.);
#11108=PRODUCT_RELATED_PRODUCT_CATEGORY('','',(#11120));
#11109=PRODUCT_RELATED_PRODUCT_CATEGORY('','',(#11121));
#11110=PRODUCT_RELATED_PRODUCT_CATEGORY('','',(#11122));
#11111=PRODUCT_RELATED_PRODUCT_CATEGORY('','',(#11123));
#11112=PRODUCT_RELATED_PRODUCT_CATEGORY('','',(#11124));
#11113=PRODUCT_RELATED_PRODUCT_CATEGORY('','',(#11125));
#11114=PRODUCT_RELATED_PRODUCT_CATEGORY('','',(#11126));
#11115=PRODUCT_RELATED_PRODUCT_CATEGORY('','',(#11127));
#11116=PRODUCT_RELATED_PRODUCT_CATEGORY('','',(#11128));
#11117=PRODUCT_RELATED_PRODUCT_CATEGORY('','',(#11129));
#11118=PRODUCT_RELATED_PRODUCT_CATEGORY('','',(#11130));
#11119=PRODUCT_RELATED_PRODUCT_CATEGORY('','',(#11131));
#11120=PRODUCT('Part 203','Part 203','Part 203',(#11144));
#11121=PRODUCT('Part 212','Part 212','Part 212',(#11145));
#11122=PRODUCT('Part 211','Part 211','Part 211',(#11146));
#11123=PRODUCT('Part 210','Part 210','Part 210',(#11147));
#11124=PRODUCT('Part 209','Part 209','Part 209',(#11148));
#11125=PRODUCT('Part 208','Part 208','Part 208',(#11149));
#11126=PRODUCT('Part 207','Part 207','Part 207',(#11150));
#11127=PRODUCT('Part 206','Part 206','Part 206',(#11151));
#11128=PRODUCT('Part 205','Part 205','Part 205',(#11152));
#11129=PRODUCT('Part 204','Part 204','Part 204',(#11153));
#11130=PRODUCT('Part 202','Part 202','Part 202',(#11154));
#11131=PRODUCT('AfterEffectsMacropad-unsaved-export-KeuIc4_PCB',
'AfterEffectsMacropad-unsaved-export-KeuIc4_PCB',
'AfterEffectsMacropad-unsaved-export-KeuIc4_PCB',(#11155));
#11132=PRODUCT_CATEGORY('','');
#11133=PRODUCT_CATEGORY('','');
#11134=PRODUCT_CATEGORY('','');
#11135=PRODUCT_CATEGORY('','');
#11136=PRODUCT_CATEGORY('','');
#11137=PRODUCT_CATEGORY('','');
#11138=PRODUCT_CATEGORY('','');
#11139=PRODUCT_CATEGORY('','');
#11140=PRODUCT_CATEGORY('','');
#11141=PRODUCT_CATEGORY('','');
#11142=PRODUCT_CATEGORY('','');
#11143=PRODUCT_CATEGORY('','');
#11144=PRODUCT_CONTEXT('',#11168,'mechanical');
#11145=PRODUCT_CONTEXT('',#11169,'mechanical');
#11146=PRODUCT_CONTEXT('',#11170,'mechanical');
#11147=PRODUCT_CONTEXT('',#11171,'mechanical');
#11148=PRODUCT_CONTEXT('',#11172,'mechanical');
#11149=PRODUCT_CONTEXT('',#11173,'mechanical');
#11150=PRODUCT_CONTEXT('',#11174,'mechanical');
#11151=PRODUCT_CONTEXT('',#11175,'mechanical');
#11152=PRODUCT_CONTEXT('',#11176,'mechanical');
#11153=PRODUCT_CONTEXT('',#11177,'mechanical');
#11154=PRODUCT_CONTEXT('',#11178,'mechanical');
#11155=PRODUCT_CONTEXT('',#11179,'mechanical');
#11156=APPLICATION_PROTOCOL_DEFINITION('international standard',
'ap242_managed_model_based_3d_engineering',2020,#11168);
#11157=APPLICATION_PROTOCOL_DEFINITION('international standard',
'ap242_managed_model_based_3d_engineering',2020,#11169);
#11158=APPLICATION_PROTOCOL_DEFINITION('international standard',
'ap242_managed_model_based_3d_engineering',2020,#11170);
#11159=APPLICATION_PROTOCOL_DEFINITION('international standard',
'ap242_managed_model_based_3d_engineering',2020,#11171);
#11160=APPLICATION_PROTOCOL_DEFINITION('international standard',
'ap242_managed_model_based_3d_engineering',2020,#11172);
#11161=APPLICATION_PROTOCOL_DEFINITION('international standard',
'ap242_managed_model_based_3d_engineering',2020,#11173);
#11162=APPLICATION_PROTOCOL_DEFINITION('international standard',
'ap242_managed_model_based_3d_engineering',2020,#11174);
#11163=APPLICATION_PROTOCOL_DEFINITION('international standard',
'ap242_managed_model_based_3d_engineering',2020,#11175);
#11164=APPLICATION_PROTOCOL_DEFINITION('international standard',
'ap242_managed_model_based_3d_engineering',2020,#11176);
#11165=APPLICATION_PROTOCOL_DEFINITION('international standard',
'ap242_managed_model_based_3d_engineering',2020,#11177);
#11166=APPLICATION_PROTOCOL_DEFINITION('international standard',
'ap242_managed_model_based_3d_engineering',2020,#11178);
#11167=APPLICATION_PROTOCOL_DEFINITION('international standard',
'ap242_managed_model_based_3d_engineering',2020,#11179);
#11168=APPLICATION_CONTEXT('managed model based 3d engineering');
#11169=APPLICATION_CONTEXT('managed model based 3d engineering');
#11170=APPLICATION_CONTEXT('managed model based 3d engineering');
#11171=APPLICATION_CONTEXT('managed model based 3d engineering');
#11172=APPLICATION_CONTEXT('managed model based 3d engineering');
#11173=APPLICATION_CONTEXT('managed model based 3d engineering');
#11174=APPLICATION_CONTEXT('managed model based 3d engineering');
#11175=APPLICATION_CONTEXT('managed model based 3d engineering');
#11176=APPLICATION_CONTEXT('managed model based 3d engineering');
#11177=APPLICATION_CONTEXT('managed model based 3d engineering');
#11178=APPLICATION_CONTEXT('managed model based 3d engineering');
#11179=APPLICATION_CONTEXT('managed model based 3d engineering');
ENDSEC;
END-ISO-10303-21;
